{"name": "Third Tetralogy", "author": "Antiphon", "numBooks": 1, "booksRaw": [{"bookNumber": 1, "bookText": "<?xml version=\"1.0\" encoding=\"utf-8\"?>\n<TEI.2><text><body><div1 decls=\"gen.forensic.tetralogy\" type=\"speech\" n=\"4\" org=\"uniform\" sample=\"complete\"><div2 type=\"tetralogy\" n=\"1\" org=\"uniform\" sample=\"complete\">\n\t\t\t\t<head>\u039a\u03b1\u03c4\u03b7\u03b3\u03bf\u03c1\u03af\u03b1 \u03c6\u03cc\u03bd\u03bf\u03c5</head>\n\t\t\t\t<milestone n=\"1\" unit=\"section\" />\n\t\t\t\t<p>\u03bd\u03b5\u03bd\u03cc\u03bc\u03b9\u03c3\u03c4\u03b1\u03b9 \u03bc\u1f72\u03bd \u1f40\u03c1\u03b8\u1ff6\u03c2 \u03c4\u1f70\u03c2 \u03c6\u03bf\u03bd\u03b9\u03ba\u1f70\u03c2 \u03b4\u03af\u03ba\u03b1\u03c2 \u03c0\u03b5\u03c1\u1f76 \u03c0\u03bb\u03b5\u03af\u03c3\u03c4\u03bf\u03c5 \u03c4\u03bf\u1f7a\u03c2 \u03ba\u03c1\u03af\u03bd\u03bf\u03bd\u03c4\u03b1\u03c2 \u03c0\u03bf\u03b9\u03b5\u1fd6\u03c3\u03b8\u03b1\u03b9 \u03b4\u03b9\u03ce\u03ba\u03b5\u03b9\u03bd \u03c4\u03b5 \u03ba\u03b1\u1f76 \u03bc\u03b1\u03c1\u03c4\u03c5\u03c1\u03b5\u1fd6\u03bd \u03ba\u03b1\u03c4\u1f70 \u03c4\u1f78 \u03b4\u03af\u03ba\u03b1\u03b9\u03bf\u03bd, \u03bc\u03ae\u03c4\u03b5 \u03c4\u03bf\u1f7a\u03c2 \u1f10\u03bd\u03cc\u03c7\u03bf\u03c5\u03c2 \u1f00\u03c6\u03b9\u03ad\u03bd\u03c4\u03b1\u03c2 \u03bc\u03ae\u03c4\u03b5 \u03c4\u03bf\u1f7a\u03c2 \u03ba\u03b1\u03b8\u03b1\u03c1\u03bf\u1f7a\u03c2 \u03b5\u1f30\u03c2 \u1f00\u03b3\u1ff6\u03bd\u03b1 \u03ba\u03b1\u03b8\u03b9\u03c3\u03c4\u03ac\u03bd\u03c4\u03b1\u03c2.\n\t\t\t\t\t<milestone n=\"2\" unit=\"section\" />\u1f45\u03c4\u03b5<note anchored=\"yes\" lang=\"la\" resp=\"ed\" place=\"unspecified\"><foreign lang=\"greek\">\u1f45\u03c4\u03b5</foreign> Spengel: <foreign lang=\"greek\">\u1f45 \u03c4\u03b5</foreign> codd.</note> \u03b3\u1f70\u03c1 &lt;\u1f41&gt;<note anchored=\"yes\" lang=\"la\" resp=\"ed\" place=\"unspecified\"><foreign lang=\"greek\">\u1f41</foreign> add. Thalheim, coll.  3, b. 7, 8.</note> \u03b8\u03b5\u1f78\u03c2 \u03b2\u03bf\u03c5\u03bb\u03cc\u03bc\u03b5\u03bd\u03bf\u03c2 \u03c0\u03bf\u03b9\u1fc6\u03c3\u03b1\u03b9 \u03c4\u1f78 \u1f00\u03bd\u03b8\u03c1\u03ce\u03c0\u03b9\u03bd\u03bf\u03bd \u03c6\u1fe6\u03bb\u03bf\u03bd<note anchored=\"yes\" lang=\"la\" resp=\"ed\" place=\"unspecified\"><foreign lang=\"greek\">\u03c6\u1fe6\u03bb\u03bf\u03bd \u039d: \u03b3\u03ad\u03bd\u03bf\u03c2 \u0391.</foreign></note> \u03c4\u03bf\u1f7a\u03c2 \u03c0\u03c1\u03ce\u03c4\u03bf\u03c5\u03c2<note anchored=\"yes\" lang=\"la\" resp=\"ed\" place=\"unspecified\"><foreign lang=\"greek\">\u03c0\u03c1\u03ce\u03c4\u03bf\u03c5\u03c2 \u039d: \u03c0\u03c1\u1ff6\u03c4\u03bf\u03bd \u0391.</foreign></note> \u03b3\u03b5\u03bd\u03bf\u03bc\u03ad\u03bd\u03bf\u03c5\u03c2 \u1f14\u03c6\u03c5\u03c3\u03b5\u03bd \u1f21\u03bc\u1ff6\u03bd, \u03c4\u03c1\u03bf\u03c6\u03ad\u03b1\u03c2 \u03c4\u03b5 \u03ba\u03b1\u1f76 &lt;\u03c3\u03c9\u03c4\u1fc6\u03c1\u03b1\u03c2&gt;<note anchored=\"yes\" lang=\"la\" resp=\"ed\" place=\"unspecified\"><foreign lang=\"greek\">\u03c3\u03c9\u03c4\u1fc6\u03c1\u03b1\u03c2</foreign> add, Thalheim. nonnihil huiusmodi videtur excidisse.</note> \u03c0\u03b1\u03c1\u03ad\u03b4\u03c9\u03ba\u03b5 \u03c4\u1f74\u03bd \u03b3\u1fc6\u03bd \u03ba\u03b1\u1f76 \u03c4\u1f74\u03bd \u03b8\u03ac\u03bb\u03b1\u03c3\u03c3\u03b1\u03bd, \u1f35\u03bd\u03b1 \u03bc\u1f74 \u03c3\u03c0\u03ac\u03bd\u03b5\u03b9 \u03c4\u1ff6\u03bd \u1f00\u03bd\u03b1\u03b3\u03ba\u03b1\u03af\u03c9\u03bd \u03c0\u03c1\u03bf\u03b1\u03c0\u03bf\u03b8\u03bd\u1fc4\u03c3\u03ba\u03bf\u03b9\u03bc\u03b5\u03bd \u03c4\u1fc6\u03c2 \u03b3\u03b7\u03c1\u03b1\u03b9\u03bf\u1fe6 \u03c4\u03b5\u03bb\u03b5\u03c5\u03c4\u1fc6\u03c2. \u1f45\u03c3\u03c4\u03b9\u03c2 \u03bf\u1f56\u03bd, \u03c4\u03bf\u03cd\u03c4\u03c9\u03bd \u1f51\u03c0\u1f78 \u03c4\u03bf\u1fe6 \u03b8\u03b5\u03bf\u1fe6 \u1f00\u03be\u03b9\u03c9\u03b8\u03ad\u03bd\u03c4\u03bf\u03c2 \u03c4\u03bf\u1fe6 \u03b2\u03af\u03bf\u03c5 \u1f21\u03bc\u1ff6\u03bd, \u1f00\u03bd\u03cc\u03bc\u03c9\u03c2 \u03c4\u03b9\u03bd\u1f70 \u1f00\u03c0\u03bf\u03ba\u03c4\u03b5\u03af\u03bd\u03b5\u03b9, \u1f00\u03c3\u03b5\u03b2\u03b5\u1fd6 \u03bc\u1f72\u03bd \u03c0\u03b5\u03c1\u1f76 \u03c4\u03bf\u1f7a\u03c2 \u03b8\u03b5\u03bf\u03cd\u03c2, \u03c3\u03c5\u03b3\u03c7\u03b5\u1fd6 \u03b4\u1f72 \u03c4\u1f70 \u03bd\u03cc\u03bc\u03b9\u03bc\u03b1 \u03c4\u1ff6\u03bd \u1f00\u03bd\u03b8\u03c1\u03ce\u03c0\u03c9\u03bd.\n\t\t\t\t\t<milestone n=\"3\" unit=\"section\" />\u1f45 \u03c4\u03b5 \u03b3\u1f70\u03c1 \u1f00\u03c0\u03bf\u03b8\u03b1\u03bd\u03ce\u03bd, \u03c3\u03c4\u03b5\u03c1\u03cc\u03bc\u03b5\u03bd\u03bf\u03c2 \u1f67\u03bd \u1f41 \u03b8\u03b5\u1f78\u03c2 \u1f14\u03b4\u03c9\u03ba\u03b5\u03bd \u03b1\u1f50\u03c4\u1ff7, \u03b5\u1f30\u03ba\u03cc\u03c4\u03c9\u03c2 \u03b8\u03b5\u03bf\u1fe6 \u03c4\u03b9\u03bc\u03c9\u03c1\u03af\u03b1\u03bd \u1f51\u03c0\u03bf\u03bb\u03b5\u03af\u03c0\u03b5\u03b9 \u03c4\u1f74\u03bd \u03c4\u1ff6\u03bd \u1f00\u03bb\u03b9\u03c4\u03b7\u03c1\u03af\u03c9\u03bd \u03b4\u03c5\u03c3\u03bc\u03ad\u03bd\u03b5\u03b9\u03b1\u03bd, \u1f23\u03bd \u03bf\u1f31 \u03c0\u03b1\u03c1\u1f70 \u03c4\u1f78 \u03b4\u03af\u03ba\u03b1\u03b9\u03bf\u03bd \u03ba\u03c1\u03af\u03bd\u03bf\u03bd\u03c4\u03b5\u03c2 \u1f22 \u03bc\u03b1\u03c1\u03c4\u03c5\u03c1\u03bf\u1fe6\u03bd\u03c4\u03b5\u03c2, \u03c3\u03c5\u03bd\u03b1\u03c3\u03b5\u03b2\u03bf\u1fe6\u03bd\u03c4\u03b5\u03c2 \u03c4\u1ff7 \u03c4\u03b1\u1fe6\u03c4\u03b1 \u03b4\u03c1\u1ff6\u03bd\u03c4\u03b9, \u03bf\u1f50 \u03c0\u03c1\u03bf\u03c3\u1fc6\u03ba\u03bf\u03bd \u03bc\u03af\u03b1\u03c3\u03bc\u03b1 \u03b5\u1f30\u03c2 \u03c4\u03bf\u1f7a\u03c2 \u1f30\u03b4\u03af\u03bf\u03c5\u03c2 \u03bf\u1f34\u03ba\u03bf\u03c5\u03c2 \u03b5\u1f30\u03c3\u03ac\u03b3\u03bf\u03bd\u03c4\u03b1\u03b9:\n\t\t\t\t\t<milestone n=\"4\" unit=\"section\" />\u1f21\u03bc\u03b5\u1fd6\u03c2 \u03c4\u03b5 \u03bf\u1f31 \u03c4\u03b9\u03bc\u03c9\u03c1\u03bf\u1f76 \u03c4\u1ff6\u03bd \u03b4\u03b9\u03b5\u03c6\u03b8\u03b1\u03c1\u03bc\u03ad\u03bd\u03c9\u03bd, \u03b5\u1f30 \u03b4\u03b9\u1fbd \u1f04\u03bb\u03bb\u03b7\u03bd \u03c4\u03b9\u03bd\u1f70 \u1f14\u03c7\u03b8\u03c1\u03b1\u03bd \u03c4\u03bf\u1f7a\u03c2 \u1f00\u03bd\u03b1\u03b9\u03c4\u03af\u03bf\u03c5\u03c2 \u03b4\u03b9\u03ce\u03ba\u03bf\u03b9\u03bc\u03b5\u03bd, \u03c4\u1ff7 \u03bc\u1f72\u03bd \u1f00\u03c0\u03bf\u03b8\u03b1\u03bd\u03cc\u03bd\u03c4\u03b9 \u03bf\u1f50 \u03c4\u03b9\u03bc\u03c9\u03c1\u03bf\u1fe6\u03bd\u03c4\u03b5\u03c2 \u03b4\u03b5\u03b9\u03bd\u03bf\u1f7a\u03c2 \u1f00\u03bb\u03b9\u03c4\u03b7\u03c1\u03af\u03bf\u03c5\u03c2 \u1f15\u03be\u03bf\u03bc\u03b5\u03bd \u03c4\u03bf\u1f7a\u03c2 \u03c4\u1ff6\u03bd \u1f00\u03c0\u03bf\u03b8\u03b1\u03bd\u03cc\u03bd\u03c4\u03c9\u03bd \u03c0\u03c1\u03bf\u03c3\u03c4\u03c1\u03bf\u03c0\u03b1\u03af\u03bf\u03c5\u03c2, \u03c4\u03bf\u1f7a\u03c2 \u03b4\u1f72 \u03ba\u03b1\u03b8\u03b1\u03c1\u03bf\u1f7a\u03c2 \u1f00\u03b4\u03af\u03ba\u03c9\u03c2 \u1f00\u03c0\u03bf\u03ba\u03c4\u03b5\u03af\u03bd\u03bf\u03bd\u03c4\u03b5\u03c2 \u1f14\u03bd\u03bf\u03c7\u03bf\u03b9 \u03c4\u03bf\u1fe6 \u03c6\u03cc\u03bd\u03bf\u03c5 \u03c4\u03bf\u1fd6\u03c2 \u1f10\u03c0\u03b9\u03c4\u03b9\u03bc\u03af\u03bf\u03b9\u03c2 \u1f10\u03c3\u03bc\u03ad\u03bd, \u1f51\u03bc\u1fb6\u03c2 \u03b4\u1f72<note anchored=\"yes\" lang=\"la\" resp=\"ed\" place=\"unspecified\"><foreign lang=\"greek\">\u03b4\u1f72</foreign> Schaefer: <foreign lang=\"greek\">\u03c4\u03b5</foreign> codd.</note> \u1f04\u03bd\u03bf\u03bc\u03b1 \u03b4\u03c1\u1fb6\u03c2 \u03c0\u03b5\u03af\u03b8\u03bf\u03bd\u03c4\u03b5\u03c2 \u03ba\u03b1\u1f76 \u03c4\u03bf\u1fe6 \u1f51\u03bc\u03b5\u03c4\u03ad\u03c1\u03bf\u03c5 \u1f01\u03bc\u03b1\u03c1\u03c4\u03ae\u03bc\u03b1\u03c4\u03bf\u03c2 \u1f51\u03c0\u03b1\u03af\u03c4\u03b9\u03bf\u03b9 \u03b3\u03b9\u03b3\u03bd\u03cc\u03bc\u03b5\u03b8\u03b1.\n\t\t\t\t\t<milestone n=\"5\" unit=\"section\" />\n\t\t\t\t</p>\n\t\t\t\t<p>\u1f10\u03b3\u1f7c \u03bc\u1f72\u03bd \u03bf\u1f56\u03bd \u03b4\u03b5\u03b4\u03b9\u1f7c\u03c2 \u03c4\u03b1\u1fe6\u03c4\u03b1, \u03b5\u1f30\u03c2 \u1f51\u03bc\u1fb6\u03c2 \u03c0\u03b1\u03c1\u03ac\u03b3\u03c9\u03bd \u03c4\u1f78\u03bd \u1f00\u03c3\u03b5\u03b2\u03ae\u03c3\u03b1\u03bd\u03c4\u03b1 \u03ba\u03b1\u03b8\u03b1\u03c1\u1f78\u03c2 \u03c4\u1ff6\u03bd \u1f10\u03b3\u03ba\u03bb\u03b7\u03bc\u03ac\u03c4\u03c9\u03bd \u03b5\u1f30\u03bc\u03af: \u1f51\u03bc\u03b5\u1fd6\u03c2 \u03b4\u1f72 \u1f00\u03be\u03af\u03c9\u03c2 \u03c4\u1ff6\u03bd \u03c0\u03c1\u03bf\u03b5\u03b9\u03c1\u03b7\u03bc\u03ad\u03bd\u03c9\u03bd \u03c4\u1fc7 \u03ba\u03c1\u03af\u03c3\u03b5\u03b9 \u03c0\u03c1\u03bf\u03c3\u03ad\u03c7\u03bf\u03bd\u03c4\u03b5\u03c2 \u03c4\u1f78\u03bd \u03bd\u03bf\u1fe6\u03bd, \u1f00\u03be\u03af\u03b1\u03bd \u03b4\u03af\u03ba\u03b7\u03bd \u03c4\u03bf\u1fe6 \u03c0\u03ac\u03b8\u03bf\u03c5\u03c2 \u03c4\u1ff7 \u03b5\u1f30\u03c1\u03b3\u03b1\u03c3\u03bc\u03ad\u03bd\u1ff3 \u1f10\u03c0\u03b9\u03b8\u03ad\u03bd\u03c4\u03b5\u03c2,<note anchored=\"yes\" lang=\"la\" resp=\"ed\" place=\"unspecified\"><foreign lang=\"greek\">\u1f00\u03be\u03af\u03b1\u03bd \u03b4\u03af\u03ba\u03b7\u03bd \u03c4\u1ff6\u03bd \u03b5\u1f30\u03c1\u03b3\u03b1\u03c3\u03bc\u03ad\u03bd\u03c9\u03bd \u1f10\u03c0\u03b9\u03b8. \u0391</foreign> pr.</note> \u1f05\u03c0\u03b1\u03c3\u03b1\u03bd \u03c4\u1f74\u03bd \u03c0\u03cc\u03bb\u03b9\u03bd \u03ba\u03b1\u03b8\u03b1\u03c1\u1f70\u03bd \u03c4\u03bf\u1fe6 \u03bc\u03b9\u03ac\u03c3\u03bc\u03b1\u03c4\u03bf\u03c2 \u03ba\u03b1\u03c4\u03b1\u03c3\u03c4\u03ae\u03c3\u03b5\u03c4\u03b5.\n\t\t\t\t\t<milestone n=\"6\" unit=\"section\" />\u03b5\u1f30 \u03bc\u1f72\u03bd \u03b3\u1f70\u03c1 \u1f04\u03ba\u03c9\u03bd \u1f00\u03c0\u03ad\u03ba\u03c4\u03b5\u03b9\u03bd\u03b5 \u03c4\u1f78\u03bd \u1f04\u03bd\u03b4\u03c1\u03b1, \u1f04\u03be\u03b9\u03bf\u03c2 \u1f02\u03bd \u1f26\u03bd \u03c3\u03c5\u03b3\u03b3\u03bd\u03ce\u03bc\u03b7\u03c2 \u03c4\u03c5\u03c7\u03b5\u1fd6\u03bd \u03c4\u03b9\u03bd\u03cc\u03c2: \u1f55\u03b2\u03c1\u03b5\u03b9 \u03b4\u1f72 \u03ba\u03b1\u1f76 \u1f00\u03ba\u03bf\u03bb\u03b1\u03c3\u03af\u1fb3 \u03c0\u03b1\u03c1\u03bf\u03b9\u03bd\u1ff6\u03bd \u03b5\u1f30\u03c2 \u1f04\u03bd\u03b4\u03c1\u03b1 \u03c0\u03c1\u03b5\u03c3\u03b2\u03cd\u03c4\u03b7\u03bd, \u03c4\u03cd\u03c0\u03c4\u03c9\u03bd \u03c4\u03b5 \u03ba\u03b1\u1f76 \u03c0\u03bd\u03af\u03b3\u03c9\u03bd \u1f15\u03c9\u03c2 \u03c4\u1fc6\u03c2 \u03c8\u03c5\u03c7\u1fc6\u03c2 \u1f00\u03c0\u03b5\u03c3\u03c4\u03ad\u03c1\u03b7\u03c3\u03b5\u03bd \u03b1\u1f50\u03c4\u03cc\u03bd, \u1f61\u03c2 \u03bc\u1f72\u03bd \u1f00\u03c0\u03bf\u03ba\u03c4\u03b5\u03af\u03bd\u03b1\u03c2 \u03c4\u03bf\u1fe6 \u03c6\u03cc\u03bd\u03bf\u03c5 \u03c4\u03bf\u1fd6\u03c2 \u1f10\u03c0\u03b9\u03c4\u03b9\u03bc\u03af\u03bf\u03b9\u03c2 \u1f14\u03bd\u03bf\u03c7\u03cc\u03c2 \u1f10\u03c3\u03c4\u03b9\u03bd, \u1f61\u03c2 \u03b4\u1f72 \u03c3\u03c5\u03b3\u03c7\u03ad\u03c9\u03bd \u1f05\u03c0\u03b1\u03bd\u03c4\u03b1 \u03c4\u1ff6\u03bd \u03b3\u03b5\u03c1\u03b1\u03b9\u03bf\u03c4\u03ad\u03c1\u03c9\u03bd \u03c4\u1f70 \u03bd\u03cc\u03bc\u03b9\u03bc\u03b1 \u03bf\u1f50\u03b4\u03b5\u03bd\u1f78\u03c2 \u1f01\u03bc\u03b1\u03c1\u03c4\u03b5\u1fd6\u03bd, \u03bf\u1f37\u03c2 \u03bf\u1f31 \u03c4\u03bf\u03b9\u03bf\u1fe6\u03c4\u03bf\u03b9 \u03ba\u03bf\u03bb\u03ac\u03b6\u03bf\u03bd\u03c4\u03b1\u03b9, \u03b4\u03af\u03ba\u03b1\u03b9\u03cc\u03c2 \u1f10\u03c3\u03c4\u03b9\u03bd.\n\t\t\t\t\t<milestone n=\"7\" unit=\"section\" />\u1f41 \u03bc\u1f72\u03bd \u03c4\u03bf\u03af\u03bd\u03c5\u03bd \u03bd\u03cc\u03bc\u03bf\u03c2 \u1f40\u03c1\u03b8\u1ff6\u03c2 \u1f51\u03bc\u1fd6\u03bd \u03c4\u03b9\u03bc\u03c9\u03c1\u03b5\u1fd6\u03c3\u03b8\u03b1\u03b9 \u03c0\u03b1\u03c1\u03b1\u03b4\u03af\u03b4\u03c9\u03c3\u03b9\u03bd \u03b1\u1f50\u03c4\u03cc\u03bd: \u03c4\u1ff6\u03bd \u03b4\u1f72 \u03bc\u03b1\u03c1\u03c4\u03cd\u03c1\u03c9\u03bd \u1f00\u03ba\u03b7\u03ba\u03cc\u03b1\u03c4\u03b5, \u03bf\u1f33 \u03c0\u03b1\u03c1\u1fc6\u03c3\u03b1\u03bd \u03c0\u03b1\u03c1\u03bf\u03b9\u03bd\u03bf\u1fe6\u03bd\u03c4\u03b9 \u03b1\u1f50\u03c4\u1ff7. \u1f51\u03bc\u1fb6\u03c2 \u03b4\u1f72 \u03c7\u03c1\u1f74 \u03c4\u1fc7 \u03c4\u03b5 \u1f00\u03bd\u03bf\u03bc\u03af\u1fb3 \u03c4\u03bf\u1fe6 \u03c0\u03b1\u03b8\u03ae\u03bc\u03b1\u03c4\u03bf\u03c2 \u1f00\u03bc\u03cd\u03bd\u03bf\u03bd\u03c4\u03b1\u03c2, \u03c4\u03ae\u03bd \u03c4\u03b5 \u1f55\u03b2\u03c1\u03b9\u03bd \u03ba\u03bf\u03bb\u03ac\u03b6\u03bf\u03bd\u03c4\u03b1\u03c2 \u1f00\u03be\u03af\u03c9\u03c2 \u03c4\u03bf\u1fe6 \u03c0\u03ac\u03b8\u03bf\u03c5\u03c2, \u03c4\u1f74\u03bd \u03b2\u03bf\u03c5\u03bb\u03b5\u03cd\u03c3\u03b1\u03c3\u03b1\u03bd \u03c8\u03c5\u03c7\u1f74\u03bd \u1f00\u03bd\u03c4\u03b1\u03c6\u03b5\u03bb\u03ad\u03c3\u03b8\u03b1\u03b9 \u03b1\u1f50\u03c4\u03cc\u03bd.\n\t\t\t\t</p></div2></div1></body></text></TEI.2> <?xml version=\"1.0\" encoding=\"utf-8\"?>\n<TEI.2><text><body><div1 decls=\"gen.forensic.tetralogy\" type=\"speech\" n=\"4\" org=\"uniform\" sample=\"complete\"><div2 type=\"tetralogy\" n=\"2\" org=\"uniform\" sample=\"complete\">\n\t\t\t\t<head>\u1f08\u03c0\u03bf\u03bb\u03bf\u03b3\u03af\u03b1 \u03c6\u03cc\u03bd\u03bf\u03c5, \u1f61\u03c2 \u1f00\u03bc\u03c5\u03bd\u03cc\u03bc\u03b5\u03bd\u03bf\u03c2 \u1f00\u03c0\u03ad\u03c4\u03b5\u03b9\u03bd\u03b5\u03bd</head>\n\t\t\t\t<milestone n=\"1\" unit=\"section\" />\n\t\t\t\t<p>\u1f45\u03c4\u03b9 \u03bc\u1f72\u03bd \u03b2\u03c1\u03b1\u03c7\u03b5\u1fd6\u03c2 \u03c4\u03bf\u1f7a\u03c2 \u03bb\u03cc\u03b3\u03bf\u03c5\u03c2 \u1f10\u03c0\u03bf\u03b9\u03ae\u03c3\u03b1\u03bd\u03c4\u03bf, \u03bf\u1f50 \u03b8\u03b1\u03c5\u03bc\u03ac\u03b6\u03c9 \u03b1\u1f50\u03c4\u1ff6\u03bd: \u03bf\u1f50 \u03b3\u1f70\u03c1 \u1f61\u03c2 \u03bc\u1f74 \u03c0\u03ac\u03b8\u03c9\u03c3\u03b9\u03bd \u1f41 \u03ba\u03af\u03bd\u03b4\u03c5\u03bd\u03bf\u03c2 \u03b1\u1f50\u03c4\u03bf\u1fd6\u03c2 \u1f10\u03c3\u03c4\u03b9\u03bd, \u1f00\u03bb\u03bb\u1fbd \u1f61\u03c2 \u1f10\u03bc\u1f72 \u03bc\u1f74 \u03b4\u03b9\u03ba\u03b1\u03af\u03c9\u03c2 \u03b4\u03b9\u1fbd \u1f14\u03c7\u03b8\u03c1\u03b1\u03bd \u03b4\u03b9\u03b1\u03c6\u03b8\u03b5\u03af\u03c1\u03c9\u03c3\u03b9\u03bd. \u1f45\u03c4\u03b9 \u03b4\u1fbd \u1f10\u03be\u03b9\u03c3\u03bf\u1fe6\u03bd \u03c4\u03bf\u1fd6\u03c2 \u03bc\u03b5\u03b3\u03af\u03c3\u03c4\u03bf\u03b9\u03c2 \u1f10\u03b3\u03ba\u03bb\u03ae\u03bc\u03b1\u03c3\u03b9\u03bd \u1f24\u03b8\u03b5\u03bb\u03bf\u03bd \u03c4\u1f78 \u03c0\u03c1\u1fb6\u03b3\u03bc\u03b1, \u03bf\u1f57 \u1f41 \u1f00\u03c0\u03bf\u03b8\u03b1\u03bd\u1f7c\u03bd \u03b1\u1f51\u03c4\u1ff7 \u03b1\u1f34\u03c4\u03b9\u03bf\u03c2 \u03ba\u03b1\u1f76 \u03bc\u1fb6\u03bb\u03bb\u03bf\u03bd \u1f22 \u1f10\u03b3\u1f7c \u1f10\u03b3\u03ad\u03bd\u03b5\u03c4\u03bf, \u03b5\u1f30\u03ba\u03cc\u03c4\u03c9\u03c2 \u1f02\u03bd \u1f00\u03b3\u03b1\u03bd\u03b1\u03ba\u03c4\u03b5\u1fd6\u03bd \u03bc\u03bf\u03b9 \u03b4\u03bf\u03ba\u1ff6. \u1f04\u03c1\u03c7\u03c9\u03bd \u03b3\u1f70\u03c1 \u03c7\u03b5\u03b9\u03c1\u1ff6\u03bd \u1f00\u03b4\u03af\u03ba\u03c9\u03bd, \u03ba\u03b1\u1f76 \u03c0\u03b1\u03c1\u03bf\u03b9\u03bd\u1ff6\u03bd \u03b5\u1f30\u03c2 \u1f04\u03bd\u03b4\u03c1\u03b1 \u03c0\u03bf\u03bb\u1f7a \u03b1\u1f51\u03c4\u03bf\u1fe6 \u03c3\u03c9\u03c6\u03c1\u03bf\u03bd\u03ad\u03c3\u03c4\u03b5\u03c1\u03bf\u03bd, \u03bf\u1f50\u03c7 \u03b1\u1f51\u03c4\u1ff7 \u03bc\u03cc\u03bd\u03bf\u03bd \u03c4\u1fc6\u03c2 \u03c3\u03c5\u03bc\u03c6\u03bf\u03c1\u1fb6\u03c2, \u1f00\u03bb\u03bb\u1f70 \u03ba\u03b1\u1f76 \u1f10\u03bc\u03bf\u1f76 \u03b1\u1f34\u03c4\u03b9\u03bf\u03c2 \u03c4\u03bf\u1fe6 \u1f10\u03b3\u03ba\u03bb\u03ae\u03bc\u03b1\u03c4\u03bf\u03c2 \u03b3\u03ad\u03b3\u03bf\u03bd\u03b5\u03bd.\n\t\t\t\t\t<milestone n=\"2\" unit=\"section\" />\u03bf\u1f36\u03bc\u03b1\u03b9 \u03bc\u1f72\u03bd \u03bf\u1f56\u03bd \u1f14\u03b3\u03c9\u03b3\u03b5 \u03bf\u1f54\u03c4\u03b5 \u03b4\u03af\u03ba\u03b1\u03b9\u03b1 \u03c4\u03bf\u03cd\u03c4\u03bf\u03c5\u03c2 \u03bf\u1f54\u03b8\u1fbd \u1f45\u03c3\u03b9\u03b1 \u03b4\u03c1\u1fb6\u03bd \u1f10\u03b3\u03ba\u03b1\u03bb\u03bf\u1fe6\u03bd\u03c4\u03b1\u03c2 \u1f10\u03bc\u03bf\u03af. \u03c4\u1f78\u03bd \u03b3\u1f70\u03c1 \u1f04\u03c1\u03be\u03b1\u03bd\u03c4\u03b1 \u03c4\u1fc6\u03c2 \u03c0\u03bb\u03b7\u03b3\u1fc6\u03c2, \u03b5\u1f30 \u03bc\u1f72\u03bd \u03c3\u03b9\u03b4\u03ae\u03c1\u1ff3 \u1f22 \u03bb\u03af\u03b8\u1ff3 \u1f22 \u03be\u03cd\u03bb\u1ff3 \u1f20\u03bc\u03c5\u03bd\u03ac\u03bc\u03b7\u03bd \u03b1\u1f50\u03c4\u03cc\u03bd, \u1f20\u03b4\u03af\u03ba\u03bf\u03c5\u03bd \u03bc\u1f72\u03bd \u03bf\u1f50\u03b4\u1fbd \u03bf\u1f55\u03c4\u03c9\u03c2\u2014\u03bf\u1f50 \u03b3\u1f70\u03c1 \u03c4\u03b1\u1f50\u03c4\u1f70 \u1f00\u03bb\u03bb\u1f70 \u03bc\u03b5\u03af\u03b6\u03bf\u03bd\u03b1 \u03ba\u03b1\u1f76 \u03c0\u03bb\u03b5\u03af\u03bf\u03bd\u03b1 \u03b4\u03af\u03ba\u03b1\u03b9\u03bf\u03b9 \u03bf\u1f31 \u1f04\u03c1\u03c7\u03bf\u03bd\u03c4\u03b5\u03c2 \u1f00\u03bd\u03c4\u03b9\u03c0\u03ac\u03c3\u03c7\u03b5\u03b9\u03bd \u03b5\u1f30\u03c3\u03af\u03bd:\u2014\u03c4\u03b1\u1fd6\u03c2 \u03b4\u1f72 \u03c7\u03b5\u03c1\u03c3\u1f76 \u03c4\u03c5\u03c0\u03c4\u03cc\u03bc\u03b5\u03bd\u03bf\u03c2 \u1f51\u03c0\u1fbd \u03b1\u1f50\u03c4\u03bf\u1fe6, \u03c4\u03b1\u1fd6\u03c2 \u03c7\u03b5\u03c1\u03c3\u1f76\u03bd \u1f05\u03c0\u03b5\u03c1 \u1f14\u03c0\u03b1\u03c3\u03c7\u03bf\u03bd \u1f00\u03bd\u03c4\u03b9\u03b4\u03c1\u1ff6\u03bd, \u03c0\u03cc\u03c4\u03b5\u03c1\u03b1 \u1f20\u03b4\u03af\u03ba\u03bf\u03c5\u03bd;<note anchored=\"yes\" lang=\"la\" resp=\"ed\" place=\"unspecified\"><foreign lang=\"greek\">\u03c0\u03cc\u03c4\u03b5\u03c1\u03b1 \u1f02\u03bd \u1f20\u03b4\u03af\u03ba\u03bf\u03c5\u03bd</foreign> A pr. N:<foreign lang=\"greek\">\u1f02\u03bd</foreign> in <foreign lang=\"greek\">\u0391</foreign> erasum.</note>\n\t\t\t\t\t<milestone n=\"3\" unit=\"section\" />\n\t\t\t\t</p>\n\t\t\t\t<p>\u03b5\u1f36\u03b5\u03bd: \u1f10\u03c1\u03b5\u1fd6 \u03b4\u03ad, \u201c\u1f00\u03bb\u03bb\u1fbd \u1f41 \u03bd\u03cc\u03bc\u03bf\u03c2 \u03b5\u1f34\u03c1\u03b3\u03c9\u03bd \u03bc\u03ae\u03c4\u03b5 \u03b4\u03b9\u03ba\u03b1\u03af\u03c9\u03c2 \u03bc\u03ae\u03c4\u03b5 \u1f00\u03b4\u03af\u03ba\u03c9\u03c2 \u1f00\u03c0\u03bf\u03ba\u03c4\u03b5\u03af\u03bd\u03b5\u03b9\u03bd \u1f14\u03bd\u03bf\u03c7\u03bf\u03bd \u03c4\u03bf\u1fe6 \u03c6\u03cc\u03bd\u03bf\u03c5 \u03c4\u03bf\u1fd6\u03c2 \u1f10\u03c0\u03b9\u03c4\u03b9\u03bc\u03af\u03bf\u03b9\u03c2 \u1f00\u03c0\u03bf\u03c6\u03b1\u03af\u03bd\u03b5\u03b9 \u03c3\u03b5 \u1f44\u03bd\u03c4\u03b1: \u1f41 \u03b3\u1f70\u03c1 \u1f00\u03bd\u1f74\u03c1 \u03c4\u03ad\u03b8\u03bd\u03b7\u03ba\u03b5\u03bd.\u201d \u1f10\u03b3\u1f7c \u03b4\u1f72 \u03b4\u03b5\u03cd\u03c4\u03b5\u03c1\u03bf\u03bd \u03ba\u03b1\u1f76 \u03c4\u03c1\u03af\u03c4\u03bf\u03bd \u03bf\u1f50\u03ba \u1f00\u03c0\u03bf\u03ba\u03c4\u03b5\u1fd6\u03bd\u03b1\u03af \u03c6\u03b7\u03bc\u03b9. \u03b5\u1f30 \u03bc\u1f72\u03bd \u03b3\u1f70\u03c1 \u1f51\u03c0\u1f78 \u03c4\u1ff6\u03bd \u03c0\u03bb\u03b7\u03b3\u1ff6\u03bd \u1f41 \u1f00\u03bd\u1f74\u03c1 \u03c0\u03b1\u03c1\u03b1\u03c7\u03c1\u1fc6\u03bc\u03b1 \u1f00\u03c0\u03ad\u03b8\u03b1\u03bd\u03b5\u03bd, \u1f51\u03c0\u1fbd \u1f10\u03bc\u03bf\u1fe6 \u03bc\u1f72\u03bd \u03b4\u03b9\u03ba\u03b1\u03af\u03c9\u03c2 \u03b4\u1fbd \u1f02\u03bd \u1f10\u03c4\u03b5\u03b8\u03bd\u03ae\u03ba\u03b5\u03b9\u2014\u03bf\u1f50 \u03b3\u1f70\u03c1 \u03c4\u03b1\u1f50\u03c4\u1f70 \u1f00\u03bb\u03bb\u1f70 \u03bc\u03b5\u03af\u03b6\u03bf\u03bd\u03b1 \u03ba\u03b1\u1f76 \u03c0\u03bb\u03b5\u03af\u03bf\u03bd\u03b1 \u03bf\u1f31 \u1f04\u03c1\u03be\u03b1\u03bd\u03c4\u03b5\u03c2 \u03b4\u03af\u03ba\u03b1\u03b9\u03bf\u03b9 \u1f00\u03bd\u03c4\u03b9\u03c0\u03ac\u03c3\u03c7\u03b5\u03b9\u03bd \u03b5\u1f30\u03c3\u03af:\u2014\n\t\t\t\t\t<milestone n=\"4\" unit=\"section\" />\u03bd\u1fe6\u03bd \u03b4\u1f72 \u03c0\u03bf\u03bb\u03bb\u03b1\u1fd6\u03c2 \u1f21\u03bc\u03ad\u03c1\u03b1\u03b9\u03c2 \u1f55\u03c3\u03c4\u03b5\u03c1\u03bf\u03bd \u03bc\u03bf\u03c7\u03b8\u03b7\u03c1\u1ff7<note anchored=\"yes\" lang=\"la\" resp=\"ed\" place=\"unspecified\"><foreign lang=\"greek\">\u03bc\u03bf\u03c7\u03b8\u03b7\u03c1\u1ff7 \u039d:\u03c0\u03bf\u03bd\u03b7\u03c1\u1ff7 \u0391.</foreign></note> \u1f30\u03b1\u03c4\u03c1\u1ff7 \u1f10\u03c0\u03b9\u03c4\u03c1\u03b5\u03c6\u03b8\u03b5\u1f76\u03c2 \u03b4\u03b9\u1f70 \u03c4\u1f74\u03bd \u03c4\u03bf\u1fe6 \u1f30\u03b1\u03c4\u03c1\u03bf\u1fe6 \u03bc\u03bf\u03c7\u03b8\u03b7\u03c1\u03af\u03b1\u03bd \u03ba\u03b1\u1f76 \u03bf\u1f50 \u03b4\u03b9\u1f70 \u03c4\u1f70\u03c2 \u03c0\u03bb\u03b7\u03b3\u1f70\u03c2 \u1f00\u03c0\u03ad\u03b8\u03b1\u03bd\u03b5. \u03c0\u03c1\u03bf\u03bb\u03b5\u03b3\u03cc\u03bd\u03c4\u03c9\u03bd \u03b3\u1f70\u03c1 \u03b1\u1f50\u03c4\u1ff7 \u03c4\u1ff6\u03bd \u1f04\u03bb\u03bb\u03c9\u03bd \u1f30\u03b1\u03c4\u03c1\u1ff6\u03bd, \u03b5\u1f30 \u03c4\u03b1\u03cd\u03c4\u03b7\u03bd \u03c4\u1f74\u03bd \u03b8\u03b5\u03c1\u03b1\u03c0\u03b5\u03af\u03b1\u03bd \u03b8\u03b5\u03c1\u03b1\u03c0\u03b5\u03cd\u03c3\u03bf\u03b9\u03c4\u03bf, \u1f45\u03c4\u03b9 \u1f30\u03ac\u03c3\u03b9\u03bc\u03bf\u03c2 \u1f62\u03bd \u03b4\u03b9\u03b1\u03c6\u03b8\u03b1\u03c1\u03ae\u03c3\u03bf\u03b9\u03c4\u03bf, \u03b4\u03b9\u1fbd \u1f51\u03bc\u1fb6\u03c2 \u03c4\u03bf\u1f7a\u03c2 \u03c3\u03c5\u03bc\u03b2\u03bf\u03cd\u03bb\u03bf\u03c5\u03c2 \u03b4\u03b9\u03b1\u03c6\u03b8\u03b1\u03c1\u03b5\u1f76\u03c2 \u1f10\u03bc\u03bf\u1f76 \u1f00\u03bd\u03cc\u03c3\u03b9\u03bf\u03bd \u1f14\u03b3\u03ba\u03bb\u03b7\u03bc\u03b1<note anchored=\"yes\" lang=\"la\" resp=\"ed\" place=\"unspecified\"><foreign lang=\"greek\">\u1f14\u03b3\u03ba\u03bb\u03b7\u03bc\u03b1</foreign> om. <foreign lang=\"greek\">\u039d.</foreign></note> \u03c0\u03c1\u03bf\u03c3\u03ad\u03b2\u03b1\u03bb\u03b5\u03bd.\n\t\t\t\t\t<milestone n=\"5\" unit=\"section\" />\n\t\t\t\t</p>\n\t\t\t\t<p>\u1f00\u03c0\u03bf\u03bb\u03cd\u03b5\u03b9 \u03b4\u03ad \u03bc\u03b5 \u03ba\u03b1\u1f76 \u1f41 \u03bd\u03cc\u03bc\u03bf\u03c2 \u03ba\u03b1\u03b8\u1fbd \u1f43\u03bd \u03b4\u03b9\u03ce\u03ba\u03bf\u03bc\u03b1\u03b9. \u03c4\u1f78\u03bd \u03b3\u1f70\u03c1 \u1f10\u03c0\u03b9\u03b2\u03bf\u03c5\u03bb\u03b5\u03cd\u03c3\u03b1\u03bd\u03c4\u03b1 \u03ba\u03b5\u03bb\u03b5\u03cd\u03b5\u03b9 \u03c6\u03bf\u03bd\u03ad\u03b1 \u03b5\u1f36\u03bd\u03b1\u03b9.<note anchored=\"yes\" lang=\"la\" resp=\"ed\" place=\"unspecified\"><foreign lang=\"greek\">\u03b5\u1f36\u03bd\u03b1\u03b9</foreign> om. <foreign lang=\"greek\">\u039d.</foreign></note> \u1f10\u03b3\u1f7c \u03bc\u1f72\u03bd \u03bf\u1f56\u03bd \u03c0\u1ff6\u03c2 \u1f02\u03bd \u1f10\u03c0\u03b9\u03b2\u03bf\u03c5\u03bb\u03b5\u03cd\u03c3\u03b1\u03b9\u03bc\u03b9 \u03b1\u1f50\u03c4\u1ff7 \u1f45 \u03c4\u03b9 \u03bc\u1f74<note anchored=\"yes\" lang=\"la\" resp=\"ed\" place=\"unspecified\"><foreign lang=\"greek\">\u1f45\u03c4\u03b9 \u03bc\u1f74</foreign> Schoell: <foreign lang=\"greek\">\u03b5\u1f30 \u03bc\u1f74</foreign> codd.</note> \u03ba\u03b1\u1f76 \u1f10\u03c0\u03b5\u03b2\u03bf\u03c5\u03bb\u03b5\u03cd\u03b8\u03b7\u03bd \u1f51\u03c0\u1fbd \u03b1\u1f50\u03c4\u03bf\u1fe6; \u03c4\u03bf\u1fd6\u03c2 \u03b3\u1f70\u03c1 \u03b1\u1f50\u03c4\u03bf\u1fd6\u03c2 \u1f00\u03bc\u03c5\u03bd\u03cc\u03bc\u03b5\u03bd\u03bf\u03c2 \u03b1\u1f50\u03c4\u1f78\u03bd \u03ba\u03b1\u1f76 \u03c4\u1f70 \u03b1\u1f50\u03c4\u1f70 \u03b4\u03c1\u1ff6\u03bd \u1f05\u03c0\u03b5\u03c1 \u1f14\u03c0\u03b1\u03c3\u03c7\u03bf\u03bd, \u03c3\u03b1\u03c6\u1f72\u03c2 \u1f43\u03c4\u03b9 \u03c4\u1f70 \u03b1\u1f50\u03c4\u1f70 \u1f10\u03c0\u03b5\u03b2\u03bf\u03cd\u03bb\u03b5\u03c5\u03c3\u03b1 \u03ba\u03b1\u1f76 \u1f10\u03c0\u03b5\u03b2\u03bf\u03c5\u03bb\u03b5\u03cd\u03b8\u03b7\u03bd.\n\t\t\t\t\t<milestone n=\"6\" unit=\"section\" />\u03b5\u1f30 \u03b4\u03ad \u03c4\u03b9\u03c2 \u1f10\u03ba \u03c4\u1ff6\u03bd \u03c0\u03bb\u03b7\u03b3\u1ff6\u03bd \u03c4\u1f78\u03bd \u03b8\u03ac\u03bd\u03b1\u03c4\u03bf\u03bd \u03bf\u1f30\u03cc\u03bc\u03b5\u03bd\u03bf\u03c2 \u03b3\u03b5\u03bd\u03ad\u03c3\u03b8\u03b1\u03b9 \u03c6\u03bf\u03bd\u03ad\u03b1 \u03bc\u03b5 \u03b1\u1f50\u03c4\u03bf\u1fe6 \u1f21\u03b3\u03b5\u1fd6\u03c4\u03b1\u03b9 \u03b5\u1f36\u03bd\u03b1\u03b9, \u1f00\u03bd\u03c4\u03b9\u03bb\u03bf\u03b3\u03b9\u03c3\u03ac\u03c3\u03b8\u03c9 \u1f45\u03c4\u03b9 \u03b4\u03b9\u1f70 \u03c4\u1f78\u03bd \u1f04\u03c1\u03be\u03b1\u03bd\u03c4\u03b1 \u03b1\u1f31 \u03c0\u03bb\u03b7\u03b3\u03b1\u1f76 \u03b3\u03b5\u03bd\u03cc\u03bc\u03b5\u03bd\u03b1\u03b9 \u03c4\u03bf\u1fe6\u03c4\u03bf\u03bd \u03b1\u1f34\u03c4\u03b9\u03bf\u03bd \u03c4\u03bf\u1fe6 \u03b8\u03b1\u03bd\u03ac\u03c4\u03bf\u03c5 \u03ba\u03b1\u1f76 \u03bf\u1f50\u03ba \u1f10\u03bc\u1f72 \u1f00\u03c0\u03bf\u03c6\u03b1\u03af\u03bd\u03bf\u03c5\u03c3\u03b9\u03bd \u1f44\u03bd\u03c4\u03b1: \u03bf\u1f50 \u03b3\u1f70\u03c1 \u1f02\u03bd \u1f20\u03bc\u03c5\u03bd\u03ac\u03bc\u03b7\u03bd \u03bc\u1f74 \u03c4\u03c5\u03c0\u03c4\u03cc\u03bc\u03b5\u03bd\u03bf\u03c2 \u1f51\u03c0\u1fbd \u03b1\u1f50\u03c4\u03bf\u1fe6.<note anchored=\"yes\" lang=\"la\" resp=\"ed\" place=\"unspecified\">codd.</note>  \u1f00\u03c0\u03bf\u03bb\u03c5\u03cc\u03bc\u03b5\u03bd\u03bf\u03c2 \u03b4\u1f72 \u1f51\u03c0\u03cc \u03c4\u03b5 \u03c4\u03bf\u1fe6 &lt;\u03bd\u03cc\u03bc\u03bf\u03c5 \u1f51\u03c0\u03cc \u03c4\u03b5 \u03c4\u03bf\u1fe6&gt;<note anchored=\"yes\" lang=\"la\" resp=\"ed\" place=\"unspecified\"><foreign lang=\"greek\">\u03bd\u03cc\u03bc\u03bf\u03c5 \u1f51\u03c0\u03cc \u03c4\u03b5 \u03c4\u03bf\u1fe6</foreign> add. Reiske.</note> \u1f04\u03c1\u03be\u03b1\u03bd\u03c4\u03bf\u03c2 \u03c4\u1fc6\u03c2 \u03c0\u03bb\u03b7\u03b3\u1fc6\u03c2, \u1f10\u03b3\u1f7c \u03bc\u1f72\u03bd \u03bf\u1f50\u03b4\u03b5\u03bd\u1f76 \u03c4\u03c1\u03cc\u03c0\u1ff3 \u03c6\u03bf\u03bd\u03b5\u1f7a\u03c2 \u03b1\u1f50\u03c4\u03bf\u1fe6 \u03b5\u1f30\u03bc\u03b9, \u1f41 \u03b4\u1f72 \u1f00\u03c0\u03bf\u03b8\u03b1\u03bd\u03ce\u03bd, \u03b5\u1f30 \u03bc\u1f72\u03bd \u1f00\u03c4\u03c5\u03c7\u03af\u1fb3 \u03c4\u03ad\u03b8\u03bd\u03b7\u03ba\u03b5\u03bd, \u03c4\u1fc7 \u1f11\u03b1\u03c5\u03c4\u03bf\u1fe6 \u1f00\u03c4\u03c5\u03c7\u03af\u03b1 \u03ba\u03ad\u03c7\u03c1\u03b7\u03c4\u03b1\u03b9\u2014\u1f20\u03c4\u03cd\u03c7\u03b7\u03c3\u03b5 \u03b3\u1f70\u03c1 \u1f04\u03c1\u03be\u03b1\u03c2 \u03c4\u1fc6\u03c2 \u03c0\u03bb\u03b7\u03b3\u1fc6\u03c2\u2014\u03b5\u1f30 \u03b4\u1fbd \u1f00\u03b2\u03bf\u03c5\u03bb\u03af\u03b1 \u03c4\u03b9\u03bd\u03af, \u03c4\u1fc7 \u1f11\u03b1\u03c5\u03c4\u03bf\u1fe6 \u1f00\u03b2\u03bf\u03c5\u03bb\u03af\u1fb3 \u03b4\u03b9\u03ad\u03c6\u03b8\u03b1\u03c1\u03c4\u03b1\u03b9: \u03bf\u1f50 \u03b3\u1f70\u03c1 \u03b5\u1f56 \u03c6\u03c1\u03bf\u03bd\u1ff6\u03bd \u1f14\u03c4\u03c5\u03c0\u03c4\u03ad \u03bc\u03b5.\n\t\t\t\t\t<milestone n=\"7\" unit=\"section\" />\n\t\t\t\t</p>\n\t\t\t\t<p>\u1f61\u03c2 \u03bc\u1f72\u03bd \u03bf\u1f56\u03bd \u03bf\u1f50 \u03b4\u03b9\u03ba\u03b1\u03af\u03c9\u03c2 \u03ba\u03b1\u03c4\u03b7\u03b3\u03bf\u03c1\u03bf\u1fe6\u03bc\u03b1\u03b9, \u1f10\u03c0\u03b9\u03b4\u03ad\u03b4\u03b5\u03b9\u03ba\u03c4\u03b1\u03af \u03bc\u03bf\u03b9: \u1f10\u03b8\u03ad\u03bb\u03c9 \u03b4\u1f72 \u03c4\u03bf\u1f7a\u03c2 \u03ba\u03b1\u03c4\u03b7\u03b3\u03bf\u03c1\u03bf\u1fe6\u03bd\u03c4\u03ac\u03c2 \u03bc\u03bf\u03c5 \u03c0\u1fb6\u03c3\u03b9\u03bd \u03bf\u1f37\u03c2 \u1f10\u03b3\u03ba\u03b1\u03bb\u03bf\u1fe6\u03c3\u03b9\u03bd \u1f10\u03bd\u03cc\u03c7\u03bf\u03c5\u03c2 \u03b1\u1f50\u03c4\u03bf\u1f7a\u03c2<note anchored=\"yes\" lang=\"la\" resp=\"ed\" place=\"unspecified\"><foreign lang=\"greek\">\u03b1\u1f50\u03c4\u03bf\u1f7a\u03c2</foreign> om. <foreign lang=\"greek\">\u039d.</foreign></note> \u1f44\u03bd\u03c4\u03b1\u03c2 \u1f00\u03c0\u03bf\u03b4\u03b5\u1fd6\u03be\u03b1\u03b9. \u03ba\u03b1\u03b8\u03b1\u03c1\u1ff7 \u03bc\u03ad\u03bd \u03bc\u03bf\u03b9 \u03c4\u1fc6\u03c2 \u03b1\u1f30\u03c4\u03af\u03b1\u03c2 \u1f44\u03bd\u03c4\u03b9 \u03c6\u03cc\u03bd\u03bf\u03bd \u1f10\u03c0\u03b9\u03ba\u03b1\u03bb\u03bf\u1fe6\u03bd\u03c4\u03b5\u03c2,<note anchored=\"yes\" lang=\"la\" resp=\"ed\" place=\"unspecified\"><foreign lang=\"greek\">\u1f10\u03c0\u03b9\u03ba\u03b1\u03bb\u03bf\u1fe6\u03bd\u03c4\u03b5\u03c2</foreign> Kayser: <foreign lang=\"greek\">\u1f10\u03c0\u03b9\u03b2\u03bf\u03c5\u03bb\uff08-\u03b2\u03bf\u03bb-\uff09\u03b5\u03cd\u03bf\u03bd\u03c4\u03b5\u03c2</foreign> codd.</note> \u1f00\u03c0\u03bf\u03c3\u03c4\u03b5\u03c1\u03bf\u1fe6\u03bd\u03c4\u03b5\u03c2 \u03b4\u03ad \u03bc\u03b5 \u03c4\u03bf\u1fe6 \u03b2\u03af\u03bf\u03c5 \u1f43\u03bd \u1f41 \u03b8\u03b5\u1f78\u03c2 \u03c0\u03b1\u03c1\u03ad\u03b4\u03c9\u03ba\u03ad \u03bc\u03bf\u03b9, \u03c0\u03b5\u03c1\u1f76 \u03c4\u1f78\u03bd \u03b8\u03b5\u1f78\u03bd \u1f00\u03c3\u03b5\u03b2\u03bf\u1fe6\u03c3\u03b9\u03bd: \u1f00\u03b4\u03af\u03ba\u03c9\u03c2 \u03b4\u1f72 \u03b8\u03ac\u03bd\u03b1\u03c4\u03bf\u03bd \u1f10\u03c0\u03b9\u03b2\u03bf\u03c5\u03bb\u03b5\u03cd\u03bf\u03bd\u03c4\u03b5\u03c2 \u03c4\u03ac \u03c4\u03b5 \u03bd\u03cc\u03bc\u03b9\u03bc\u03b1 \u03c3\u03c5\u03b3\u03c7\u03ad\u03bf\u03c5\u03c3\u03b9 \u03c6\u03bf\u03bd\u1fc6\u03c2 \u03c4\u03ad \u03bc\u03bf\u03c5 \u03b3\u03af\u03b3\u03bd\u03bf\u03bd\u03c4\u03b1\u03b9: \u1f00\u03bd\u03bf\u03c3\u03af\u03c9\u03c2 \u03b4\u1fbd \u1f00\u03c0\u03bf\u03ba\u03c4\u03b5\u1fd6\u03bd\u03b1\u03b9 \u1f51\u03bc\u1fb6\u03c2 \u03bc\u03b5 \u03c0\u03b5\u03af\u03b8\u03bf\u03bd\u03c4\u03b5\u03c2 \u03ba\u03b1\u1f76 \u03c4\u1fc6\u03c2 \u1f51\u03bc\u03b5\u03c4\u03ad\u03c1\u03b1\u03c2 \u03b5\u1f50\u03c3\u03b5\u03b2\u03b5\u03af\u03b1\u03c2 \u2020\u03b1\u1f50\u03c4\u03bf\u1f76 \u03c6\u03bf\u03bd\u1fc6\u03c2\u2020<note anchored=\"yes\" lang=\"la\" resp=\"ed\" place=\"unspecified\">obelis inclusi.<foreign lang=\"greek\">\u03b1\u1f51\u03c4\u03bf\u1f76 \u03c6\u03bf\u03bd\u1fc6\u03c2</foreign> Blass: <foreign lang=\"greek\">\u1f00\u03bd\u03b1\u03c4\u03c1\u03bf\u03c0\u1fc6\u03c2</foreign> cf. Thalheim.</note> \u03b5\u1f30\u03c3\u03af.\n\t\t\t\t\t<milestone n=\"8\" unit=\"section\" />\u03c4\u03bf\u03cd\u03c4\u03bf\u03b9\u03c2 \u03bc\u1f72\u03bd \u03bf\u1f56\u03bd \u1f41 \u03b8\u03b5\u1f78\u03c2 \u1f10\u03c0\u03b9\u03b8\u03b5\u03af\u03b7 \u03c4\u1f74\u03bd \u03b4\u03af\u03ba\u03b7\u03bd: \u1f51\u03bc\u1fb6\u03c2 \u03b4\u1f72 \u03c7\u03c1\u1f74 \u03c4\u1f78 \u1f51\u03bc\u03ad\u03c4\u03b5\u03c1\u03bf\u03bd \u03c3\u03ba\u03bf\u03c0\u03bf\u1fe6\u03bd\u03c4\u03b1\u03c2 \u1f00\u03c0\u03bf\u03bb\u1fe6\u03c3\u03b1\u03af \u03bc\u03b5 \u03bc\u1fb6\u03bb\u03bb\u03bf\u03bd \u1f22 \u03ba\u03b1\u03c4\u03b1\u03bb\u03b1\u03b2\u03b5\u1fd6\u03bd \u03b2\u03bf\u03cd\u03bb\u03b5\u03c3\u03b8\u03b1\u03b9. \u1f00\u03b4\u03af\u03ba\u03c9\u03c2 \u03bc\u1f72\u03bd \u03b3\u1f70\u03c1 \u1f00\u03c0\u03bf\u03bb\u03c5\u03b8\u03b5\u03af\u03c2, \u03b4\u03b9\u1f70 \u03c4\u1f78 \u03bc\u1f74 \u1f40\u03c1\u03b8\u1ff6\u03c2 \u1f51\u03bc\u1fb6\u03c2 \u03b4\u03b9\u03b4\u03b1\u03c7\u03b8\u1fc6\u03bd\u03b1\u03b9 \u1f00\u03c0\u03bf\u03c6\u03c5\u03b3\u03ce\u03bd, \u03c4\u03bf\u1fe6 \u03bc\u1f74 \u03b4\u03b9\u03b4\u03ac\u03be\u03b1\u03bd\u03c4\u03bf\u03c2 \u03ba\u03b1\u1f76 \u03bf\u1f50\u03c7 \u1f51\u03bc\u03ad\u03c4\u03b5\u03c1\u03bf\u03bd \u03c4\u1f78\u03bd \u03c0\u03c1\u03bf\u03c3\u03c4\u03c1\u03cc\u03c0\u03b1\u03b9\u03bf\u03bd \u03c4\u03bf\u1fe6 \u1f00\u03c0\u03bf\u03b8\u03b1\u03bd\u03cc\u03bd\u03c4\u03bf\u03c2 \u03ba\u03b1\u03c4\u03b1\u03c3\u03c4\u03ae\u03c3\u03c9: \u03bc\u1f74 \u1f40\u03c1\u03b8\u1ff6\u03c2 \u03b4\u1f72 \u03ba\u03b1\u03c4\u03b1\u03bb\u03b7\u03c6\u03b8\u03b5\u1f76\u03c2 \u1f51\u03c6\u1fbd \u1f51\u03bc\u1ff6\u03bd, \u1f51\u03bc\u1fd6\u03bd \u03ba\u03b1\u1f76 \u03bf\u1f50 \u03c4\u03bf\u03cd\u03c4\u1ff3 \u03c4\u1f78 \u03bc\u03ae\u03bd\u03b9\u03bc\u03b1 \u03c4\u1ff6\u03bd \u1f00\u03bb\u03b9\u03c4\u03b7\u03c1\u03af\u03c9\u03bd \u03c0\u03c1\u03bf\u03c3\u03c4\u03c1\u03ad\u03c8\u03bf\u03bc\u03b1\u03b9.<note anchored=\"yes\" lang=\"la\" resp=\"ed\" place=\"unspecified\"><foreign lang=\"greek\">\u03c0\u03c1\u03bf\u03c3\u03c4\u03c1\u03ad\u03c8\u03bf\u03bc\u03b1\u03b9</foreign> Gernet, coll. Plat. Leg. ix. 866 B:<foreign lang=\"greek\">\u03c0\u03c1\u03bf\u03c3\u03c4\u03c1\u03af\u03c8\u03bf\u03bc\u03b1\u03b9</foreign></note>\n\t\t\t\t\t<milestone n=\"9\" unit=\"section\" />\n\t\t\t\t</p>\n\t\t\t\t<p>\u03c4\u03b1\u1fe6\u03c4\u1fbd \u03bf\u1f56\u03bd \u03b5\u1f30\u03b4\u03cc\u03c4\u03b5\u03c2, \u03c4\u03bf\u03c5\u03c4\u03bf\u03b9\u03c3\u1f76 \u03c4\u1f78 \u1f00\u03c3\u03ad\u03b2\u03b7\u03bc\u03b1 \u03c4\u03bf\u1fe6\u03c4\u03bf \u1f00\u03bd\u03b1\u03b8\u03ad\u03bd\u03c4\u03b5\u03c2, \u03b1\u1f50\u03c4\u03bf\u03af \u03c4\u03b5 \u03ba\u03b1\u03b8\u03b1\u03c1\u03bf\u1f76 \u03c4\u1fc6\u03c2 \u03b1\u1f30\u03c4\u03af\u03b1\u03c2 \u03b3\u03ad\u03bd\u03b5\u03c3\u03b8\u03b5, \u1f10\u03bc\u03ad \u03c4\u03b5 \u1f41\u03c3\u03af\u03c9\u03c2 \u03ba\u03b1\u1f76 \u03b4\u03b9\u03ba\u03b1\u03af\u03c9\u03c2 \u1f00\u03c0\u03bf\u03bb\u03cd\u03b5\u03c4\u03b5: \u03bf\u1f55\u03c4\u03c9 \u03b3\u1f70\u03c1 \u1f02\u03bd \u03ba\u03b1\u03b8\u03b1\u03c1\u03ce\u03c4\u03b1\u03c4\u03bf\u03b9 \u03c0\u03ac\u03bd\u03c4\u03b5\u03c2 \u03bf\u1f31 \u03c0\u03bf\u03bb\u1fd6\u03c4\u03b1\u03b9 \u03b5\u1f34\u03b7\u03bc\u03b5\u03bd.\n\t\t\t\t</p></div2></div1></body></text></TEI.2> <?xml version=\"1.0\" encoding=\"utf-8\"?>\n<TEI.2><text><body><div1 decls=\"gen.forensic.tetralogy\" type=\"speech\" n=\"4\" org=\"uniform\" sample=\"complete\"><div2 type=\"tetralogy\" n=\"3\" org=\"uniform\" sample=\"complete\">\n\t\t\t\t<head>\u1f18\u03ba \u03ba\u03b1\u03c4\u03b7\u03b3\u03bf\u03c1\u03af\u03b1\u03c2 \u1f43 \u1f55\u03c3\u03c4\u03b5\u03c1\u03bf\u03c2</head>\n\t\t\t\t<milestone n=\"1\" unit=\"section\" />\n\t\t\t\t<p>\u03c4\u03bf\u1fe6\u03c4\u03cc\u03bd \u03c4\u03b5 \u03bf\u1f50 \u03b8\u03b1\u03c5\u03bc\u03ac\u03b6\u03c9 \u1f00\u03bd\u03cc\u03c3\u03b9\u03b1 \u03b4\u03c1\u03ac\u03c3\u03b1\u03bd\u03c4\u03b1 \u1f45\u03bc\u03bf\u03b9\u03b1 \u03bf\u1f37\u03c2 \u03b5\u1f34\u03c1\u03b3\u03b1\u03c3\u03c4\u03b1\u03b9 \u03bb\u03ad\u03b3\u03b5\u03b9\u03bd, \u1f51\u03bc\u1fd6\u03bd \u03c4\u03b5 \u03c3\u03c5\u03b3\u03b3\u03b9\u03b3\u03bd\u03ce\u03c3\u03ba\u03c9 \u03b2\u03bf\u03c5\u03bb\u03bf\u03bc\u03ad\u03bd\u03bf\u03b9\u03c2 \u03c4\u1f74\u03bd \u1f00\u03ba\u03c1\u03af\u03b2\u03b5\u03b9\u03b1\u03bd \u03c4\u1ff6\u03bd \u03c0\u03c1\u03b1\u03c7\u03b8\u03ad\u03bd\u03c4\u03c9\u03bd \u03bc\u03b1\u03b8\u03b5\u1fd6\u03bd \u03c4\u03bf\u03b9\u03b1\u1fe6\u03c4\u03b1 \u1f00\u03bd\u03ad\u03c7\u03b5\u03c3\u03b8\u03b1\u03b9 \u1f00\u03ba\u03bf\u03cd\u03bf\u03bd\u03c4\u03b1\u03c2 \u03b1\u1f50\u03c4\u03bf\u1fe6, \u1f03 \u1f10\u03ba\u03b2\u03ac\u03bb\u03bb\u03b5\u03c3\u03b8\u03b1\u03b9 \u1f04\u03be\u03b9\u03ac \u1f10\u03c3\u03c4\u03b9. \u03c4\u1f78\u03bd \u03b3\u1f70\u03c1 \u1f04\u03bd\u03b4\u03c1\u03b1 \u1f41\u03bc\u03bf\u03bb\u03bf\u03b3\u1ff6\u03bd \u03c4\u03cd\u03c0\u03c4\u03b5\u03b9\u03bd \u03c4\u1f70\u03c2 \u03c0\u03bb\u03b7\u03b3\u1f70\u03c2 \u1f10\u03be \u1f67\u03bd \u1f00\u03c0\u03ad\u03b8\u03b1\u03bd\u03b5\u03bd, \u03b1\u1f50\u03c4\u1f78\u03c2 \u03bc\u1f72\u03bd \u03c4\u03bf\u1fe6 \u03c4\u03b5\u03b8\u03bd\u03b7\u03ba\u03cc\u03c4\u03bf\u03c2 \u03bf\u1f54 \u03c6\u03b7\u03c3\u03b9 \u03c6\u03bf\u03bd\u03b5\u1f7a\u03c2 \u03b5\u1f36\u03bd\u03b1\u03b9, \u1f21\u03bc\u1fb6\u03c2 \u03b4\u1f72 \u03c4\u03bf\u1f7a\u03c2 \u03c4\u03b9\u03bc\u03c9\u03c1\u03bf\u1fe6\u03bd\u03c4\u03b1\u03c2 \u03b1\u1f50\u03c4\u1ff7 \u03b6\u1ff6\u03bd \u03c4\u03b5 \u03ba\u03b1\u1f76 \u03b2\u03bb\u03ad\u03c0\u03c9\u03bd \u03c6\u03bf\u03bd\u03ad\u03b1\u03c2 \u03b1\u1f51\u03c4\u03bf\u1fe6 \u03c6\u03b7\u03c3\u03b9\u03bd \u03b5\u1f36\u03bd\u03b1\u03b9. \u03b8\u03ad\u03bb\u03c9 \u03b4\u1f72 \u03ba\u03b1\u1f76 \u03c4\u1f06\u03bb\u03bb\u03b1 \u03c0\u03b1\u03c1\u03b1\u03c0\u03bb\u03ae\u03c3\u03b9\u03b1 \u1f00\u03c0\u03bf\u03bb\u03bf\u03b3\u03b7\u03b8\u03ad\u03bd\u03c4\u03b1 \u03c4\u03bf\u03cd\u03c4\u03bf\u03b9\u03c2 \u1f10\u03c0\u03b9\u03b4\u03b5\u1fd6\u03be\u03b1\u03b9 \u03b1\u1f50\u03c4\u03cc\u03bd.\n\t\t\t\t\t<milestone n=\"2\" unit=\"section\" />\n\t\t\t\t</p>\n\t\t\t\t<p>\u03b5\u1f36\u03c0\u03b5 \u03b4\u1f72 \u03c0\u03c1\u1ff6\u03c4\u03bf\u03bd \u03bc\u03ad\u03bd, \u03b5\u1f30 \u03ba\u03b1\u1f76 \u1f10\u03ba \u03c4\u1ff6\u03bd \u03c0\u03bb\u03b7\u03b3\u1ff6\u03bd \u1f00\u03c0\u03ad\u03b8\u03b1\u03bd\u03b5\u03bd \u1f41 \u1f00\u03bd\u03ae\u03c1, \u1f61\u03c2 \u03bf\u1f50\u03ba \u1f00\u03c0\u03ad\u03ba\u03c4\u03b5\u03b9\u03bd\u03b5\u03bd \u03b1\u1f50\u03c4\u03cc\u03bd: \u03c4\u1f78\u03bd \u03b3\u1f70\u03c1 \u1f04\u03c1\u03be\u03b1\u03bd\u03c4\u03b1 \u03c4\u1fc6\u03c2 \u03c0\u03bb\u03b7\u03b3\u1fc6\u03c2, \u03c4\u03bf\u1fe6\u03c4\u03bf\u03bd \u03b1\u1f34\u03c4\u03b9\u03bf\u03bd \u03c4\u1ff6\u03bd \u03c0\u03c1\u03b1\u03c7\u03b8\u03ad\u03bd\u03c4\u03c9\u03bd \u03b3\u03b5\u03bd\u03cc\u03bc\u03b5\u03bd\u03bf\u03bd \u03ba\u03b1\u03c4\u03b1\u03bb\u03b1\u03bc\u03b2\u03ac\u03bd\u03b5\u03c3\u03b8\u03b1\u03b9 \u1f51\u03c0\u1f78 \u03c4\u03bf\u1fe6 \u03bd\u03cc\u03bc\u03bf\u03c5, \u1f04\u03c1\u03be\u03b1\u03b9 \u03b4\u1f72 \u03c4\u1f78\u03bd \u1f00\u03c0\u03bf\u03b8\u03b1\u03bd\u03cc\u03bd\u03c4\u03b1. \u03bc\u03ac\u03b8\u03b5\u03c4\u03b5 \u03b4\u1f74 \u03c0\u03c1\u1ff6\u03c4\u03bf\u03bd \u03bc\u1f72\u03bd \u1f45\u03c4\u03b9 \u1f04\u03c1\u03be\u03b1\u03b9 \u03ba\u03b1\u1f76 \u03c0\u03b1\u03c1\u03bf\u03b9\u03bd\u03b5\u1fd6\u03bd \u03c4\u03bf\u1f7a\u03c2 \u03bd\u03b5\u03c9\u03c4\u03ad\u03c1\u03bf\u03c5\u03c2 \u03c4\u1ff6\u03bd \u03c0\u03c1\u03b5\u03c3\u03b2\u03c5\u03c4\u03ad\u03c1\u03c9\u03bd \u03b5\u1f30\u03ba\u03cc\u03c4\u03b5\u03c1\u03cc\u03bd \u1f10\u03c3\u03c4\u03b9: \u03c4\u03bf\u1f7a\u03c2 \u03bc\u1f72\u03bd \u03b3\u1f70\u03c1 \u1f25 \u03c4\u03b5 \u03bc\u03b5\u03b3\u03b1\u03bb\u03bf\u03c6\u03c1\u03bf\u03c3\u03cd\u03bd\u03b7 \u03c4\u03bf\u1fe6 \u03b3\u03ad\u03bd\u03bf\u03c5\u03c2 \u1f25 \u03c4\u03b5 \u1f00\u03ba\u03bc\u1f74 \u03c4\u1fc6\u03c2 \u1fe5\u03ce\u03bc\u03b7\u03c2<note anchored=\"yes\" lang=\"la\" resp=\"ed\" place=\"unspecified\"><foreign lang=\"greek\">\u1fe5\u03ce\u03bc\u03b7\u03c2 \u0391 </foreign> corr. <foreign lang=\"greek\">\u039d: \u1f61..\u03c2 \uff08</foreign> sc. <foreign lang=\"greek\">\u1f65\u03c1\u03b1\u03c2\uff09 \u0391</foreign> pr.</note> \u1f25 \u03c4\u03b5 \u1f00\u03c0\u03b5\u03b9\u03c1\u03af\u03b1 \u03c4\u1fc6\u03c2 \u03bc\u03ad\u03b8\u03b7\u03c2 \u1f10\u03c0\u03b1\u03af\u03c1\u03b5\u03b9 \u03c4\u1ff7 \u03b8\u03c5\u03bc\u1ff7 \u03c7\u03b1\u03c1\u03af\u03b6\u03b5\u03c3\u03b8\u03b1\u03b9, \u03c4\u03bf\u1f7a\u03c2 \u03b4\u1f72 \u1f25 \u03c4\u03b5 \u1f10\u03bc\u03c0\u03b5\u03b9\u03c1\u03af\u03b1 \u03c4\u1ff6\u03bd \u03c0\u03b1\u03c1\u03bf\u03b9\u03bd\u03bf\u03c5\u03bc\u03ad\u03bd\u03c9\u03bd<note anchored=\"yes\" lang=\"la\" resp=\"ed\" place=\"unspecified\"><foreign lang=\"greek\">\u03c0\u03b1\u03c1\u03bf\u03b9\u03bd\u03bf\u03c5\u03bc\u03ad\u03bd\u03c9\u03bd</foreign> Reiske: <foreign lang=\"greek\">\u03c0\u03b1\u03c1\u03b1\u03bd\u03bf\u03bc\u03bf\u03c5\u03bc\u03ad\u03bd\u03c9\u03bd</foreign> codd.</note> \u1f25 \u03c4\u03b5 \u1f00\u03c3\u03b8\u03ad\u03bd\u03b5\u03b9\u03b1 \u03c4\u03bf\u1fe6 \u03b3\u03ae\u03c1\u03c9\u03c2 \u1f25 \u03c4\u03b5 \u03b4\u03cd\u03bd\u03b1\u03bc\u03b9\u03c2 \u03c4\u1ff6\u03bd \u03bd\u03ad\u03c9\u03bd \u03c6\u03bf\u03b2\u03bf\u1fe6\u03c3\u03b1 \u03c3\u03c9\u03c6\u03c1\u03bf\u03bd\u03af\u03b6\u03b5\u03b9.\n\t\t\t\t\t<milestone n=\"3\" unit=\"section\" />\n\t\t\t\t</p>\n\t\t\t\t<p>\u1f61\u03c2 \u03b4\u1f72 \u03bf\u1f50\u03b4\u1f72 \u03c4\u03bf\u1fd6\u03c2 \u03b1\u1f50\u03c4\u03bf\u1fd6\u03c2 \u1f00\u03bb\u03bb\u1f70 \u03c4\u03bf\u1fd6\u03c2 \u1f10\u03bd\u03b1\u03bd\u03c4\u03b9\u03c9\u03c4\u03ac\u03c4\u03bf\u03b9\u03c2 \u1f20\u03bc\u03cd\u03bd\u03b1\u03c4\u03bf \u03b1\u1f50\u03c4\u03cc\u03bd, \u03b1\u1f50\u03c4\u1f78 \u03c4\u1f78 \u1f14\u03c1\u03b3\u03bf\u03bd \u03c3\u03b7\u03bc\u03b1\u03af\u03bd\u03b5\u03b9. \u1f41 \u03bc\u1f72\u03bd \u03b3\u1f70\u03c1 \u1f00\u03ba\u03bc\u03b1\u03b6\u03bf\u03cd\u03c3\u1fc3 \u03c4\u1fc7 \u1fe5\u03ce\u03bc\u1fc3 \u03c4\u1ff6\u03bd \u03c7\u03b5\u03b9\u03c1\u1ff6\u03bd \u03c7\u03c1\u03ce\u03bc\u03b5\u03bd\u03bf\u03c2 \u1f00\u03c0\u03ad\u03ba\u03c4\u03b5\u03b9\u03bd\u03b5\u03bd: \u1f41 \u03b4\u1f72 \u1f00\u03b4\u03c5\u03bd\u03ac\u03c4\u03c9\u03c2 \u03c4\u1f78\u03bd \u03ba\u03c1\u03b5\u03af\u03c3\u03c3\u03bf\u03bd\u03b1 \u1f00\u03bc\u03c5\u03bd\u03cc\u03bc\u03b5\u03bd\u03bf\u03c2, \u03bf\u1f50\u03b4\u1f72 \u03c3\u03b7\u03bc\u03b5\u1fd6\u03bf\u03bd \u03bf\u1f50\u03b4\u1f72\u03bd \u1f67\u03bd \u1f20\u03bc\u03cd\u03bd\u03b1\u03c4\u03bf \u1f51\u03c0\u03bf\u03bb\u03b9\u03c0\u03ce\u03bd,<note anchored=\"yes\" lang=\"la\" resp=\"ed\" place=\"unspecified\"><foreign lang=\"greek\">\u1f67\u03bd \u1f20\u03bc\u03cd\u03bd\u03b1\u03c4\u03bf \u1f51\u03c0\u03bf\u03bb\u03b5\u03af\u03c0\u03c9\u03bd \u039d: \u1f51\u03c0\u03bf\u03bb\u03b9\u03c0\u1f7c\u03bd \u1f67\u03bd \u1f20\u03bc\u03cd\u03bd\u03b1\u03c4\u03bf \u0391.</foreign></note> \u1f00\u03c0\u03ad\u03b8\u03b1\u03bd\u03b5\u03bd. \u03b5\u1f30 \u03b4\u1f72 \u03c4\u03b1\u1fd6\u03c2 \u03c7\u03b5\u03c1\u03c3\u1f76\u03bd \u1f00\u03c0\u03ad\u03ba\u03c4\u03b5\u03b9\u03bd\u03b5 \u03ba\u03b1\u1f76 \u03bf\u1f50 \u03c3\u03b9\u03b4\u03ae\u03c1\u1ff3, \u1f45\u03c3\u03bf\u03bd \u03b1\u1f31 \u03c7\u03b5\u1fd6\u03c1\u03b5\u03c2 \u03c4\u03bf\u1fe6 \u03c3\u03b9\u03b4\u03ae\u03c1\u03bf\u03c5 \u03bf\u1f30\u03ba\u03b5\u03b9\u03cc\u03c4\u03b5\u03c1\u03b1\u03b9 \u03c4\u03bf\u03cd\u03c4\u1ff3 \u03b5\u1f30\u03c3\u03af, \u03c4\u03bf\u03c3\u03bf\u03cd\u03c4\u1ff3 \u03bc\u1fb6\u03bb\u03bb\u03bf\u03bd \u03c6\u03bf\u03bd\u03b5\u03cd\u03c2 \u1f10\u03c3\u03c4\u03b9\u03bd.\n\t\t\t\t\t<milestone n=\"4\" unit=\"section\" />\n\t\t\t\t</p>\n\t\t\t\t<p>\u1f10\u03c4\u03cc\u03bb\u03bc\u03b7\u03c3\u03b5 \u03b4\u1f72 \u03b5\u1f30\u03c0\u03b5\u1fd6\u03bd \u1f61\u03c2 \u1f41 \u1f04\u03c1\u03be\u03b1\u03c2 \u03c4\u1fc6\u03c2 \u03c0\u03bb\u03b7\u03b3\u1fc6\u03c2 \u03ba\u03b1\u1f76 \u03bc\u1f74 \u03b4\u03b9\u03b1\u03c6\u03b8\u03b5\u03af\u03c1\u03b1\u03c2 \u03bc\u1fb6\u03bb\u03bb\u03bf\u03bd \u03c4\u03bf\u1fe6 \u1f00\u03c0\u03bf\u03ba\u03c4\u03b5\u03af\u03bd\u03b1\u03bd\u03c4\u03bf\u03c2 \u03c6\u03bf\u03bd\u03b5\u03cd\u03c2 \u1f10\u03c3\u03c4\u03b9: \u03c4\u03bf\u1fe6\u03c4\u03bf\u03bd \u03b3\u1f70\u03c1 \u03b2\u03bf\u03c5\u03bb\u03b5\u03c5\u03c4\u1f74\u03bd \u03c4\u03bf\u1fe6 \u03b8\u03b1\u03bd\u03ac\u03c4\u03bf\u03c5 \u03c6\u03b7\u03c3\u1f76 \u03b3\u03b5\u03bd\u03ad\u03c3\u03b8\u03b1\u03b9. \u1f10\u03b3\u1f7c \u03b4\u1f72 \u03c0\u03bf\u03bb\u1f7a \u03c4\u1f00\u03bd\u03b1\u03bd\u03c4\u03af\u03b1 \u03c4\u03bf\u03cd\u03c4\u03c9\u03bd \u03c6\u03b7\u03bc\u03af. \u03b5\u1f30 \u03b3\u1f70\u03c1 \u03b1\u1f31 \u03c7\u03b5\u1fd6\u03c1\u03b5\u03c2 \u1f03 \u03b4\u03b9\u03b1\u03bd\u03bf\u03bf\u03cd\u03bc\u03b5\u03b8\u03b1 \u1f11\u03ba\u03ac\u03c3\u03c4\u1ff3 \u1f21\u03bc\u1ff6\u03bd \u1f51\u03c0\u03bf\u03c5\u03c1\u03b3\u03bf\u1fe6\u03c3\u03b9\u03bd, \u1f41 \u03bc\u1f72\u03bd \u03c0\u03b1\u03c4\u03ac\u03be\u03b1\u03c2 \u03ba\u03b1\u1f76 \u03bc\u1f74 \u1f00\u03c0\u03bf\u03ba\u03c4\u03b5\u03af\u03bd\u03b1\u03c2 \u03c4\u1fc6\u03c2 \u03c0\u03bb\u03b7\u03b3\u1fc6\u03c2 \u03b2\u03bf\u03c5\u03bb\u03b5\u03c5\u03c4\u1f74\u03c2 \u1f10\u03b3\u03ad\u03bd\u03b5\u03c4\u03bf, \u1f41 \u03b4\u1f72 \u03b8\u03b1\u03bd\u03b1\u03c3\u03af\u03bc\u03c9\u03c2 \u03c4\u03cd\u03c0\u03c4\u03c9\u03bd \u03c4\u03bf\u1fe6 \u03b8\u03b1\u03bd\u03ac\u03c4\u03bf\u03c5: \u1f10\u03ba \u03b3\u1f70\u03c1 \u1f67\u03bd \u1f10\u03ba\u03b5\u1fd6\u03bd\u03bf\u03c2 \u03b4\u03b9\u03b1\u03bd\u03bf\u03b7\u03b8\u03b5\u1f76\u03c2 \u1f14\u03b4\u03c1\u03b1\u03c3\u03b5\u03bd, \u1f41 \u1f00\u03bd\u1f74\u03c1 \u03c4\u03ad\u03b8\u03bd\u03b7\u03ba\u03b5\u03bd.\n\t\t\t\t</p>\n\t\t\t\t<p>\u1f14\u03c3\u03c4\u03b9 \u03b4\u1f72 \u1f21 \u03bc\u1f72\u03bd \u1f00\u03c4\u03c5\u03c7\u03af\u03b1 \u03c4\u03bf\u1fe6 \u03c0\u03b1\u03c4\u03ac\u03be\u03b1\u03bd\u03c4\u03bf\u03c2, \u1f21 \u03b4\u1f72 \u03c3\u03c5\u03bc\u03c6\u03bf\u03c1\u1f70 \u03c4\u03bf\u1fe6 \u03c0\u03b1\u03b8\u03cc\u03bd\u03c4\u03bf\u03c2. \u1f41 \u03bc\u1f72\u03bd \u03b3\u1f70\u03c1 \u1f10\u03be \u1f67\u03bd \u1f14\u03b4\u03c1\u03b1\u03c3\u03b5\u03bd \u1f10\u03ba\u03b5\u1fd6\u03bd\u03bf\u03c2 \u03b4\u03b9\u03b1\u03c6\u03b8\u03b1\u03c1\u03b5\u03af\u03c2, \u03bf\u1f50 \u03c4\u1fc7 \u1f11\u03b1\u03c5\u03c4\u03bf\u1fe6 \u1f01\u03bc\u03b1\u03c1\u03c4\u03af\u1fb3 \u1f00\u03bb\u03bb\u1f70 \u03c4\u1fc7 \u03c4\u03bf\u1fe6 \u03c0\u03b1\u03c4\u03ac\u03be\u03b1\u03bd\u03c4\u03bf\u03c2 \u03c7\u03c1\u03b7\u03c3\u03ac\u03bc\u03b5\u03bd\u03bf\u03c2 \u1f00\u03c0\u03ad\u03b8\u03b1\u03bd\u03b5\u03bd:<note anchored=\"yes\" lang=\"la\" resp=\"ed\" place=\"unspecified\"><foreign lang=\"greek\">\u1f00\u03c0\u03ad\u03b8\u03b1\u03bd\u03b5\u03bd \u0391: \u1f14\u03c0\u03b1\u03b8\u03b5\u03bd \u039d.</foreign></note> \u1f41 \u03b4\u1f72 \u03bc\u03b5\u03af\u03b6\u03c9 \u1f67\u03bd \u1f24\u03b8\u03b5\u03bb\u03b5 \u03c0\u03c1\u03ac\u03be\u03b1\u03c2, \u03c4\u1fc7 \u1f11\u03b1\u03c5\u03c4\u03bf\u1fe6 \u1f00\u03c4\u03c5\u03c7\u03af\u1fb3 \u1f43\u03bd \u03bf\u1f50\u03ba \u1f24\u03b8\u03b5\u03bb\u03b5\u03bd \u1f00\u03c0\u03ad\u03ba\u03c4\u03b5\u03b9\u03bd\u03b5\u03bd.\n\t\t\t\t\t<milestone n=\"5\" unit=\"section\" />\n\t\t\t\t</p>\n\t\t\t\t<p>\u1f51\u03c0\u1f78 \u03b4\u1f72 \u03c4\u03bf\u1fe6 \u1f30\u03b1\u03c4\u03c1\u03bf\u1fe6 \u03c6\u03ac\u03c3\u03ba\u03c9\u03bd \u03b1\u1f50\u03c4\u1f78\u03bd \u1f00\u03c0\u03bf\u03b8\u03b1\u03bd\u03b5\u1fd6\u03bd, \u03b8\u03b1\u03c5\u03bc\u03ac\u03b6\u03c9 \u1f45\u03c4\u03b9 [\u03bf\u1f50\u03c7]<note anchored=\"yes\" lang=\"la\" resp=\"ed\" place=\"unspecified\"><foreign lang=\"greek\">\u03bf\u1f50\u03c7</foreign> del. Hemstege. cf.<foreign lang=\"greek\">\u03b2. 4.</foreign></note> \u1f51\u03c6\u1fbd \u1f21\u03bc\u1ff6\u03bd \u03c4\u1ff6\u03bd \u03c3\u03c5\u03bc\u03b2\u03bf\u03c5\u03bb\u03b5\u03c5\u03c3\u03ac\u03bd\u03c4\u03c9\u03bd \u1f10\u03c0\u03b9\u03c4\u03c1\u03b5\u03c6\u03b8\u1fc6\u03bd\u03b1\u03af \u03c6\u03b7\u03c3\u03b9\u03bd \u03b1\u1f50\u03c4\u1f78\u03bd \u03b4\u03b9\u03b1\u03c6\u03b8\u03b1\u03c1\u1fc6\u03bd\u03b1\u03b9. \u03ba\u03b1\u1f76 \u03b3\u1f70\u03c1 \u1f02\u03bd \u03b5\u1f30 \u03bc\u1f74 \u1f10\u03c0\u03b5\u03c4\u03c1\u03ad\u03c8\u03b1\u03bc\u03b5\u03bd, \u1f51\u03c0\u1fbd \u1f00\u03b8\u03b5\u03c1\u03b1\u03c0\u03b5\u03af\u03b1\u03c2 \u1f02\u03bd \u1f14\u03c6\u03b7 \u03b4\u03b9\u03b1\u03c6\u03b8\u03b1\u03c1\u1fc6\u03bd\u03b1\u03b9 \u03b1\u1f50\u03c4\u03cc\u03bd. \u03b5\u1f30 \u03b4\u03ad \u03c4\u03bf\u03b9 \u03ba\u03b1\u1f76 \u1f51\u03c0\u1f78 \u03c4\u03bf\u1fe6 \u1f30\u03b1\u03c4\u03c1\u03bf\u1fe6 \u1f00\u03c0\u03ad\u03b8\u03b1\u03bd\u03b5\u03bd, \u1f61\u03c2 \u03bf\u1f50\u03ba \u1f00\u03c0\u03ad\u03b8\u03b1\u03bd\u03b5\u03bd, \u1f41 \u03bc\u1f72\u03bd \u1f30\u03b1\u03c4\u03c1\u1f78\u03c2 \u03bf\u1f50 \u03c6\u03bf\u03bd\u03b5\u1f7a\u03c2 \u03b1\u1f50\u03c4\u03bf\u1fe6 \u1f10\u03c3\u03c4\u03b9\u03bd, \u1f41 \u03b3\u1f70\u03c1 \u03bd\u03cc\u03bc\u03bf\u03c2 \u1f00\u03c0\u03bf\u03bb\u03cd\u03b5\u03b9 \u03b1\u1f50\u03c4\u03cc\u03bd, \u03b4\u03b9\u1f70 \u03b4\u1f72 \u03c4\u1f70\u03c2 \u03c4\u03bf\u03cd\u03c4\u03bf\u03c5 \u03c0\u03bb\u03b7\u03b3\u1f70\u03c2 \u1f10\u03c0\u03b9\u03c4\u03c1\u03b5\u03c8\u03ac\u03bd\u03c4\u03c9\u03bd \u1f21\u03bc\u1ff6\u03bd \u03b1\u1f50\u03c4\u1ff7, \u03c0\u1ff6\u03c2 \u1f02\u03bd \u1f04\u03bb\u03bb\u03bf\u03c2 \u03c4\u03b9\u03c2 \u1f22 \u1f41 \u03b2\u03b9\u03b1\u03c3\u03ac\u03bc\u03b5\u03bd\u03bf\u03c2 \u1f21\u03bc\u1fb6\u03c2 \u03c7\u03c1\u1fc6\u03c3\u03b8\u03b1\u03b9 \u03b1\u1f50\u03c4\u1ff7 \u03c6\u03bf\u03bd\u03b5\u1f7a\u03c2 \u03b5\u1f34\u03b7 \u1f04\u03bd;\n\t\t\t\t\t<milestone n=\"6\" unit=\"section\" />\n\t\t\t\t</p>\n\t\t\t\t<p>\u03bf\u1f55\u03c4\u03c9 \u03b4\u1f72 \u03c6\u03b1\u03bd\u03b5\u03c1\u1ff6\u03c2 \u1f10\u03ba \u03c0\u03b1\u03bd\u03c4\u1f78\u03c2 \u03c4\u03c1\u03cc\u03c0\u03bf\u03c5 \u1f10\u03bb\u03b5\u03b3\u03c7\u03cc\u03bc\u03b5\u03bd\u03bf\u03c2 \u1f00\u03c0\u03bf\u03ba\u03c4\u03b5\u1fd6\u03bd\u03b1\u03b9 \u03c4\u1f78\u03bd \u1f04\u03bd\u03b4\u03c1\u03b1, \u03b5\u1f30\u03c2 \u03c4\u03bf\u1fe6\u03c4\u03bf \u03c4\u03cc\u03bb\u03bc\u03b7\u03c2 \u03ba\u03b1\u1f76 \u1f00\u03bd\u03b1\u03b9\u03b4\u03b5\u03af\u03b1\u03c2 \u1f25\u03ba\u03b5\u03b9, \u1f65\u03c3\u03c4\u1fbd \u03bf\u1f50\u03ba \u1f00\u03c1\u03ba\u03bf\u1fe6\u03bd \u03b1\u1f50\u03c4\u1ff7 \u1f10\u03c3\u03c4\u03b9\u03bd \u1f51\u03c0\u1f72\u03c1 \u03c4\u1fc6\u03c2 \u03b1\u1f51\u03c4\u03bf\u1fe6 \u1f00\u03c3\u03b5\u03b2\u03b5\u03af\u03b1\u03c2 \u1f00\u03c0\u03bf\u03bb\u03bf\u03b3\u03b5\u1fd6\u03c3\u03b8\u03b1\u03b9, \u1f00\u03bb\u03bb\u1f70 \u03ba\u03b1\u1f76 \u1f21\u03bc\u1fb6\u03c2, \u03bf\u1f33 \u03c4\u1f78 \u03c4\u03bf\u03cd\u03c4\u03bf\u03c5 \u03bc\u03af\u03b1\u03c3\u03bc\u03b1 \u1f10\u03c0\u03b5\u03be\u03b5\u03c1\u03c7\u03cc\u03bc\u03b5\u03b8\u03b1, \u1f00\u03b8\u03ad\u03bc\u03b9\u03c3\u03c4\u03b1 \u03ba\u03b1\u1f76 \u1f00\u03bd\u03cc\u03c3\u03b9\u03b1 \u03b4\u03c1\u1fb6\u03bd \u03c6\u03b7\u03c3\u03b9.\n\t\t\t\t\t<milestone n=\"7\" unit=\"section\" />\u03c4\u03bf\u03cd\u03c4\u1ff3 \u03bc\u1f72\u03bd \u03bf\u1f56\u03bd \u03c0\u03c1\u03ad\u03c0\u03b5\u03b9 \u03ba\u03b1\u1f76 \u03c4\u03b1\u1fe6\u03c4\u03b1 \u03ba\u03b1\u1f76 \u1f14\u03c4\u03b9 \u03c4\u03bf\u03cd\u03c4\u03c9\u03bd \u03b4\u03b5\u03b9\u03bd\u03cc\u03c4\u03b5\u03c1\u03b1 \u03bb\u03ad\u03b3\u03b5\u03b9\u03bd, \u03c4\u03bf\u03b9\u03b1\u1fe6\u03c4\u03b1 \u03b4\u03b5\u03b4\u03c1\u03b1\u03ba\u03cc\u03c4\u03b9: \u1f21\u03bc\u03b5\u1fd6\u03c2 \u03b4\u1f72 \u03c4\u03cc\u03bd &lt;\u03c4\u03b5&gt;<note anchored=\"yes\" lang=\"la\" resp=\"ed\" place=\"unspecified\"><foreign lang=\"greek\">\u03c4\u03b5</foreign> add. Blass.</note> \u03b8\u03ac\u03bd\u03b1\u03c4\u03bf\u03bd \u03c6\u03b1\u03bd\u03b5\u03c1\u1f78\u03bd \u1f00\u03c0\u03bf\u03b4\u03b5\u03b9\u03ba\u03bd\u03cd\u03bd\u03c4\u03b5\u03c2, \u03c4\u03ae\u03bd \u03c4\u03b5 \u03c0\u03bb\u03b7\u03b3\u1f74\u03bd \u1f41\u03bc\u03bf\u03bb\u03bf\u03b3\u03bf\u03c5\u03bc\u03ad\u03bd\u03b7\u03bd \u1f10\u03be \u1f27\u03c2 \u1f00\u03c0\u03ad\u03b8\u03b1\u03bd\u03b5, \u03c4\u03cc\u03bd \u03c4\u03b5 \u03bd\u03cc\u03bc\u03bf\u03bd \u03b5\u1f30\u03c2 \u03c4\u1f78\u03bd \u03c0\u03b1\u03c4\u03ac\u03be\u03b1\u03bd\u03c4\u03b1 \u03c4\u1f78\u03bd \u03c6\u03cc\u03bd\u03bf\u03bd \u1f00\u03bd\u03ac\u03b3\u03bf\u03bd\u03c4\u03b1, \u1f00\u03bd\u03c4\u1f76 \u03c4\u03bf\u1fe6 \u03c0\u03b1\u03b8\u03cc\u03bd\u03c4\u03bf\u03c2 \u1f10\u03c0\u03b9\u03c3\u03ba\u03ae\u03c0\u03c4\u03bf\u03bc\u03b5\u03bd \u1f51\u03bc\u1fd6\u03bd, \u03c4\u1ff7 \u03c4\u03bf\u03cd\u03c4\u03bf\u03c5 \u03c6\u03cc\u03bd\u1ff3 \u03c4\u1f78 \u03bc\u03ae\u03bd\u03b9\u03bc\u03b1 \u03c4\u1ff6\u03bd \u1f00\u03bb\u03b9\u03c4\u03b7\u03c1\u03af\u03c9\u03bd \u1f00\u03ba\u03b5\u03c3\u03b1\u03bc\u03ad\u03bd\u03bf\u03c5\u03c2 \u03c0\u1fb6\u03c3\u03b1\u03bd \u03c4\u1f74\u03bd \u03c0\u03cc\u03bb\u03b9\u03bd \u03ba\u03b1\u03b8\u03b1\u03c1\u1f70\u03bd \u03c4\u03bf\u1fe6 \u03bc\u03b9\u03ac\u03c3\u03bc\u03b1\u03c4\u03bf\u03c2 \u03ba\u03b1\u03c4\u03b1\u03c3\u03c4\u1fc6\u03c3\u03b1\u03b9.\n\t\t\t\t</p></div2></div1></body></text></TEI.2> <?xml version=\"1.0\" encoding=\"utf-8\"?>\n<TEI.2><text><body><div1 decls=\"gen.forensic.tetralogy\" type=\"speech\" n=\"4\" org=\"uniform\" sample=\"complete\"><div2 type=\"tetralogy\" n=\"4\" org=\"uniform\" sample=\"complete\">\n\t\t\t\t<head>\u1f18\u03be \u1f00\u03c0\u03bf\u03bb\u03bf\u03b3\u03af\u03b1\u03c2 \u1f43 \u1f55\u03c3\u03c4\u03b5\u03c1\u03bf\u03c2</head>\n\t\t\t\t<milestone n=\"1\" unit=\"section\" />\n\t\t\t\t<p>\u1f41 \u03bc\u1f72\u03bd \u1f00\u03bd\u03ae\u03c1, \u03ba\u03b1\u03c4\u03b1\u03b3\u03bd\u03bf\u1f7a\u03c2 \u03b1\u1f50\u03c4\u1f78\u03c2 \u03b1\u1f51\u03c4\u03bf\u1fe6, \u1f00\u03bb\u03bb\u1f70 \u03c4\u1f74\u03bd \u03c3\u03c0\u03bf\u03c5\u03b4\u1f74\u03bd \u03c4\u1ff6\u03bd \u03ba\u03b1\u03c4\u03b7\u03b3\u03cc\u03c1\u03c9\u03bd \u03c6\u03bf\u03b2\u03b7\u03b8\u03b5\u03af\u03c2, \u1f51\u03c0\u03b1\u03c0\u03ad\u03c3\u03c4\u03b7: \u1f21\u03bc\u1fd6\u03bd \u03b4\u1f72 \u03c4\u03bf\u1fd6\u03c2 \u03c6\u03af\u03bb\u03bf\u03b9\u03c2 \u03b6\u1ff6\u03bd\u03c4\u03b9 \u1f22 \u1f00\u03c0\u03bf\u03b8\u03b1\u03bd\u03cc\u03bd\u03c4\u03b9 \u03b5\u1f50\u03c3\u03b5\u03b2\u03ad\u03c3\u03c4\u03b5\u03c1\u03bf\u03bd \u1f00\u03bc\u03cd\u03bd\u03b5\u03b9\u03bd \u03b1\u1f50\u03c4\u1ff7. \u1f04\u03c1\u03b9\u03c3\u03c4\u03b1 \u03bc\u1f72\u03bd \u03bf\u1f56\u03bd \u03b1\u1f50\u03c4\u1f78\u03c2 \u1f02\u03bd \u1f51\u03c0\u1f72\u03c1 \u03b1\u1f51\u03c4\u03bf\u1fe6 \u1f00\u03c0\u03b5\u03bb\u03bf\u03b3\u03b5\u1fd6\u03c4\u03bf: \u1f10\u03c0\u03b5\u1f76 \u03b4\u1f72 \u03c4\u03ac\u03b4\u03b5 \u1f00\u03ba\u03b9\u03bd\u03b4\u03c5\u03bd\u03cc\u03c4\u03b5\u03c1\u03b1 \u1f14\u03b4\u03bf\u03be\u03b5\u03bd \u03b5\u1f36\u03bd\u03b1\u03b9, \u1f21\u03bc\u1fd6\u03bd,<note anchored=\"yes\" lang=\"la\" resp=\"ed\" place=\"unspecified\"><foreign lang=\"greek\">\u03b5\u1f36\u03bd\u03b1\u03b9, \u1f21\u03bc\u1fd6\u03bd</foreign> Hirschig: <foreign lang=\"greek\">\u1f21\u03bc\u1fd6\u03bd \u03b5\u1f36\u03bd\u03b1\u03b9</foreign> codd.</note> \u03bf\u1f37\u03c2 \u03bc\u03ad\u03b3\u03b9\u03c3\u03c4\u03bf\u03bd \u1f02\u03bd \u03c0\u03ad\u03bd\u03b8\u03bf\u03c2 \u03b3\u03ad\u03bd\u03bf\u03b9\u03c4\u03bf \u03c3\u03c4\u03b5\u03c1\u03b7\u03b8\u03b5\u1fd6\u03c3\u03b9\u03bd \u03b1\u1f50\u03c4\u03bf\u1fe6, \u1f00\u03c0\u03bf\u03bb\u03bf\u03b3\u03b7\u03c4\u03ad\u03bf\u03bd.\n\t\t\t\t\t<milestone n=\"2\" unit=\"section\" />\u03b4\u03bf\u03ba\u03b5\u1fd6 \u03b4\u03ad \u03bc\u03bf\u03b9 \u03c0\u03b5\u03c1\u1f76 \u03c4\u1f78\u03bd \u1f04\u03c1\u03be\u03b1\u03bd\u03c4\u03b1 \u03c4\u1fc6\u03c2 \u03c0\u03bb\u03b7\u03b3\u1fc6\u03c2 \u03c4\u1f78 \u1f00\u03b4\u03af\u03ba\u03b7\u03bc\u03b1 \u03b5\u1f36\u03bd\u03b1\u03b9. \u1f41 \u03bc\u1f72\u03bd \u03bf\u1f56\u03bd \u03b4\u03b9\u03ce\u03ba\u03c9\u03bd \u03bf\u1f50\u03ba \u03b5\u1f30\u03ba\u03cc\u03c3\u03b9 \u03c4\u03b5\u03ba\u03bc\u03b7\u03c1\u03af\u03bf\u03b9\u03c2 \u03c7\u03c1\u03ce\u03bc\u03b5\u03bd\u03bf\u03c2 \u03c4\u03bf\u1fe6\u03c4\u03bf\u03bd \u03c4\u1f78\u03bd \u1f04\u03c1\u03be\u03b1\u03bd\u03c4\u03ac \u03c6\u03b7\u03c3\u03b9\u03bd \u03b5\u1f36\u03bd\u03b1\u03b9. \u03b5\u1f30 \u03bc\u1f72\u03bd \u03b3\u1f70\u03c1 \u1f65\u03c3\u03c0\u03b5\u03c1 \u03b2\u03bb\u03ad\u03c0\u03b5\u03b9\u03bd \u03bc\u1f72\u03bd \u03c4\u03bf\u1fd6\u03bd \u1f40\u03c6\u03b8\u03b1\u03bb\u03bc\u03bf\u1fd6\u03bd, \u1f00\u03ba\u03bf\u03cd\u03b5\u03b9\u03bd \u03b4\u1f72 \u03c4\u03bf\u1fd6\u03c2 \u1f60\u03c3\u03af\u03bd, \u03bf\u1f55\u03c4\u03c9 \u03ba\u03b1\u03c4\u1f70 \u03c6\u03cd\u03c3\u03b9\u03bd \u1f26\u03bd \u1f51\u03b2\u03c1\u03af\u03b6\u03b5\u03b9\u03bd \u03bc\u1f72\u03bd \u03c4\u03bf\u1f7a\u03c2 \u03bd\u03ad\u03bf\u03c5\u03c2, \u03c3\u03c9\u03c6\u03c1\u03bf\u03bd\u03b5\u1fd6\u03bd \u03b4\u1f72 \u03c4\u03bf\u1f7a\u03c2 \u03b3\u03ad\u03c1\u03bf\u03bd\u03c4\u03b1\u03c2, \u03bf\u1f50\u03b4\u1f72\u03bd \u1f02\u03bd \u03c4\u1fc6\u03c2 \u1f51\u03bc\u03b5\u03c4\u03ad\u03c1\u03b1\u03c2 \u03ba\u03c1\u03af\u03c3\u03b5\u03c9\u03c2 \u1f14\u03b4\u03b5\u03b9: \u03b1\u1f50\u03c4\u1f74 \u03b3\u1f70\u03c1 &lt;\u1f02\u03bd&gt;<note anchored=\"yes\" lang=\"la\" resp=\"ed\" place=\"unspecified\"><foreign lang=\"greek\">\u1f02\u03bd</foreign> probat Blass.</note> \u1f21 \u1f21\u03bb\u03b9\u03ba\u03af\u03b1 \u03c4\u1ff6\u03bd \u03bd\u03ad\u03c9\u03bd \u03ba\u03b1\u03c4\u03ad\u03ba\u03c1\u03b9\u03bd\u03b5: \u03bd\u1fe6\u03bd \u03b4\u1f72 \u03c0\u03bf\u03bb\u03bb\u03bf\u1f76 \u03bc\u1f72\u03bd \u03bd\u03ad\u03bf\u03b9 \u03c3\u03c9\u03c6\u03c1\u03bf\u03bd\u03bf\u1fe6\u03bd\u03c4\u03b5\u03c2, \u03c0\u03bf\u03bb\u03bb\u03bf\u1f76 \u03b4\u1f72 \u03c0\u03c1\u03b5\u03c3\u03b2\u1fe6\u03c4\u03b1\u03b9 \u03c0\u03b1\u03c1\u03bf\u03b9\u03bd\u03bf\u1fe6\u03bd\u03c4\u03b5\u03c2, \u03bf\u1f50\u03b4\u1f72\u03bd \u03bc\u1fb6\u03bb\u03bb\u03bf\u03bd \u03c4\u1ff7 \u03b4\u03b9\u03ce\u03ba\u03bf\u03bd\u03c4\u03b9 \u1f22 \u03c4\u1ff7 \u03c6\u03b5\u03cd\u03b3\u03bf\u03bd\u03c4\u03b9 \u03c4\u03b5\u03ba\u03bc\u03ae\u03c1\u03b9\u03bf\u03bd \u03b3\u03af\u03b3\u03bd\u03bf\u03bd\u03c4\u03b1\u03b9.\n\t\t\t\t\t<milestone n=\"3\" unit=\"section\" />\n\t\t\t\t</p>\n\t\t\t\t<p>\u03ba\u03bf\u03b9\u03bd\u03bf\u1fe6 \u03b4\u1f72 \u03c4\u03bf\u1fe6 \u03c4\u03b5\u03ba\u03bc\u03b7\u03c1\u03af\u03bf\u03c5 \u1f21\u03bc\u1fd6\u03bd \u1f44\u03bd\u03c4\u03bf\u03c2 &lt;\u03ba\u03b1\u1f76&gt;<note anchored=\"yes\" lang=\"la\" resp=\"ed\" place=\"unspecified\"><foreign lang=\"greek\">\u03ba\u03b1\u1f76</foreign> add. Blass.</note> \u03c4\u03bf\u03cd\u03c4\u1ff3,  \u03c4\u1ff7 \u03c0\u03b1\u03bd\u03c4\u1f76 \u03c0\u03c1\u03bf\u03ad\u03c7\u03bf\u03bc\u03b5\u03bd: \u03bf\u1f31 \u03b3\u1f70\u03c1 \u03bc\u03ac\u03c1\u03c4\u03c5\u03c1\u03b5\u03c2 \u03c4\u03bf\u1fe6\u03c4\u03cc\u03bd \u03c6\u03b1\u03c3\u03b9\u03bd \u1f04\u03c1\u03be\u03b1\u03b9 \u03c4\u1fc6\u03c2 \u03c0\u03bb\u03b7\u03b3\u1fc6\u03c2. \u1f04\u03c1\u03be\u03b1\u03bd\u03c4\u03bf\u03c2 \u03b4\u1f72 \u03c4\u03bf\u03cd\u03c4\u03bf\u03c5, \u03ba\u03b1\u1f76 \u03c4\u1ff6\u03bd \u1f04\u03bb\u03bb\u03c9\u03bd \u1f01\u03c0\u03ac\u03bd\u03c4\u03c9\u03bd &lt;\u03c4\u1ff6\u03bd&gt;<note anchored=\"yes\" lang=\"la\" resp=\"ed\" place=\"unspecified\"><foreign lang=\"greek\">\u03c4\u1ff6\u03bd</foreign> add. Bekker.</note> \u03ba\u03b1\u03c4\u03b7\u03b3\u03bf\u03c1\u03bf\u03c5\u03bc\u03ad\u03bd\u03c9\u03bd \u1f00\u03c0\u03bf\u03bb\u03cd\u03b5\u03c4\u03b1\u03b9 \u03c4\u1fc6\u03c2 \u03b1\u1f30\u03c4\u03af\u03b1\u03c2. \u03b5\u1f34\u03c0\u03b5\u03c1<note anchored=\"yes\" lang=\"la\" resp=\"ed\" place=\"unspecified\"><foreign lang=\"greek\">\u03b5\u1f34\u03c0\u03b5\u03c1</foreign> Ignatius: <foreign lang=\"greek\">\u03b5\u1f34\u03c4\u03b5</foreign> CODD.</note> \u03b3\u1f70\u03c1 \u1f41 \u03c0\u03b1\u03c4\u03ac\u03be\u03b1\u03c2, \u03b4\u03b9\u1f70 \u03c4\u1f74\u03bd \u03c0\u03bb\u03b7\u03b3\u1f74\u03bd \u03b2\u03b9\u03b1\u03c3\u03ac\u03bc\u03b5\u03bd\u03bf\u03c2 \u1f51\u03bc\u1fb6\u03c2 \u1f10\u03c0\u03b9\u03c4\u03c1\u03b5\u03c6\u03b8\u1fc6\u03bd\u03b1\u03b9 \u1f30\u03b1\u03c4\u03c1\u1ff7, \u03bc\u1fb6\u03bb\u03bb\u03bf\u03bd \u03c4\u03bf\u1fe6 \u1f00\u03c0\u03bf\u03ba\u03c4\u03b5\u03af\u03bd\u03b1\u03bd\u03c4\u03bf\u03c2 \u03c6\u03bf\u03bd\u03b5\u03cd\u03c2 \u1f10\u03c3\u03c4\u03b9\u03bd, \u1f41 \u1f04\u03c1\u03be\u03b1\u03c2 \u03c4\u1fc6\u03c2 \u03c0\u03bb\u03b7\u03b3\u1fc6\u03c2 \u03c6\u03bf\u03bd\u03b5\u1f7a\u03c2 \u03b3\u03af\u03b3\u03bd\u03b5\u03c4\u03b1\u03b9. \u03bf\u1f57\u03c4\u03bf\u03c2 \u03b3\u1f70\u03c1 \u1f20\u03bd\u03ac\u03b3\u03ba\u03b1\u03c3\u03b5 \u03c4\u03cc\u03bd \u03c4\u03b5 \u1f00\u03bc\u03c5\u03bd\u03cc\u03bc\u03b5\u03bd\u03bf\u03bd \u1f00\u03bd\u03c4\u03b9\u03c4\u03cd\u03c0\u03c4\u03b5\u03b9\u03bd \u03c4\u03cc\u03bd \u03c4\u03b5 \u03c0\u03bb\u03b7\u03b3\u03ad\u03bd\u03c4\u03b1 \u1f10\u03c0\u1f76 \u03c4\u1f78\u03bd \u1f30\u03b1\u03c4\u03c1\u1f78\u03bd \u1f10\u03bb\u03b8\u03b5\u1fd6\u03bd. \u1f00\u03bd\u03cc\u03c3\u03b9\u03b1 \u03b3\u1f70\u03c1 &lt;\u1f02\u03bd&gt;<note anchored=\"yes\" lang=\"la\" resp=\"ed\" place=\"unspecified\"><foreign lang=\"greek\">\u1f02\u03bd</foreign> add. Sauppe.</note> \u1f41<note anchored=\"yes\" lang=\"la\" resp=\"ed\" place=\"unspecified\"><foreign lang=\"greek\">\u1f41</foreign> Reiske: <foreign lang=\"greek\">\u1f45 \u03c4\u03b5</foreign> A pr. N,<foreign lang=\"greek\"> \u1f45 \u03b3\u03b5 \u0391</foreign> corr.</note> \u03b4\u03b9\u03c9\u03ba\u03cc\u03bc\u03b5\u03bd\u03bf\u03c2 \u03c0\u03ac\u03b8\u03bf\u03b9, \u03b5\u1f30 \u03bc\u03ae\u03c4\u03b5 \u1f00\u03c0\u03bf\u03ba\u03c4\u03b5\u03af\u03bd\u03b1\u03c2 \u1f51\u03c0\u1f72\u03c1<note anchored=\"yes\" lang=\"la\" resp=\"ed\" place=\"unspecified\"><foreign lang=\"greek\">\u1f51\u03c0\u1f72\u03c1 \u0391</foreign> corr.\uff082\uff09 <foreign lang=\"greek\">\u1f51\u03c0\u1f78</foreign> A pr. N</note> \u03c4\u03bf\u1fe6 \u1f00\u03c0\u03bf\u03ba\u03c4\u03b5\u03af\u03bd\u03b1\u03bd\u03c4\u03bf\u03c2 \u03bc\u03ae\u03c4\u03b5 \u1f04\u03c1\u03be\u03b1\u03c2 \u1f51\u03c0\u1f72\u03c1 \u03c4\u03bf\u1fe6 \u1f04\u03c1\u03be\u03b1\u03bd\u03c4\u03bf\u03c2 \u03c6\u03bf\u03bd\u03b5\u1f7a\u03c2 \u1f14\u03c3\u03c4\u03b1\u03b9.\n\t\t\t\t\t<milestone n=\"4\" unit=\"section\" />\n\t\t\t\t</p>\n\t\t\t\t<p>\u1f14\u03c3\u03c4\u03b9 \u03b4\u1f72 \u03bf\u1f50\u03b4\u1f72 \u1f41 \u1f10\u03c0\u03b9\u03b2\u03bf\u03c5\u03bb\u03b5\u03cd\u03c3\u03b1\u03c2 \u03bf\u1f50\u03b4\u1f72\u03bd \u03bc\u1fb6\u03bb\u03bb\u03bf\u03bd \u1f41 \u03b4\u03b9\u03c9\u03ba\u03cc\u03bc\u03b5\u03bd\u03bf\u03c2 \u03c4\u03bf\u1fe6 \u03b4\u03b9\u03ce\u03ba\u03bf\u03bd\u03c4\u03bf\u03c2. \u03b5\u1f30 \u03b3\u1f70\u03c1 \u1f41 \u03bc\u1f72\u03bd \u1f04\u03c1\u03be\u03b1\u03c2 \u03c4\u1fc6\u03c2 \u03c0\u03bb\u03b7\u03b3\u1fc6\u03c2 \u03c4\u03cd\u03c0\u03c4\u03b5\u03b9\u03bd \u03ba\u03b1\u1f76 \u03bc\u1f74 \u1f00\u03c0\u03bf\u03ba\u03c4\u03b5\u03af\u03bd\u03b5\u03b9\u03bd \u03b4\u03b9\u03b5\u03bd\u03bf\u03ae\u03b8\u03b7, \u1f41 \u03b4\u1f72 \u1f00\u03bc\u03c5\u03bd\u03cc\u03bc\u03b5\u03bd\u03bf\u03c2 \u1f00\u03c0\u03bf\u03ba\u03c4\u03b5\u1fd6\u03bd\u03b1\u03b9, \u03bf\u1f57\u03c4\u03bf\u03c2 \u1f02\u03bd \u1f41 \u1f10\u03c0\u03b9\u03b2\u03bf\u03c5\u03bb\u03b5\u03cd\u03c3\u03b1\u03c2 \u03b5\u1f34\u03b7. \u03bd\u1fe6\u03bd \u03b4\u1f72 \u03ba\u03b1\u1f76 \u1f41 \u1f00\u03bc\u03c5\u03bd\u03cc\u03bc\u03b5\u03bd\u03bf\u03c2 \u03c4\u03cd\u03c0\u03c4\u03b5\u03b9\u03bd \u03ba\u03b1\u1f76 \u03bf\u1f50\u03ba \u1f00\u03c0\u03bf\u03ba\u03c4\u03b5\u1fd6\u03bd\u03b1\u03b9 \u03b4\u03b9\u03b1\u03bd\u03bf\u03b7\u03b8\u03b5\u1f76\u03c2 \u1f25\u03bc\u03b1\u03c1\u03c4\u03b5\u03bd, \u03b5\u1f30\u03c2 \u1f03 \u03bf\u1f50\u03ba \u1f10\u03b2\u03bf\u03cd\u03bb\u03b5\u03c4\u03bf \u03c0\u03b1\u03c4\u03ac\u03be\u03b1\u03c2.\n\t\t\t\t\t<milestone n=\"5\" unit=\"section\" />\u03c4\u1fc6\u03c2 \u03bc\u1f72\u03bd \u03bf\u1f56\u03bd \u03c0\u03bb\u03b7\u03b3\u1fc6\u03c2 \u03b2\u03bf\u03c5\u03bb\u03b5\u03c5\u03c4\u1f74\u03c2 \u1f10\u03b3\u03ad\u03bd\u03b5\u03c4\u03bf, \u03c4\u1f78\u03bd \u03b4\u1f72 \u03b8\u03ac\u03bd\u03b1\u03c4\u03bf\u03bd \u03c0\u1ff6\u03c2 \u1f02\u03bd \u1f10\u03c0\u03b5\u03b2\u03bf\u03cd\u03bb\u03b5\u03c5\u03c3\u03b5\u03bd, \u1f45\u03c2 \u03b3\u03b5<note anchored=\"yes\" lang=\"la\" resp=\"ed\" place=\"unspecified\"><foreign lang=\"greek\">\u1f45\u03c2 \u03b3\u03b5</foreign> Sauppe: <foreign lang=\"greek\">\u03bf\u1f55\u03bd \u03b3\u03b5</foreign> codd.</note> \u1f00\u03ba\u03bf\u03c5\u03c3\u03af\u03c9\u03c2 \u1f10\u03c0\u03ac\u03c4\u03b1\u03be\u03b5\u03bd;\n\t\t\t\t</p>\n\t\t\t\t<p>\u03bf\u1f30\u03ba\u03b5\u1fd6\u03bf\u03bd \u03b4\u1f72 \u03ba\u03b1\u1f76 \u03c4\u1f78 \u1f01\u03bc\u03ac\u03c1\u03c4\u03b7\u03bc\u03b1 \u03c4\u1ff7 \u1f04\u03c1\u03be\u03b1\u03bd\u03c4\u03b9 \u03bc\u1fb6\u03bb\u03bb\u03bf\u03bd \u1f22 \u03c4\u1ff7 \u1f00\u03bc\u03c5\u03bd\u03bf\u03bc\u03ad\u03bd\u1ff3 \u1f10\u03c3\u03c4\u03af\u03bd. \u1f41 \u03bc\u1f72\u03bd \u03b3\u1f70\u03c1 \u1f03 \u1f14\u03c0\u03b1\u03c3\u03c7\u03b5\u03bd \u1f00\u03bd\u03c4\u03b9\u03b4\u03c1\u1fb6\u03bd \u03b6\u03b7\u03c4\u1ff6\u03bd, \u1f51\u03c0\u1fbd \u1f10\u03ba\u03b5\u03af\u03bd\u03bf\u03c5 \u03b2\u03b9\u03b1\u03b6\u03cc\u03bc\u03b5\u03bd\u03bf\u03c2 \u1f10\u03be\u03ae\u03bc\u03b1\u03c1\u03c4\u03b5\u03bd: \u1f41 \u03b4\u1f72 \u03b4\u03b9\u1f70 \u03c4\u1f74\u03bd \u03b1\u1f51\u03c4\u03bf\u1fe6 \u1f00\u03ba\u03bf\u03bb\u03b1\u03c3\u03af\u03b1\u03bd \u03c0\u03ac\u03bd\u03c4\u03b1 \u03b4\u03c1\u1ff6\u03bd \u03ba\u03b1\u1f76 \u03c0\u03ac\u03c3\u03c7\u03c9\u03bd, \u03ba\u03b1\u1f76 \u03c4\u1fc6\u03c2 \u1f11\u03b1\u03c5\u03c4\u03bf\u1fe6<note anchored=\"yes\" lang=\"la\" resp=\"ed\" place=\"unspecified\"><foreign lang=\"greek\">\u03ba\u03b1\u1f76 \u03c4\u1fc6\u03c2 \u1f11\u03b1\u03c5\u03c4\u03bf\u1fe6</foreign> om. <foreign lang=\"greek\">\u039d.</foreign></note> \u03ba\u03b1\u1f76 \u03c4\u1fc6\u03c2 \u1f10\u03ba\u03b5\u03af\u03bd\u03bf\u03c5 \u1f01\u03bc\u03b1\u03c1\u03c4\u03af\u03b1\u03c2 &lt;\u03b1\u1f34\u03c4\u03b9\u03bf\u03c2 \u1f62\u03bd&gt;<note anchored=\"yes\" lang=\"la\" resp=\"ed\" place=\"unspecified\"><foreign lang=\"greek\">\u03b1\u1f34\u03c4\u03b9\u03bf\u03c2 \u1f62\u03bd</foreign> add. Maetzner:<foreign lang=\"greek\">\u1f01\u03bc. \u03b4\u03af\u03ba\u03b1\u03b9\u03bf\u03c2 \u03c6\u03bf\u03c1\u03b5\u1f7a\u03c2</foreign> tentavit Thalheim.</note> \u03b4\u03af\u03ba\u03b1\u03b9\u03bf\u03c2 \u03c6\u03bf\u03bd\u03b5\u1f7a\u03c2 \u03b5\u1f36\u03bd\u03b1\u03af \u1f10\u03c3\u03c4\u03b9\u03bd.\n\t\t\t\t\t<milestone n=\"6\" unit=\"section\" />\n\t\t\t\t</p>\n\t\t\t\t<p>\u1f61\u03c2 \u03b4\u1f72 \u03bf\u1f50\u03b4\u1f72 \u03ba\u03c1\u03b5\u03b9\u03c3\u03c3\u03cc\u03bd\u03c9\u03c2<note anchored=\"yes\" lang=\"la\" resp=\"ed\" place=\"unspecified\"><foreign lang=\"greek\">\u03ba\u03c1\u03b5\u03b9\u03c3\u03c3\u03cc\u03bd\u03c9\u03c2</foreign> Reiske: <foreign lang=\"greek\">\u03ba\u03c1\u03b5\u1fd6\u03c3\u03c3\u03bf\u03bd \uff08-\u03c9\u03bd\uff09 \u1f62\u03bd</foreign> codd.</note> \u1f00\u03bb\u03bb\u1f70 \u03c0\u03bf\u03bb\u1f7a \u1f51\u03c0\u03bf\u03b4\u03b5\u03b5\u03c3\u03c4\u03ad\u03c1\u03c9\u03c2 \u1f67\u03bd \u1f14\u03c0\u03b1\u03c3\u03c7\u03b5\u03bd \u1f20\u03bc\u03cd\u03bd\u03b5\u03c4\u03bf, \u03b4\u03b9\u03b4\u03ac\u03be\u03c9. \u1f41 \u03bc\u1f72\u03bd \u1f51\u03b2\u03c1\u03af\u03b6\u03c9\u03bd \u03ba\u03b1\u1f76 \u03c0\u03b1\u03c1\u03bf\u03b9\u03bd\u1ff6\u03bd \u03c0\u03ac\u03bd\u03c4\u1fbd \u1f14\u03b4\u03c1\u03b1 \u03ba\u03b1\u1f76 \u03bf\u1f50\u03b4\u1f72\u03bd \u1f20\u03bc\u03cd\u03bd\u03b1\u03c4\u03bf: \u1f41 \u03b4\u1f72 \u03bc\u1f74 \u03c0\u03ac\u03c3\u03c7\u03b5\u03b9\u03bd \u1f00\u03bb\u03bb\u1f70 \u1f00\u03c0\u03c9\u03b8\u03b5\u1fd6\u03c3\u03b8\u03b1\u03b9 \u03b6\u03b7\u03c4\u1ff6\u03bd, \u1f05 \u03c4\u03b5 \u1f14\u03c0\u03b1\u03c3\u03c7\u03b5\u03bd \u1f00\u03ba\u03bf\u03c5\u03c3\u03af\u03c9\u03c2 \u1f14\u03c0\u03b1\u03c3\u03c7\u03b5\u03bd, \u1f05 \u03c4\u1fbd \u1f14\u03b4\u03c1\u03b1\u03c3\u03b5 \u03c4\u1f70 \u03c0\u03b1\u03b8\u03ae\u03bc\u03b1\u03c4\u03b1 \u03b2\u03bf\u03c5\u03bb\u03cc\u03bc\u03b5\u03bd\u03bf\u03c2 \u03b4\u03b9\u03b1\u03c6\u03c5\u03b3\u03b5\u1fd6\u03bd \u1f10\u03bb\u03b1\u03c3\u03c3\u03cc\u03bd\u03c9\u03c2 \u1f22 \u03ba\u03b1\u03c4\u1fbd \u1f00\u03be\u03af\u03b1\u03bd \u03c4\u1f78\u03bd \u1f04\u03c1\u03be\u03b1\u03bd\u03c4\u03b1 \u1f20\u03bc\u03cd\u03bd\u03b5\u03c4\u03bf, \u03ba\u03b1\u1f76 \u03bf\u1f50\u03ba \u1f14\u03b4\u03c1\u03b1.\n\t\t\t\t\t<milestone n=\"7\" unit=\"section\" />\n\t\t\t\t</p>\n\t\t\t\t<p>\u03b5\u1f30 \u03b4\u1f72 \u03ba\u03c1\u03b5\u03af\u03c3\u03c3\u03c9\u03bd \u1f62\u03bd \u03c4\u1f70\u03c2 \u03c7\u03b5\u1fd6\u03c1\u03b1\u03c2 \u03ba\u03c1\u03b5\u03b9\u03c3\u03c3\u03cc\u03bd\u03c9\u03c2 \u1f20\u03bc\u03cd\u03bd\u03b5\u03c4\u03bf \u1f22 \u1f14\u03c0\u03b1\u03c3\u03c7\u03b5\u03bd, \u03bf\u1f50\u03b4\u1fbd \u03bf\u1f55\u03c4\u03c9 \u03b4\u03af\u03ba\u03b1\u03b9\u03bf\u03c2 \u1f51\u03c6\u1fbd \u1f51\u03bc\u1ff6\u03bd \u03ba\u03b1\u03c4\u03b1\u03bb\u03b1\u03bc\u03b2\u03ac\u03bd\u03b5\u03c3\u03b8\u03b1\u03af \u1f10\u03c3\u03c4\u03b9. \u03c4\u1ff7 \u03bc\u1f72\u03bd \u03b3\u1f70\u03c1 \u1f04\u03c1\u03be\u03b1\u03bd\u03c4\u03b9 \u03c0\u03b1\u03bd\u03c4\u03b1\u03c7\u03bf\u1fe6 \u03bc\u03b5\u03b3\u03ac\u03bb\u03b1 \u1f10\u03c0\u03b9\u03c4\u03af\u03bc\u03b9\u03b1 \u1f10\u03c0\u03af\u03ba\u03b5\u03b9\u03c4\u03b1\u03b9, \u03c4\u1ff7 \u03b4\u1f72 \u1f00\u03bc\u03c5\u03bd\u03bf\u03bc\u03ad\u03bd\u1ff3 \u03bf\u1f50\u03b4\u03b1\u03bc\u03bf\u1fe6 \u03bf\u1f50\u03b4\u1f72\u03bd \u1f10\u03c0\u03b9\u03c4\u03af\u03bc\u03b9\u03bf\u03bd \u03b3\u03ad\u03b3\u03c1\u03b1\u03c0\u03c4\u03b1\u03b9.\n\t\t\t\t\t<milestone n=\"8\" unit=\"section\" />\n\t\t\t\t</p>\n\t\t\t\t<p>\u03c0\u03c1\u1f78\u03c2 \u03b4\u1f72 \u03c4\u1f78 \u03bc\u03ae\u03c4\u03b5 \u03b4\u03b9\u03ba\u03b1\u03af\u03c9\u03c2 \u03bc\u03ae\u03c4\u03b5 \u1f00\u03b4\u03af\u03ba\u03c9\u03c2 \u1f00\u03c0\u03bf\u03ba\u03c4\u03b5\u03af\u03bd\u03b5\u03b9\u03bd \u1f00\u03c0\u03bf\u03ba\u03ad\u03ba\u03c1\u03b9\u03c4\u03b1\u03b9: \u03bf\u1f50 \u03b3\u1f70\u03c1 \u1f51\u03c0\u1f78 \u03c4\u1ff6\u03bd \u03c0\u03bb\u03b7\u03b3\u1ff6\u03bd \u1f00\u03bb\u03bb\u1fbd \u1f51\u03c0\u1f78 \u03c4\u03bf\u1fe6 \u1f30\u03b1\u03c4\u03c1\u03bf\u1fe6 \u1f41 \u1f00\u03bd\u1f74\u03c1 \u1f00\u03c0\u03ad\u03b8\u03b1\u03bd\u03b5\u03bd, \u1f61\u03c2 \u03bf\u1f31 \u03bc\u03ac\u03c1\u03c4\u03c5\u03c1\u03b5\u03c2 \u03bc\u03b1\u03c1\u03c4\u03c5\u03c1\u03bf\u1fe6\u03c3\u03b9\u03bd. \u1f14\u03c3\u03c4\u03b9 \u03b4\u1f72 \u03ba\u03b1\u1f76 \u1f21 \u03c4\u03cd\u03c7\u03b7 \u03c4\u03bf\u1fe6 \u1f04\u03c1\u03be\u03b1\u03bd\u03c4\u03bf\u03c2 \u03ba\u03b1\u1f76 \u03bf\u1f50 \u03c4\u03bf\u1fe6 \u1f00\u03bc\u03c5\u03bd\u03bf\u03bc\u03ad\u03bd\u03bf\u03c5. \u1f41 \u03bc\u1f72\u03bd \u03b3\u1f70\u03c1 \u1f00\u03ba\u03bf\u03c5\u03c3\u03af\u03c9\u03c2 \u03c0\u03ac\u03bd\u03c4\u03b1 \u03b4\u03c1\u03ac\u03c3\u03b1\u03c2 \u03ba\u03b1\u1f76 \u03c0\u03b1\u03b8\u1f7c\u03bd \u1f00\u03bb\u03bb\u03bf\u03c4\u03c1\u03af\u1fb3 \u03c4\u03cd\u03c7\u1fc3 \u03ba\u03ad\u03c7\u03c1\u03b7\u03c4\u03b1\u03b9: \u1f41 \u03b4\u1f72 \u1f11\u03ba\u03bf\u03c5\u03c3\u03af\u03c9\u03c2 \u03c0\u03ac\u03bd\u03c4\u03b1 \u03c0\u03c1\u03ac\u03be\u03b1\u03c2, \u1f10\u03ba \u03c4\u1ff6\u03bd \u03b1\u1f51\u03c4\u03bf\u1fe6 \u1f14\u03c1\u03b3\u03c9\u03bd \u03c4\u1f74\u03bd<note anchored=\"yes\" lang=\"la\" resp=\"ed\" place=\"unspecified\"><foreign lang=\"greek\">\u03bc\u03af\u03b1\u03c3\u03bc\u03b1] \u03bc\u03ae\u03bd\u03b9\u03bc\u03b1</foreign> Briegleb.</note> \u03c4\u03cd\u03c7\u03b7\u03bd \u03c0\u03c1\u03bf\u03c3\u03b1\u03b3\u03cc\u03bc\u03b5\u03bd\u03bf\u03c2,<note anchored=\"yes\" lang=\"la\" resp=\"ed\" place=\"unspecified\"><foreign lang=\"greek\">\u03c0\u03c1\u03bf\u03c3\u03b1\u03b3\u03cc\u03bc\u03b5\u03bd\u03bf\u03c2</foreign> Reiske: <foreign lang=\"greek\">\u03c0\u03c1\u03bf\u03b1\u03b3\u03cc\u03bc\u03b5\u03bd\u03bf\u03c2</foreign> codd.</note> \u03c4\u1fc7 \u03b1\u1f51\u03c4\u03bf\u1fe6 \u1f00\u03c4\u03c5\u03c7\u03af\u1fb3 \u1f25\u03bc\u03b1\u03c1\u03c4\u03b5\u03bd.\n\t\t\t\t\t<milestone n=\"9\" unit=\"section\" />\n\t\t\t\t</p>\n\t\t\t\t<p>\u1f61\u03c2 \u03bc\u1f72\u03bd \u03bf\u1f56\u03bd<note anchored=\"yes\" lang=\"la\" resp=\"ed\" place=\"unspecified\"><foreign lang=\"greek\">\u03bf\u1f56\u03bd</foreign> om. <foreign lang=\"greek\">\u039d.</foreign></note> \u03bf\u1f50\u03b4\u03b5\u03bd\u1f76 \u1f14\u03bd\u03bf\u03c7\u03bf\u03c2 \u03c4\u1ff6\u03bd \u03ba\u03b1\u03c4\u03b7\u03b3\u03bf\u03c1\u03b7\u03bc\u03ad\u03bd\u03c9\u03bd \u1f41 \u03b4\u03b9\u03c9\u03ba\u03cc\u03bc\u03b5\u03bd\u03cc\u03c2 \u1f10\u03c3\u03c4\u03b9\u03bd, \u1f00\u03c0\u03bf\u03b4\u03ad\u03b4\u03b5\u03b9\u03ba\u03c4\u03b1\u03b9. \u03b5\u1f30 \u03b4\u03ad \u03c4\u03b9\u03c2 \u03ba\u03bf\u03b9\u03bd\u1f74\u03bd \u03bc\u1f72\u03bd \u03c4\u1f74\u03bd \u03c0\u03c1\u1fb6\u03be\u03b9\u03bd, \u03ba\u03bf\u03b9\u03bd\u1f74\u03bd \u03b4\u1f72 \u03c4\u1f74\u03bd \u1f00\u03c4\u03c5\u03c7\u03af\u03b1\u03bd \u03b1\u1f50\u03c4\u1ff6\u03bd \u1f21\u03b3\u03bf\u03cd\u03bc\u03b5\u03bd\u03bf\u03c2 \u03b5\u1f36\u03bd\u03b1\u03b9, \u03bc\u03b7\u03b4\u1f72\u03bd \u1f00\u03c0\u03bf\u03bb\u03cd\u03c3\u03b9\u03bc\u03bf\u03bd \u03bc\u1fb6\u03bb\u03bb\u03bf\u03bd \u1f22 \u03ba\u03b1\u03c4\u03b1\u03bb\u03ae\u03c8\u03b9\u03bc\u03bf\u03bd \u1f10\u03ba \u03c4\u1ff6\u03bd \u03bb\u03b5\u03b3\u03bf\u03bc\u03ad\u03bd\u03c9\u03bd \u03b3\u03b9\u03b3\u03bd\u03ce\u03c3\u03ba\u03b5\u03b9 \u03b1\u1f50\u03c4\u1f78\u03bd \u1f44\u03bd\u03c4\u03b1, \u03ba\u03b1\u1f76 \u03bf\u1f55\u03c4\u03c9\u03c2 \u1f00\u03c0\u03bf\u03bb\u03cd\u03b5\u03b9\u03bd \u03bc\u1fb6\u03bb\u03bb\u03bf\u03bd \u1f22 \u03ba\u03b1\u03c4\u03b1\u03bb\u03b1\u03bc\u03b2\u03ac\u03bd\u03b5\u03b9\u03bd \u03b4\u03af\u03ba\u03b1\u03b9\u03cc\u03c2<note anchored=\"yes\" lang=\"la\" resp=\"ed\" place=\"unspecified\"><foreign lang=\"greek\">\u03b4\u03af\u03ba\u03b1\u03b9\u03bf\u03c2 \u039d: \u03b4\u03af\u03ba\u03b1\u03b9\u03bf\u03bd \u0391.</foreign></note> \u1f10\u03c3\u03c4\u03b9. \u03c4\u03cc\u03bd \u03c4\u03b5 \u03b3\u1f70\u03c1 \u03b4\u03b9\u03ce\u03ba\u03bf\u03bd\u03c4\u03b1 \u03bf\u1f50 \u03b4\u03af\u03ba\u03b1\u03b9\u03bf\u03bd \u03ba\u03b1\u03c4\u03b1\u03bb\u03b1\u03bc\u03b2\u03ac\u03bd\u03b5\u03b9\u03bd, \u03bc\u1f74 \u03c3\u03b1\u03c6\u1ff6\u03c2 \u03b4\u03b9\u03b4\u03ac\u03be\u03b1\u03bd\u03c4\u03b1 \u1f45\u03c4\u03b9 \u1f00\u03b4\u03b9\u03ba\u03b5\u1fd6\u03c4\u03b1\u03b9: \u03c4\u03cc\u03bd \u03c4\u03b5 \u03c6\u03b5\u03cd\u03b3\u03bf\u03bd\u03c4\u03b1 \u1f00\u03bd\u03cc\u03c3\u03b9\u03bf\u03bd \u1f01\u03bb\u1ff6\u03bd\u03b1\u03b9, \u03bc\u1f74 \u03c6\u03b1\u03bd\u03b5\u03c1\u1ff6\u03c2 \u1f10\u03bb\u03b5\u03b3\u03c7\u03b8\u03ad\u03bd\u03c4\u03b1 \u1f03 \u1f10\u03c0\u03b9\u03ba\u03b1\u03bb\u03b5\u1fd6\u03c4\u03b1\u03b9.\n\t\t\t\t\t<milestone n=\"10\" unit=\"section\" />\n\t\t\t\t</p>\n\t\t\t\t<p>\u03bf\u1f51\u03c4\u03c9\u03c3\u1f76 \u03b4\u1f72 \u1f10\u03ba \u03c0\u03b1\u03bd\u03c4\u1f78\u03c2 \u03c4\u03c1\u03cc\u03c0\u03bf\u03c5 \u03c4\u1ff6\u03bd \u1f10\u03b3\u03ba\u03bb\u03b7\u03bc\u03ac\u03c4\u03c9\u03bd \u1f00\u03c0\u03bf\u03bb\u03c5\u03bf\u03bc\u03ad\u03bd\u03bf\u03c5 \u03c4\u03bf\u1fe6 \u1f00\u03bd\u03b4\u03c1\u03cc\u03c2, \u1f21\u03bc\u03b5\u1fd6\u03c2 \u1f41\u03c3\u03b9\u03ce\u03c4\u03b5\u03c1\u03bf\u03bd \u1f51\u03bc\u1fd6\u03bd \u1f10\u03c0\u03b9\u03c3\u03ba\u03ae\u03c0\u03c4\u03bf\u03bc\u03b5\u03bd \u1f51\u03c0\u1f72\u03c1 \u03b1\u1f50\u03c4\u03bf\u1fe6, \u03bc\u1f74 \u03c4\u1f78\u03bd \u03c6\u03bf\u03bd\u03ad\u03b1 \u03b6\u03b7\u03c4\u03bf\u1fe6\u03bd\u03c4\u03b1\u03c2 \u03ba\u03bf\u03bb\u03ac\u03b6\u03b5\u03b9\u03bd \u03c4\u1f78\u03bd \u03ba\u03b1\u03b8\u03b1\u03c1\u1f78\u03bd \u1f00\u03c0\u03bf\u03ba\u03c4\u03b5\u03af\u03bd\u03b5\u03b9\u03bd. \u1f45 \u03c4\u03b5 \u03b3\u1f70\u03c1 \u2020\u1f00\u03c0\u03bf\u03ba\u03c4\u03b5\u03af\u03bd\u03b1\u03c2 \u03c4\u03bf\u1fe6 \u1f00\u03c0\u03bf\u03b8\u03b1\u03bd\u03cc\u03bd\u03c4\u03bf\u03c2\u2020<note anchored=\"yes\" lang=\"la\" resp=\"ed\" place=\"unspecified\">locus vix sanus:<foreign lang=\"greek\">\u1f00\u03bb\u03b9\u03c4\u03ae\u03c1\u03b9\u03bf\u03c2</foreign> pro <foreign lang=\"greek\">\u1f00\u03c0\u03bf\u03ba\u03c4\u03b5\u03af\u03bd\u03b1\u03c2</foreign> Thalheim,</note> \u03bf\u1f50\u03b4\u1f72\u03bd \u1f27\u03c3\u03c3\u03bf\u03bd \u03c4\u03bf\u1fd6\u03c2 \u03b1\u1f30\u03c4\u03af\u03bf\u03b9\u03c2 \u03c0\u03c1\u03bf\u03c3\u03c4\u03c1\u03cc\u03c0\u03b1\u03b9\u03bf\u03c2 \u1f14\u03c3\u03c4\u03b1\u03b9,<note anchored=\"yes\" lang=\"la\" resp=\"ed\" place=\"unspecified\">fortasse recte.</note> \u03bf\u1f57\u03c4\u03cc\u03c2 \u03c4\u03b5 \u1f00\u03bd\u03bf\u03c3\u03af\u03c9\u03c2 \u03b4\u03b9\u03b1\u03c6\u03b8\u03b1\u03c1\u03b5\u1f76\u03c2 \u03b4\u03b9\u03c0\u03bb\u03ac\u03c3\u03b9\u03bf\u03bd \u03ba\u03b1\u03b8\u03af\u03c3\u03c4\u03b7\u03c3\u03b9 \u03c4\u1f78 \u03bc\u03af\u03b1\u03c3\u03bc\u03b1<note anchored=\"yes\" lang=\"la\" resp=\"ed\" place=\"unspecified\"><foreign lang=\"greek\">\u1f14\u03c3\u03c4\u03b1\u03b9</foreign> Kayser: <foreign lang=\"greek\">\u1f10\u03c3\u03c4\u03b9\u03bd</foreign> codd.</note> \u03c4\u1ff6\u03bd \u1f00\u03bb\u03b9\u03c4\u03b7\u03c1\u03af\u03c9\u03bd \u03c4\u03bf\u1fd6\u03c2 \u1f00\u03c0\u03bf\u03ba\u03c4\u03b5\u03af\u03bd\u03b1\u03c3\u03b9\u03bd \u03b1\u1f50\u03c4\u03cc\u03bd.\n\t\t\t\t\t<milestone n=\"11\" unit=\"section\" />\u03c4\u03b1\u1fe6\u03c4\u03b1 \u03bf\u1f56\u03bd \u03b4\u03b5\u03b4\u03b9\u03cc\u03c4\u03b5\u03c2, \u03c4\u1f78\u03bd \u03bc\u1f72\u03bd \u03ba\u03b1\u03b8\u03b1\u03c1\u1f78\u03bd \u1f51\u03bc\u03ad\u03c4\u03b5\u03c1\u03bf\u03bd \u1f21\u03b3\u03b5\u1fd6\u03c3\u03b8\u03b5<note anchored=\"yes\" lang=\"la\" resp=\"ed\" place=\"unspecified\"><foreign lang=\"greek\">\u1f21\u03b3\u03b5\u1fd6\u03c3\u03b8\u03b5 \u0391</foreign> corr.\uff08:2\uff09: <foreign lang=\"greek\">\u1f21\u03b3\u03b5\u1fd6\u03c3\u03b8\u03b1\u03b9</foreign> A pr. N.</note> \u03b5\u1f36\u03bd\u03b1\u03b9 \u1f00\u03c0\u03bf\u03bb\u03cd\u03b5\u03b9\u03bd \u03c4\u1fc6\u03c2 \u03b1\u1f30\u03c4\u03af\u03b1\u03c2, \u03c4\u1f78\u03bd \u03b4\u1f72 \u03bc\u03b9\u03b1\u03c1\u1f78\u03bd \u03c4\u1ff7 \u03c7\u03c1\u03cc\u03bd\u1ff3 \u1f00\u03c0\u03bf\u03b4\u03cc\u03bd\u03c4\u03b5\u03c2 \u03c6\u1fc6\u03bd\u03b1\u03b9 \u03c4\u03bf\u1fd6\u03c2 \u1f14\u03b3\u03b3\u03b9\u03c3\u03c4\u03b1 \u03c4\u03b9\u03bc\u03c9\u03c1\u03b5\u1fd6\u03c3\u03b8\u03b1\u03b9 \u1f51\u03c0\u03bf\u03bb\u03b5\u03af\u03c0\u03b5\u03c4\u03b5: \u03bf\u1f55\u03c4\u03c9 \u03b3\u1f70\u03c1 \u1f02\u03bd<note anchored=\"yes\" lang=\"la\" resp=\"ed\" place=\"unspecified\"><foreign lang=\"greek\">\u1f02\u03bd</foreign> om. <foreign lang=\"greek\">\u0391.</foreign></note> \u03b4\u03b9\u03ba\u03b1\u03b9\u03cc\u03c4\u03b1\u03c4\u03b1 \u03ba\u03b1\u1f76 \u1f41\u03c3\u03b9\u03ce\u03c4\u03b1\u03c4\u03b1 \u03c0\u03c1\u03ac\u03be\u03b1\u03b9\u03c4\u1fbd \u1f04\u03bd.\n\t\t\t\t</p></div2></div1></body></text></TEI.2>"}]}