[{"author": "AchillesTatius", "works": [{"name": "Leucippe et Clitophon", "location": "perseus_texts/AchillesTatius-Leucippe_et_Clitophon.json"}]}, {"author": "Aelian", "works": [{"name": "De Natura Animalium", "location": "perseus_texts/Aelian-De_Natura_Animalium.json"}, {"name": "Epistulae Rusticae", "location": "perseus_texts/Aelian-Epistulae_Rusticae.json"}, {"name": "Varia Historia", "location": "perseus_texts/Aelian-Varia_Historia.json"}]}, {"author": "AeneasTacticus", "works": [{"name": "Poliorcetica", "location": "perseus_texts/AeneasTacticus-Poliorcetica.json"}]}, {"author": "Aeschines", "works": [{"name": "Against Timarchus", "location": "perseus_texts/Aeschines-Against_Timarchus.json"}, {"name": "On the Embassy", "location": "perseus_texts/Aeschines-On_the_Embassy.json"}, {"name": "Against Ctesiphon", "location": "perseus_texts/Aeschines-Against_Ctesiphon.json"}]}, {"author": "Aeschylus", "works": [{"name": "Agamemnon", "location": "perseus_texts/Aeschylus-Agamemnon.json"}, {"name": "Eumenides", "location": "perseus_texts/Aeschylus-Eumenides.json"}, {"name": "Libation Bearers", "location": "perseus_texts/Aeschylus-Libation_Bearers.json"}, {"name": "Persians", "location": "perseus_texts/Aeschylus-Persians.json"}, {"name": "Prometheus Bound", "location": "perseus_texts/Aeschylus-Prometheus_Bound.json"}, {"name": "Seven Against Thebes", "location": "perseus_texts/Aeschylus-Seven_Against_Thebes.json"}, {"name": "Suppliant Women", "location": "perseus_texts/Aeschylus-Suppliant_Women.json"}]}, {"author": "Andocides", "works": [{"name": "On the Mysteries", "location": "perseus_texts/Andocides-On_the_Mysteries.json"}, {"name": "On his Return", "location": "perseus_texts/Andocides-On_his_Return.json"}, {"name": "On the Peace", "location": "perseus_texts/Andocides-On_the_Peace.json"}, {"name": "Against Alcibiades", "location": "perseus_texts/Andocides-Against_Alcibiades.json"}]}, {"author": "Antiphon", "works": [{"name": "Against the Stepmother for Poisoning", "location": "perseus_texts/Antiphon-Against_the_Stepmother_for_Poisoning.json"}, {"name": "First Tetralogy", "location": "perseus_texts/Antiphon-First_Tetralogy.json"}, {"name": "Second Tetralogy", "location": "perseus_texts/Antiphon-Second_Tetralogy.json"}, {"name": "Third Tetralogy", "location": "perseus_texts/Antiphon-Third_Tetralogy.json"}, {"name": "On the murder of Herodes", "location": "perseus_texts/Antiphon-On_the_murder_of_Herodes.json"}, {"name": "On the Choreutes", "location": "perseus_texts/Antiphon-On_the_Choreutes.json"}]}, {"author": "PseudoApollodorus", "works": [{"name": "Library", "location": "perseus_texts/PseudoApollodorus-Library.json"}, {"name": "Epitome", "location": "perseus_texts/PseudoApollodorus-Epitome.json"}]}, {"author": "ApolloniusRhodius", "works": [{"name": "Argonautica", "location": "perseus_texts/ApolloniusRhodius-Argonautica.json"}]}, {"author": "Appian", "works": [{"name": "The Civil Wars", "location": "perseus_texts/Appian-The_Civil_Wars.json"}, {"name": "The Foreign Wars", "location": "perseus_texts/Appian-The_Foreign_Wars.json"}]}, {"author": "AratusSolensis", "works": [{"name": "Phaenomena", "location": "perseus_texts/AratusSolensis-Phaenomena.json"}]}, {"author": "Aretaeus", "works": [{"name": "On the Causes and Signs of Acute Diseases (Book 1)", "location": "perseus_texts/Aretaeus-On_the_Causes_and_Signs_of_Acute_Diseases_(Book_1).json"}, {"name": "On the Causes and Signs of Acute Diseases (Book 2)", "location": "perseus_texts/Aretaeus-On_the_Causes_and_Signs_of_Acute_Diseases_(Book_2).json"}, {"name": "On the Cures of Acute Diseases (Book 2)", "location": "perseus_texts/Aretaeus-On_the_Cures_of_Acute_Diseases_(Book_2).json"}, {"name": "On the Cures of Long Lasting Diseases (Book 2)", "location": "perseus_texts/Aretaeus-On_the_Cures_of_Long_Lasting_Diseases_(Book_2).json"}]}, {"author": "AeliusAristides", "works": [{"name": "Ars Rhetorica", "location": "perseus_texts/AeliusAristides-Ars_Rhetorica.json"}, {"name": "Orationes", "location": "perseus_texts/AeliusAristides-Orationes.json"}]}, {"author": "Aristophanes", "works": [{"name": "Acharnians", "location": "perseus_texts/Aristophanes-Acharnians.json"}, {"name": "Birds", "location": "perseus_texts/Aristophanes-Birds.json"}, {"name": "Clouds", "location": "perseus_texts/Aristophanes-Clouds.json"}, {"name": "Ecclesiazusae", "location": "perseus_texts/Aristophanes-Ecclesiazusae.json"}, {"name": "Frogs", "location": "perseus_texts/Aristophanes-Frogs.json"}, {"name": "Knights", "location": "perseus_texts/Aristophanes-Knights.json"}, {"name": "Lysistrata", "location": "perseus_texts/Aristophanes-Lysistrata.json"}, {"name": "Peace", "location": "perseus_texts/Aristophanes-Peace.json"}, {"name": "Plutus", "location": "perseus_texts/Aristophanes-Plutus.json"}, {"name": "Thesmophoriazusae", "location": "perseus_texts/Aristophanes-Thesmophoriazusae.json"}, {"name": "Wasps", "location": "perseus_texts/Aristophanes-Wasps.json"}]}, {"author": "Aristotle", "works": [{"name": "Athenian Constitution", "location": "perseus_texts/Aristotle-Athenian_Constitution.json"}, {"name": "Economics", "location": "perseus_texts/Aristotle-Economics.json"}, {"name": "Eudemian Ethics", "location": "perseus_texts/Aristotle-Eudemian_Ethics.json"}, {"name": "Metaphysics", "location": "perseus_texts/Aristotle-Metaphysics.json"}, {"name": "Nicomachean Ethics", "location": "perseus_texts/Aristotle-Nicomachean_Ethics.json"}, {"name": "Poetics", "location": "perseus_texts/Aristotle-Poetics.json"}, {"name": "Politics", "location": "perseus_texts/Aristotle-Politics.json"}, {"name": "Rhetoric", "location": "perseus_texts/Aristotle-Rhetoric.json"}, {"name": "Virtues and Vices", "location": "perseus_texts/Aristotle-Virtues_and_Vices.json"}]}, {"author": "Arrian", "works": [{"name": "Acies Contra Alanos", "location": "perseus_texts/Arrian-Acies_Contra_Alanos.json"}, {"name": "Anabasis", "location": "perseus_texts/Arrian-Anabasis.json"}, {"name": "Cynegeticus", "location": "perseus_texts/Arrian-Cynegeticus.json"}, {"name": "Indica", "location": "perseus_texts/Arrian-Indica.json"}, {"name": "Periplus Ponti Euxini", "location": "perseus_texts/Arrian-Periplus_Ponti_Euxini.json"}, {"name": "Tactica", "location": "perseus_texts/Arrian-Tactica.json"}]}, {"author": "Asclepiodotus", "works": [{"name": "Tactica", "location": "perseus_texts/Asclepiodotus-Tactica.json"}]}, {"author": "Athenaeus", "works": [{"name": "Deipnosophistae", "location": "perseus_texts/Athenaeus-Deipnosophistae.json"}]}, {"author": "MarcusAurelius", "works": [{"name": "Marcus Antonius Imperator Ad Se Ipsum", "location": "perseus_texts/MarcusAurelius-Marcus_Antonius_Imperator_Ad_Se_Ipsum.json"}]}, {"author": "Bacchylides", "works": [{"name": "Epinicians", "location": "perseus_texts/Bacchylides-Epinicians.json"}, {"name": "Dithyrambs", "location": "perseus_texts/Bacchylides-Dithyrambs.json"}]}, {"author": "Barnabas", "works": [{"name": "Barnabae Epistula", "location": "perseus_texts/Barnabas-Barnabae_Epistula.json"}]}, {"author": "BasilBishopOfCaesarea", "works": [{"name": "De legendis gentilium libris", "location": "perseus_texts/BasilBishopOfCaesarea-De_legendis_gentilium_libris.json"}, {"name": "Epistulae", "location": "perseus_texts/BasilBishopOfCaesarea-Epistulae.json"}]}, {"author": "BionOfPhlossa", "works": [{"name": "Epithalamium Achillis et Deidameiae", "location": "perseus_texts/BionOfPhlossa-Epithalamium_Achillis_et_Deidameiae.json"}, {"name": "Epitaphius Adonis", "location": "perseus_texts/BionOfPhlossa-Epitaphius_Adonis.json"}, {"name": "Fragments", "location": "perseus_texts/BionOfPhlossa-Fragments.json"}]}, {"author": "Callimachus", "works": [{"name": "Epigrams and Fragments", "location": "perseus_texts/Callimachus-Epigrams_and_Fragments.json"}, {"name": "Hymns", "location": "perseus_texts/Callimachus-Hymns.json"}]}, {"author": "Callistratus", "works": [{"name": "Statuaram Descriptiones", "location": "perseus_texts/Callistratus-Statuaram_Descriptiones.json"}]}, {"author": "Chariton", "works": [{"name": "De Chaerea et Callirhoe", "location": "perseus_texts/Chariton-De_Chaerea_et_Callirhoe.json"}]}, {"author": "ClementOfAlexandria", "works": [{"name": "Quis Dis Salvetur", "location": "perseus_texts/ClementOfAlexandria-Quis_Dis_Salvetur.json"}, {"name": "Exhortation to Endurance", "location": "perseus_texts/ClementOfAlexandria-Exhortation_to_Endurance.json"}, {"name": "Protrepticus", "location": "perseus_texts/ClementOfAlexandria-Protrepticus.json"}]}, {"author": "Colluthus", "works": [{"name": "Rape of Helen", "location": "perseus_texts/Colluthus-Rape_of_Helen.json"}]}, {"author": "Demades", "works": [{"name": "On the Twelve Years", "location": "perseus_texts/Demades-On_the_Twelve_Years.json"}]}, {"author": "DemetriusOfPhaleron", "works": [{"name": "Libro de Elocutione", "location": "perseus_texts/DemetriusOfPhaleron-Libro_de_Elocutione.json"}]}, {"author": "Demosthenes", "works": [{"name": "Exordia", "location": "perseus_texts/Demosthenes-Exordia.json"}, {"name": "Letters", "location": "perseus_texts/Demosthenes-Letters.json"}, {"name": "Speeches", "location": "perseus_texts/Demosthenes-Speeches.json"}]}, {"author": "Dinarchus", "works": [{"name": "Speeches", "location": "perseus_texts/Dinarchus-Speeches.json"}]}, {"author": "DioChrysostom", "works": [{"name": "Orationes", "location": "perseus_texts/DioChrysostom-Orationes.json"}]}, {"author": "CassiusDio", "works": [{"name": "Historia Romanae", "location": "perseus_texts/CassiusDio-Historia_Romanae.json"}]}, {"author": "DiodorusSiculus", "works": [{"name": "Bibliotheca Historica", "location": "perseus_texts/DiodorusSiculus-Bibliotheca_Historica.json"}]}, {"author": "DiogenesLaertius", "works": [{"name": "Lives of Eminent Philosophers", "location": "perseus_texts/DiogenesLaertius-Lives_of_Eminent_Philosophers.json"}]}, {"author": "DionysiusOfHalicarnassus", "works": [{"name": "Antiquitates Romanae", "location": "perseus_texts/DionysiusOfHalicarnassus-Antiquitates_Romanae.json"}, {"name": "De Antiquis Oratibus", "location": "perseus_texts/DionysiusOfHalicarnassus-De_Antiquis_Oratibus.json"}, {"name": "De Lysia", "location": "perseus_texts/DionysiusOfHalicarnassus-De_Lysia.json"}, {"name": "De Isocrate", "location": "perseus_texts/DionysiusOfHalicarnassus-De_Isocrate.json"}, {"name": "De Isaeo", "location": "perseus_texts/DionysiusOfHalicarnassus-De_Isaeo.json"}, {"name": "De Demothene", "location": "perseus_texts/DionysiusOfHalicarnassus-De_Demothene.json"}, {"name": "Ad Ammaeum", "location": "perseus_texts/DionysiusOfHalicarnassus-Ad_Ammaeum.json"}, {"name": "De Thucydidis Idiomatibus", "location": "perseus_texts/DionysiusOfHalicarnassus-De_Thucydidis_Idiomatibus.json"}, {"name": "De Compositione Verborum", "location": "perseus_texts/DionysiusOfHalicarnassus-De_Compositione_Verborum.json"}, {"name": "De Thucydide", "location": "perseus_texts/DionysiusOfHalicarnassus-De_Thucydide.json"}, {"name": "Epistula ad Pompeium Geminum", "location": "perseus_texts/DionysiusOfHalicarnassus-Epistula_ad_Pompeium_Geminum.json"}]}, {"author": "Epictetus", "works": [{"name": "Discourses", "location": "perseus_texts/Epictetus-Discourses.json"}, {"name": "Enchiridion", "location": "perseus_texts/Epictetus-Enchiridion.json"}, {"name": "Fragments", "location": "perseus_texts/Epictetus-Fragments.json"}]}, {"author": "Euclid", "works": [{"name": "Elements", "location": "perseus_texts/Euclid-Elements.json"}]}, {"author": "Euripides", "works": [{"name": "Alcestis", "location": "perseus_texts/Euripides-Alcestis.json"}, {"name": "Andromache", "location": "perseus_texts/Euripides-Andromache.json"}, {"name": "Bacchae", "location": "perseus_texts/Euripides-Bacchae.json"}, {"name": "Cyclops", "location": "perseus_texts/Euripides-Cyclops.json"}, {"name": "Electra", "location": "perseus_texts/Euripides-Electra.json"}, {"name": "Hecuba", "location": "perseus_texts/Euripides-Hecuba.json"}, {"name": "Helen", "location": "perseus_texts/Euripides-Helen.json"}, {"name": "Heracleidae", "location": "perseus_texts/Euripides-Heracleidae.json"}, {"name": "Heracles", "location": "perseus_texts/Euripides-Heracles.json"}, {"name": "Hippolytus", "location": "perseus_texts/Euripides-Hippolytus.json"}, {"name": "Ion", "location": "perseus_texts/Euripides-Ion.json"}, {"name": "Iphigenia in Aulis", "location": "perseus_texts/Euripides-Iphigenia_in_Aulis.json"}, {"name": "Iphigenia in Tauris", "location": "perseus_texts/Euripides-Iphigenia_in_Tauris.json"}, {"name": "Medea", "location": "perseus_texts/Euripides-Medea.json"}, {"name": "Orestes", "location": "perseus_texts/Euripides-Orestes.json"}, {"name": "Phoenissae", "location": "perseus_texts/Euripides-Phoenissae.json"}, {"name": "Rhesus", "location": "perseus_texts/Euripides-Rhesus.json"}, {"name": "Suppliants", "location": "perseus_texts/Euripides-Suppliants.json"}, {"name": "Trojan Women", "location": "perseus_texts/Euripides-Trojan_Women.json"}]}, {"author": "EusebiusOfCaesarea", "works": [{"name": "Historia Ecclesiastica", "location": "perseus_texts/EusebiusOfCaesarea-Historia_Ecclesiastica.json"}]}, {"author": "Galen", "works": [{"name": "On the Natural Faculties", "location": "perseus_texts/Galen-On_the_Natural_Faculties.json"}]}, {"author": "ValeriusHarpocration", "works": [{"name": "Lexion in decem oratores Atticos", "location": "perseus_texts/ValeriusHarpocration-Lexion_in_decem_oratores_Atticos.json"}]}, {"author": "Herodotus", "works": [{"name": "The Histories", "location": "perseus_texts/Herodotus-The_Histories.json"}]}, {"author": "Hesiod", "works": [{"name": "Shield of Heracles", "location": "perseus_texts/Hesiod-Shield_of_Heracles.json"}, {"name": "Theogony", "location": "perseus_texts/Hesiod-Theogony.json"}, {"name": "Works and Days", "location": "perseus_texts/Hesiod-Works_and_Days.json"}]}, {"author": "Hippocrates", "works": [{"name": "Works1", "location": "perseus_texts/Hippocrates-Works1.json"}, {"name": "Works2", "location": "perseus_texts/Hippocrates-Works2.json"}]}, {"author": "Homer", "works": [{"name": "Iliad", "location": "perseus_texts/Homer-Iliad.json"}, {"name": "Odyssey", "location": "perseus_texts/Homer-Odyssey.json"}]}, {"author": "Anonymous(Hymns_Dionysus)", "works": [{"name": "Hymn to Dionysus", "location": "perseus_texts/Anonymous(Hymns_Dionysus)-Hymn_to_Dionysus.json"}]}, {"author": "Anonymous(Hymns_Demeter)", "works": [{"name": "Hymn to Demeter", "location": "perseus_texts/Anonymous(Hymns_Demeter)-Hymn_to_Demeter.json"}]}, {"author": "Anonymous(Hymns_Apollo)", "works": [{"name": "Hymn to Apollo", "location": "perseus_texts/Anonymous(Hymns_Apollo)-Hymn_to_Apollo.json"}]}, {"author": "Anonymous(Hymns_Hermes)", "works": [{"name": "Hymn to Hermes", "location": "perseus_texts/Anonymous(Hymns_Hermes)-Hymn_to_Hermes.json"}]}, {"author": "Anonymous(Hymns_Aphrodite)", "works": [{"name": "Hymn to Aphrodite", "location": "perseus_texts/Anonymous(Hymns_Aphrodite)-Hymn_to_Aphrodite.json"}]}, {"author": "Anonymous(Hymns_Rest)", "works": [{"name": "Short Homeric Hymns", "location": "perseus_texts/Anonymous(Hymns_Rest)-Short_Homeric_Hymns.json"}]}, {"author": "Hyperides", "works": [{"name": "Speeches", "location": "perseus_texts/Hyperides-Speeches.json"}]}, {"author": "Isaeus", "works": [{"name": "Speeches", "location": "perseus_texts/Isaeus-Speeches.json"}]}, {"author": "Isocrates", "works": [{"name": "Letters", "location": "perseus_texts/Isocrates-Letters.json"}, {"name": "Speeches", "location": "perseus_texts/Isocrates-Speeches.json"}]}, {"author": "JohnOfDamascus", "works": [{"name": "Vita Barlaam et Joasaph", "location": "perseus_texts/JohnOfDamascus-Vita_Barlaam_et_Joasaph.json"}]}, {"author": "FlaviusJosephus", "works": [{"name": "Antiquitates Judaicae", "location": "perseus_texts/FlaviusJosephus-Antiquitates_Judaicae.json"}, {"name": "Contra Apionem", "location": "perseus_texts/FlaviusJosephus-Contra_Apionem.json"}, {"name": "De Bello Judaico", "location": "perseus_texts/FlaviusJosephus-De_Bello_Judaico.json"}, {"name": "Josephi Vitae", "location": "perseus_texts/FlaviusJosephus-Josephi_Vitae.json"}]}, {"author": "Longinus", "works": [{"name": "De Sublimitate", "location": "perseus_texts/Longinus-De_Sublimitate.json"}]}, {"author": "Longus", "works": [{"name": "Daphne and Chloe", "location": "perseus_texts/Longus-Daphne_and_Chloe.json"}]}, {"author": "Lucian", "works": [{"name": "Abdicatus", "location": "perseus_texts/Lucian-Abdicatus.json"}, {"name": "Adversus indoctum et libros multos ementem", "location": "perseus_texts/Lucian-Adversus_indoctum_et_libros_multos_ementem.json"}, {"name": "Alexander", "location": "perseus_texts/Lucian-Alexander.json"}, {"name": "Anacharsis", "location": "perseus_texts/Lucian-Anacharsis.json"}, {"name": "Apologia", "location": "perseus_texts/Lucian-Apologia.json"}, {"name": "Bacchus", "location": "perseus_texts/Lucian-Bacchus.json"}, {"name": "Bis accusatus sive tribunalia", "location": "perseus_texts/Lucian-Bis_accusatus_sive_tribunalia.json"}, {"name": "Calumniae non temere credundum", "location": "perseus_texts/Lucian-Calumniae_non_temere_credundum.json"}, {"name": "Cataplus", "location": "perseus_texts/Lucian-Cataplus.json"}, {"name": "Contemplantes", "location": "perseus_texts/Lucian-Contemplantes.json"}, {"name": "De Astrologia", "location": "perseus_texts/Lucian-De_Astrologia.json"}, {"name": "De Domo", "location": "perseus_texts/Lucian-De_Domo.json"}, {"name": "De Luctu", "location": "perseus_texts/Lucian-De_Luctu.json"}, {"name": "De Mercede", "location": "perseus_texts/Lucian-De_Mercede.json"}, {"name": "De Morte Peregrini", "location": "perseus_texts/Lucian-De_Morte_Peregrini.json"}, {"name": "De parasito sive artem esse parasiticam", "location": "perseus_texts/Lucian-De_parasito_sive_artem_esse_parasiticam.json"}, {"name": "De Sacrificiis", "location": "perseus_texts/Lucian-De_Sacrificiis.json"}, {"name": "De Saltatione", "location": "perseus_texts/Lucian-De_Saltatione.json"}, {"name": "De Syria Dea", "location": "perseus_texts/Lucian-De_Syria_Dea.json"}, {"name": "Dearum judicium", "location": "perseus_texts/Lucian-Dearum_judicium.json"}, {"name": "Demonax", "location": "perseus_texts/Lucian-Demonax.json"}, {"name": "Deorum Concilium", "location": "perseus_texts/Lucian-Deorum_Concilium.json"}, {"name": "Dialogi deorum", "location": "perseus_texts/Lucian-Dialogi_deorum.json"}, {"name": "Dialogi Marini", "location": "perseus_texts/Lucian-Dialogi_Marini.json"}, {"name": "Dialogi Meretricii", "location": "perseus_texts/Lucian-Dialogi_Meretricii.json"}, {"name": "Dialogi Mortuorum", "location": "perseus_texts/Lucian-Dialogi_Mortuorum.json"}, {"name": "Dipsades", "location": "perseus_texts/Lucian-Dipsades.json"}, {"name": "Electrum", "location": "perseus_texts/Lucian-Electrum.json"}, {"name": "Eunuchus", "location": "perseus_texts/Lucian-Eunuchus.json"}, {"name": "Fugitivi", "location": "perseus_texts/Lucian-Fugitivi.json"}, {"name": "Gallus", "location": "perseus_texts/Lucian-Gallus.json"}, {"name": "Harmonides", "location": "perseus_texts/Lucian-Harmonides.json"}, {"name": "Hercules", "location": "perseus_texts/Lucian-Hercules.json"}, {"name": "Hermotimus", "location": "perseus_texts/Lucian-Hermotimus.json"}, {"name": "Herodotus", "location": "perseus_texts/Lucian-Herodotus.json"}, {"name": "Hesiod", "location": "perseus_texts/Lucian-Hesiod.json"}, {"name": "Hippias", "location": "perseus_texts/Lucian-Hippias.json"}, {"name": "Icaromenippus", "location": "perseus_texts/Lucian-Icaromenippus.json"}, {"name": "Imagines", "location": "perseus_texts/Lucian-Imagines.json"}, {"name": "Judicium Vocalium", "location": "perseus_texts/Lucian-Judicium_Vocalium.json"}, {"name": "Juppiter Confuatus", "location": "perseus_texts/Lucian-Juppiter_Confuatus.json"}, {"name": "Juppiter Trageodeus", "location": "perseus_texts/Lucian-Juppiter_Trageodeus.json"}, {"name": "Lexiphanes", "location": "perseus_texts/Lucian-Lexiphanes.json"}, {"name": "Macrobii", "location": "perseus_texts/Lucian-Macrobii.json"}, {"name": "Muscae Encomium", "location": "perseus_texts/Lucian-Muscae_Encomium.json"}, {"name": "Navigium", "location": "perseus_texts/Lucian-Navigium.json"}, {"name": "Necyomantia", "location": "perseus_texts/Lucian-Necyomantia.json"}, {"name": "Nigrinus", "location": "perseus_texts/Lucian-Nigrinus.json"}, {"name": "Patriae Encomium", "location": "perseus_texts/Lucian-Patriae_Encomium.json"}, {"name": "Phalaris", "location": "perseus_texts/Lucian-Phalaris.json"}, {"name": "Philopsuedes Sive Incredulus", "location": "perseus_texts/Lucian-Philopsuedes_Sive_Incredulus.json"}, {"name": "Piscator", "location": "perseus_texts/Lucian-Piscator.json"}, {"name": "Podagra", "location": "perseus_texts/Lucian-Podagra.json"}, {"name": "Pro Imaginibus", "location": "perseus_texts/Lucian-Pro_Imaginibus.json"}, {"name": "Prometheus", "location": "perseus_texts/Lucian-Prometheus.json"}, {"name": "Prometheus Es In Verbis", "location": "perseus_texts/Lucian-Prometheus_Es_In_Verbis.json"}, {"name": "Pseudologista", "location": "perseus_texts/Lucian-Pseudologista.json"}, {"name": "Quomodo Historia Conscribenda Sit", "location": "perseus_texts/Lucian-Quomodo_Historia_Conscribenda_Sit.json"}, {"name": "Rhetorum Praeceptor", "location": "perseus_texts/Lucian-Rhetorum_Praeceptor.json"}, {"name": "Saturnalia", "location": "perseus_texts/Lucian-Saturnalia.json"}, {"name": "Scytha", "location": "perseus_texts/Lucian-Scytha.json"}, {"name": "Soleocista", "location": "perseus_texts/Lucian-Soleocista.json"}, {"name": "Somnium Sive Vita Luciani", "location": "perseus_texts/Lucian-Somnium_Sive_Vita_Luciani.json"}, {"name": "Symposium", "location": "perseus_texts/Lucian-Symposium.json"}, {"name": "Timon", "location": "perseus_texts/Lucian-Timon.json"}, {"name": "Tyrannicida", "location": "perseus_texts/Lucian-Tyrannicida.json"}, {"name": "Verae Historiae", "location": "perseus_texts/Lucian-Verae_Historiae.json"}, {"name": "Vitarum Auctio", "location": "perseus_texts/Lucian-Vitarum_Auctio.json"}, {"name": "Zeuxis", "location": "perseus_texts/Lucian-Zeuxis.json"}]}, {"author": "Lycophron", "works": [{"name": "Alexandra", "location": "perseus_texts/Lycophron-Alexandra.json"}]}, {"author": "Lycurgus", "works": [{"name": "Against Leocrates", "location": "perseus_texts/Lycurgus-Against_Leocrates.json"}]}, {"author": "Lysias", "works": [{"name": "Speeches", "location": "perseus_texts/Lysias-Speeches.json"}]}, {"author": "Moschus", "works": [{"name": "Epitaphius Bios", "location": "perseus_texts/Moschus-Epitaphius_Bios.json"}, {"name": "Eros Drapeta", "location": "perseus_texts/Moschus-Eros_Drapeta.json"}, {"name": "Europa", "location": "perseus_texts/Moschus-Europa.json"}, {"name": "Fragmenta", "location": "perseus_texts/Moschus-Fragmenta.json"}, {"name": "Megara", "location": "perseus_texts/Moschus-Megara.json"}]}, {"author": "Bible", "works": [{"name": "Bible", "location": "perseus_texts/Bible-Bible.json"}]}, {"author": "Nonnus", "works": [{"name": "Dionysiaca", "location": "perseus_texts/Nonnus-Dionysiaca.json"}]}, {"author": "Onasander", "works": [{"name": "Strategicus", "location": "perseus_texts/Onasander-Strategicus.json"}]}, {"author": "OppianOfApamea", "works": [{"name": "Cynegetica", "location": "perseus_texts/OppianOfApamea-Cynegetica.json"}]}, {"author": "Oppian", "works": [{"name": "Halieutica", "location": "perseus_texts/Oppian-Halieutica.json"}]}, {"author": "Parthenius", "works": [{"name": "Narrationes Amatoriae", "location": "perseus_texts/Parthenius-Narrationes_Amatoriae.json"}]}, {"author": "Pausanias", "works": [{"name": "Description of Greece", "location": "perseus_texts/Pausanias-Description_of_Greece.json"}]}, {"author": "PhilostratusTheAthenian", "works": [{"name": "De Gymnastica", "location": "perseus_texts/PhilostratusTheAthenian-De_Gymnastica.json"}, {"name": "Epistulae et Dialexeis", "location": "perseus_texts/PhilostratusTheAthenian-Epistulae_et_Dialexeis.json"}, {"name": "Heroicus", "location": "perseus_texts/PhilostratusTheAthenian-Heroicus.json"}, {"name": "Nero", "location": "perseus_texts/PhilostratusTheAthenian-Nero.json"}, {"name": "Vita Apollonii", "location": "perseus_texts/PhilostratusTheAthenian-Vita_Apollonii.json"}, {"name": "Vitae Sophistarum", "location": "perseus_texts/PhilostratusTheAthenian-Vitae_Sophistarum.json"}]}, {"author": "PhilostratusMinor", "works": [{"name": "Imagines", "location": "perseus_texts/PhilostratusMinor-Imagines.json"}]}, {"author": "PhilostratusTheLemnian", "works": [{"name": "Imagines", "location": "perseus_texts/PhilostratusTheLemnian-Imagines.json"}]}, {"author": "Pindar", "works": [{"name": "Odes", "location": "perseus_texts/Pindar-Odes.json"}]}, {"author": "Plato", "works": [{"name": "Alcibiades 1", "location": "perseus_texts/Plato-Alcibiades_1.json"}, {"name": "Alcibiades 2", "location": "perseus_texts/Plato-Alcibiades_2.json"}, {"name": "Hipparchus", "location": "perseus_texts/Plato-Hipparchus.json"}, {"name": "Lovers", "location": "perseus_texts/Plato-Lovers.json"}, {"name": "Theages", "location": "perseus_texts/Plato-Theages.json"}, {"name": "Charmides", "location": "perseus_texts/Plato-Charmides.json"}, {"name": "Laches", "location": "perseus_texts/Plato-Laches.json"}, {"name": "Lysis", "location": "perseus_texts/Plato-Lysis.json"}, {"name": "Cratylus", "location": "perseus_texts/Plato-Cratylus.json"}, {"name": "Theaetetus", "location": "perseus_texts/Plato-Theaetetus.json"}, {"name": "Sophist", "location": "perseus_texts/Plato-Sophist.json"}, {"name": "Statesman", "location": "perseus_texts/Plato-Statesman.json"}, {"name": "Epistles", "location": "perseus_texts/Plato-Epistles.json"}, {"name": "Euthydemus", "location": "perseus_texts/Plato-Euthydemus.json"}, {"name": "Protagoras", "location": "perseus_texts/Plato-Protagoras.json"}, {"name": "Gorgias", "location": "perseus_texts/Plato-Gorgias.json"}, {"name": "Meno", "location": "perseus_texts/Plato-Meno.json"}, {"name": "Euthyphro", "location": "perseus_texts/Plato-Euthyphro.json"}, {"name": "Apology", "location": "perseus_texts/Plato-Apology.json"}, {"name": "Crito", "location": "perseus_texts/Plato-Crito.json"}, {"name": "Phaedo", "location": "perseus_texts/Plato-Phaedo.json"}, {"name": "Greater Hippias", "location": "perseus_texts/Plato-Greater_Hippias.json"}, {"name": "Lesser Hippias", "location": "perseus_texts/Plato-Lesser_Hippias.json"}, {"name": "Ion", "location": "perseus_texts/Plato-Ion.json"}, {"name": "Menexenus", "location": "perseus_texts/Plato-Menexenus.json"}, {"name": "Cleitophon", "location": "perseus_texts/Plato-Cleitophon.json"}, {"name": "Timaeus", "location": "perseus_texts/Plato-Timaeus.json"}, {"name": "Critias", "location": "perseus_texts/Plato-Critias.json"}, {"name": "Minos", "location": "perseus_texts/Plato-Minos.json"}, {"name": "Epinomis", "location": "perseus_texts/Plato-Epinomis.json"}, {"name": "Laws", "location": "perseus_texts/Plato-Laws.json"}, {"name": "Parmenides", "location": "perseus_texts/Plato-Parmenides.json"}, {"name": "Philebus", "location": "perseus_texts/Plato-Philebus.json"}, {"name": "Symposium", "location": "perseus_texts/Plato-Symposium.json"}, {"name": "Phaedrus", "location": "perseus_texts/Plato-Phaedrus.json"}, {"name": "Republic", "location": "perseus_texts/Plato-Republic.json"}]}, {"author": "Plutarch", "works": [{"name": "Ad principem ineruditum", "location": "perseus_texts/Plutarch-Ad_principem_ineruditum.json"}, {"name": "Adversus Colotem", "location": "perseus_texts/Plutarch-Adversus_Colotem.json"}, {"name": "Aemilius Paulus", "location": "perseus_texts/Plutarch-Aemilius_Paulus.json"}, {"name": "Agesilaus", "location": "perseus_texts/Plutarch-Agesilaus.json"}, {"name": "Agis", "location": "perseus_texts/Plutarch-Agis.json"}, {"name": "Alcibiades", "location": "perseus_texts/Plutarch-Alcibiades.json"}, {"name": "Alexander", "location": "perseus_texts/Plutarch-Alexander.json"}, {"name": "Amatoriae narrationes", "location": "perseus_texts/Plutarch-Amatoriae_narrationes.json"}, {"name": "Amatorius", "location": "perseus_texts/Plutarch-Amatorius.json"}, {"name": "Animine an corporis affectiones sint peiores", "location": "perseus_texts/Plutarch-Animine_an_corporis_affectiones_sint_peiores.json"}, {"name": "Antony", "location": "perseus_texts/Plutarch-Antony.json"}, {"name": "Apophthegmata Laconica", "location": "perseus_texts/Plutarch-Apophthegmata_Laconica.json"}, {"name": "Aquane an ignis sit utilior", "location": "perseus_texts/Plutarch-Aquane_an_ignis_sit_utilior.json"}, {"name": "Aratus", "location": "perseus_texts/Plutarch-Aratus.json"}, {"name": "Aristides", "location": "perseus_texts/Plutarch-Aristides.json"}, {"name": "Artaxerxes", "location": "perseus_texts/Plutarch-Artaxerxes.json"}, {"name": "Bruta animalia ratione uti", "location": "perseus_texts/Plutarch-Bruta_animalia_ratione_uti.json"}, {"name": "Brutus", "location": "perseus_texts/Plutarch-Brutus.json"}, {"name": "Caesar", "location": "perseus_texts/Plutarch-Caesar.json"}, {"name": "Caius Gracchus", "location": "perseus_texts/Plutarch-Caius_Gracchus.json"}, {"name": "Caius Marcius Coriolanus", "location": "perseus_texts/Plutarch-Caius_Marcius_Coriolanus.json"}, {"name": "Caius Marius", "location": "perseus_texts/Plutarch-Caius_Marius.json"}, {"name": "Camillus", "location": "perseus_texts/Plutarch-Camillus.json"}, {"name": "Cato the Younger", "location": "perseus_texts/Plutarch-Cato_the_Younger.json"}, {"name": "Cicero", "location": "perseus_texts/Plutarch-Cicero.json"}, {"name": "Cimon", "location": "perseus_texts/Plutarch-Cimon.json"}, {"name": "Cleomenes", "location": "perseus_texts/Plutarch-Cleomenes.json"}, {"name": "Comparationis Aristophanis et Menandri compendium", "location": "perseus_texts/Plutarch-Comparationis_Aristophanis_et_Menandri_compendium.json"}, {"name": "Comparison of Agesilaus and Pompey", "location": "perseus_texts/Plutarch-Comparison_of_Agesilaus_and_Pompey.json"}, {"name": "Comparison of Agis and Cleomenes and the Gracchi", "location": "perseus_texts/Plutarch-Comparison_of_Agis_and_Cleomenes_and_the_Gracchi.json"}, {"name": "Comparison of Alcibiades and Coriolanus", "location": "perseus_texts/Plutarch-Comparison_of_Alcibiades_and_Coriolanus.json"}, {"name": "Comparison of Aristides with Marcus Cato", "location": "perseus_texts/Plutarch-Comparison_of_Aristides_with_Marcus_Cato.json"}, {"name": "Comparison of Demetrius and Antony", "location": "perseus_texts/Plutarch-Comparison_of_Demetrius_and_Antony.json"}, {"name": "Comparison of Demosthenes with Cicero", "location": "perseus_texts/Plutarch-Comparison_of_Demosthenes_with_Cicero.json"}, {"name": "Comparison of Dion and Brutus", "location": "perseus_texts/Plutarch-Comparison_of_Dion_and_Brutus.json"}, {"name": "Comparison of Lucullus and Cimon", "location": "perseus_texts/Plutarch-Comparison_of_Lucullus_and_Cimon.json"}, {"name": "Comparison of Lycurgus and Numa", "location": "perseus_texts/Plutarch-Comparison_of_Lycurgus_and_Numa.json"}, {"name": "Comparison of Lysander and Sulla", "location": "perseus_texts/Plutarch-Comparison_of_Lysander_and_Sulla.json"}, {"name": "Comparison of Nicias and Crassus", "location": "perseus_texts/Plutarch-Comparison_of_Nicias_and_Crassus.json"}, {"name": "Comparison of Pelopidas and Marcellus", "location": "perseus_texts/Plutarch-Comparison_of_Pelopidas_and_Marcellus.json"}, {"name": "Comparison of Pericles and Fabius Maximus", "location": "perseus_texts/Plutarch-Comparison_of_Pericles_and_Fabius_Maximus.json"}, {"name": "Comparison of Philopoemen and Titus", "location": "perseus_texts/Plutarch-Comparison_of_Philopoemen_and_Titus.json"}, {"name": "Comparison of Sertorius and Eumenes", "location": "perseus_texts/Plutarch-Comparison_of_Sertorius_and_Eumenes.json"}, {"name": "Comparison of Solon and Publicola", "location": "perseus_texts/Plutarch-Comparison_of_Solon_and_Publicola.json"}, {"name": "Comparison of Theseus and Romulus", "location": "perseus_texts/Plutarch-Comparison_of_Theseus_and_Romulus.json"}, {"name": "Comparison of Timoleon and Aemilius", "location": "perseus_texts/Plutarch-Comparison_of_Timoleon_and_Aemilius.json"}, {"name": "Compendium Argumenti Stoicos absurdiora poetis dicere", "location": "perseus_texts/Plutarch-Compendium_Argumenti_Stoicos_absurdiora_poetis_dicere.json"}, {"name": "Compendium libri de animae procreatione in Timaeo", "location": "perseus_texts/Plutarch-Compendium_libri_de_animae_procreatione_in_Timaeo.json"}, {"name": "Conjugalia Praecepta", "location": "perseus_texts/Plutarch-Conjugalia_Praecepta.json"}, {"name": "Consolatio ad Apollonium", "location": "perseus_texts/Plutarch-Consolatio_ad_Apollonium.json"}, {"name": "Consolatio ad uxorem", "location": "perseus_texts/Plutarch-Consolatio_ad_uxorem.json"}, {"name": "Crassus", "location": "perseus_texts/Plutarch-Crassus.json"}, {"name": "De Alexandri magni fortuna aut virtute", "location": "perseus_texts/Plutarch-De_Alexandri_magni_fortuna_aut_virtute.json"}, {"name": "De amicorum multitudine", "location": "perseus_texts/Plutarch-De_amicorum_multitudine.json"}, {"name": "De amore prolis", "location": "perseus_texts/Plutarch-De_amore_prolis.json"}, {"name": "De animae procreatione in Timaeo", "location": "perseus_texts/Plutarch-De_animae_procreatione_in_Timaeo.json"}, {"name": "De capienda ex inimicis utilitate", "location": "perseus_texts/Plutarch-De_capienda_ex_inimicis_utilitate.json"}, {"name": "De cohibenda ira", "location": "perseus_texts/Plutarch-De_cohibenda_ira.json"}, {"name": "De communibus notitiis adversus Stoicos", "location": "perseus_texts/Plutarch-De_communibus_notitiis_adversus_Stoicos.json"}, {"name": "De cupiditate divitiarum", "location": "perseus_texts/Plutarch-De_cupiditate_divitiarum.json"}, {"name": "De curiositate", "location": "perseus_texts/Plutarch-De_curiositate.json"}, {"name": "De defectu oraculorum", "location": "perseus_texts/Plutarch-De_defectu_oraculorum.json"}, {"name": "De E apud Delphos", "location": "perseus_texts/Plutarch-De_E_apud_Delphos.json"}, {"name": "De esu carnium I", "location": "perseus_texts/Plutarch-De_esu_carnium_I.json"}, {"name": "De esu carnium II", "location": "perseus_texts/Plutarch-De_esu_carnium_II.json"}, {"name": "De exilio", "location": "perseus_texts/Plutarch-De_exilio.json"}, {"name": "De faciae quae in orbe lunae apparet", "location": "perseus_texts/Plutarch-De_faciae_quae_in_orbe_lunae_apparet.json"}, {"name": "De fato", "location": "perseus_texts/Plutarch-De_fato.json"}, {"name": "De fortuna", "location": "perseus_texts/Plutarch-De_fortuna.json"}, {"name": "De fortuna Romanorum", "location": "perseus_texts/Plutarch-De_fortuna_Romanorum.json"}, {"name": "De fraterno amore", "location": "perseus_texts/Plutarch-De_fraterno_amore.json"}, {"name": "De garrulitate", "location": "perseus_texts/Plutarch-De_garrulitate.json"}, {"name": "De genio Socratis", "location": "perseus_texts/Plutarch-De_genio_Socratis.json"}, {"name": "De gloria Atheniensium", "location": "perseus_texts/Plutarch-De_gloria_Atheniensium.json"}, {"name": "De Herodoti malignitate", "location": "perseus_texts/Plutarch-De_Herodoti_malignitate.json"}, {"name": "De invidia et odio", "location": "perseus_texts/Plutarch-De_invidia_et_odio.json"}, {"name": "De Iside et Osiride", "location": "perseus_texts/Plutarch-De_Iside_et_Osiride.json"}, {"name": "De liberis educandis", "location": "perseus_texts/Plutarch-De_liberis_educandis.json"}, {"name": "De primo frigido", "location": "perseus_texts/Plutarch-De_primo_frigido.json"}, {"name": "De Pythiae oraculis", "location": "perseus_texts/Plutarch-De_Pythiae_oraculis.json"}, {"name": "De Recta Ratione Audiendi", "location": "perseus_texts/Plutarch-De_Recta_Ratione_Audiendi.json"}, {"name": "De Se Ipsum Citra Invidiam Laudando", "location": "perseus_texts/Plutarch-De_Se_Ipsum_Citra_Invidiam_Laudando.json"}, {"name": "De sera numinis vindicta", "location": "perseus_texts/Plutarch-De_sera_numinis_vindicta.json"}, {"name": "De sollertia animalium", "location": "perseus_texts/Plutarch-De_sollertia_animalium.json"}, {"name": "De Stoicorum repugnantiis", "location": "perseus_texts/Plutarch-De_Stoicorum_repugnantiis.json"}, {"name": "De superstitione", "location": "perseus_texts/Plutarch-De_superstitione.json"}, {"name": "De tranquilitate animi", "location": "perseus_texts/Plutarch-De_tranquilitate_animi.json"}, {"name": "De tuenda sanitate praecepta", "location": "perseus_texts/Plutarch-De_tuenda_sanitate_praecepta.json"}, {"name": "De unius in republica dominatione", "location": "perseus_texts/Plutarch-De_unius_in_republica_dominatione.json"}, {"name": "De virtute et vitio", "location": "perseus_texts/Plutarch-De_virtute_et_vitio.json"}, {"name": "De virtute morali", "location": "perseus_texts/Plutarch-De_virtute_morali.json"}, {"name": "De vitando aere alieno", "location": "perseus_texts/Plutarch-De_vitando_aere_alieno.json"}, {"name": "De vitioso pudore", "location": "perseus_texts/Plutarch-De_vitioso_pudore.json"}, {"name": "Demetrius", "location": "perseus_texts/Plutarch-Demetrius.json"}, {"name": "Demosthenes", "location": "perseus_texts/Plutarch-Demosthenes.json"}, {"name": "Dion", "location": "perseus_texts/Plutarch-Dion.json"}, {"name": "Eumenes", "location": "perseus_texts/Plutarch-Eumenes.json"}, {"name": "Fabius Maximus", "location": "perseus_texts/Plutarch-Fabius_Maximus.json"}, {"name": "Galba", "location": "perseus_texts/Plutarch-Galba.json"}, {"name": "Instituta Laconica", "location": "perseus_texts/Plutarch-Instituta_Laconica.json"}, {"name": "Lacaenarum Apophthegmata", "location": "perseus_texts/Plutarch-Lacaenarum_Apophthegmata.json"}, {"name": "Lucullus", "location": "perseus_texts/Plutarch-Lucullus.json"}, {"name": "Lycurgus", "location": "perseus_texts/Plutarch-Lycurgus.json"}, {"name": "Lysander", "location": "perseus_texts/Plutarch-Lysander.json"}, {"name": "Marcellus", "location": "perseus_texts/Plutarch-Marcellus.json"}, {"name": "Marcus Cato", "location": "perseus_texts/Plutarch-Marcus_Cato.json"}, {"name": "Maxime cum principbus philosopho esse diserendum", "location": "perseus_texts/Plutarch-Maxime_cum_principbus_philosopho_esse_diserendum.json"}, {"name": "Mulierum virtutes", "location": "perseus_texts/Plutarch-Mulierum_virtutes.json"}, {"name": "Nicias", "location": "perseus_texts/Plutarch-Nicias.json"}, {"name": "Non posse suaviter vivi secundum Epicurum", "location": "perseus_texts/Plutarch-Non_posse_suaviter_vivi_secundum_Epicurum.json"}, {"name": "Numa", "location": "perseus_texts/Plutarch-Numa.json"}, {"name": "Otho", "location": "perseus_texts/Plutarch-Otho.json"}, {"name": "Parallela minora", "location": "perseus_texts/Plutarch-Parallela_minora.json"}, {"name": "Pelopidas", "location": "perseus_texts/Plutarch-Pelopidas.json"}, {"name": "Pericles", "location": "perseus_texts/Plutarch-Pericles.json"}, {"name": "Philopoemen", "location": "perseus_texts/Plutarch-Philopoemen.json"}, {"name": "Phocion", "location": "perseus_texts/Plutarch-Phocion.json"}, {"name": "Platonicae quaestiones", "location": "perseus_texts/Plutarch-Platonicae_quaestiones.json"}, {"name": "Pompey", "location": "perseus_texts/Plutarch-Pompey.json"}, {"name": "Praecepta gerendae reipublicae", "location": "perseus_texts/Plutarch-Praecepta_gerendae_reipublicae.json"}, {"name": "Publicola", "location": "perseus_texts/Plutarch-Publicola.json"}, {"name": "Pyrrhus", "location": "perseus_texts/Plutarch-Pyrrhus.json"}, {"name": "Quaestiones Convivales", "location": "perseus_texts/Plutarch-Quaestiones_Convivales.json"}, {"name": "Quaestiones Graecae", "location": "perseus_texts/Plutarch-Quaestiones_Graecae.json"}, {"name": "Quaestiones Naturales", "location": "perseus_texts/Plutarch-Quaestiones_Naturales.json"}, {"name": "Quaestiones Romanae", "location": "perseus_texts/Plutarch-Quaestiones_Romanae.json"}, {"name": "Quomodo adolescens poetas audire debeat", "location": "perseus_texts/Plutarch-Quomodo_adolescens_poetas_audire_debeat.json"}, {"name": "Quomodo adulator ab amico internoscatur", "location": "perseus_texts/Plutarch-Quomodo_adulator_ab_amico_internoscatur.json"}, {"name": "Quomodo quis suos in virtute sentiat profectus", "location": "perseus_texts/Plutarch-Quomodo_quis_suos_in_virtute_sentiat_profectus.json"}, {"name": "An Recte Dictum Sit Latenter Esse Vivendum", "location": "perseus_texts/Plutarch-An_Recte_Dictum_Sit_Latenter_Esse_Vivendum.json"}, {"name": "Regum et imperatorum apophthegmata", "location": "perseus_texts/Plutarch-Regum_et_imperatorum_apophthegmata.json"}, {"name": "Romulus", "location": "perseus_texts/Plutarch-Romulus.json"}, {"name": "An seni respublica gerenda sit", "location": "perseus_texts/Plutarch-An_seni_respublica_gerenda_sit.json"}, {"name": "Septem sapientium convivium", "location": "perseus_texts/Plutarch-Septem_sapientium_convivium.json"}, {"name": "Sertorius", "location": "perseus_texts/Plutarch-Sertorius.json"}, {"name": "Solon", "location": "perseus_texts/Plutarch-Solon.json"}, {"name": "Sulla", "location": "perseus_texts/Plutarch-Sulla.json"}, {"name": "Themistocles", "location": "perseus_texts/Plutarch-Themistocles.json"}, {"name": "Theseus", "location": "perseus_texts/Plutarch-Theseus.json"}, {"name": "Tiberius Gracchus", "location": "perseus_texts/Plutarch-Tiberius_Gracchus.json"}, {"name": "Timoleon", "location": "perseus_texts/Plutarch-Timoleon.json"}, {"name": "Titus Flamininus", "location": "perseus_texts/Plutarch-Titus_Flamininus.json"}, {"name": "An virtus doceri possit", "location": "perseus_texts/Plutarch-An_virtus_doceri_possit.json"}, {"name": "Vitae decem oratorum", "location": "perseus_texts/Plutarch-Vitae_decem_oratorum.json"}, {"name": "An vitiositas ad infelicitatem sufficia", "location": "perseus_texts/Plutarch-An_vitiositas_ad_infelicitatem_sufficia.json"}]}, {"author": "Polybius", "works": [{"name": "Histories", "location": "perseus_texts/Polybius-Histories.json"}]}, {"author": "Procopius", "works": [{"name": "De Bellis", "location": "perseus_texts/Procopius-De_Bellis.json"}, {"name": "Historia Arcana", "location": "perseus_texts/Procopius-Historia_Arcana.json"}]}, {"author": "PseudoPlutarch", "works": [{"name": "De Musica", "location": "perseus_texts/PseudoPlutarch-De_Musica.json"}, {"name": "Placita Philosophorum", "location": "perseus_texts/PseudoPlutarch-Placita_Philosophorum.json"}]}, {"author": "PseudoXenophon", "works": [{"name": "Constituion of the Athenians", "location": "perseus_texts/PseudoXenophon-Constituion_of_the_Athenians.json"}]}, {"author": "ClaudiusPtolemy", "works": [{"name": "Tetrabiblos", "location": "perseus_texts/ClaudiusPtolemy-Tetrabiblos.json"}]}, {"author": "QuintusSmyrnaeus", "works": [{"name": "Fall of Troy", "location": "perseus_texts/QuintusSmyrnaeus-Fall_of_Troy.json"}]}, {"author": "Sophocles", "works": [{"name": "Ajax", "location": "perseus_texts/Sophocles-Ajax.json"}, {"name": "Antigone", "location": "perseus_texts/Sophocles-Antigone.json"}, {"name": "Electra", "location": "perseus_texts/Sophocles-Electra.json"}, {"name": "Ichneutae", "location": "perseus_texts/Sophocles-Ichneutae.json"}, {"name": "Oedipus at Colonus", "location": "perseus_texts/Sophocles-Oedipus_at_Colonus.json"}, {"name": "Oedipus Tyrannus", "location": "perseus_texts/Sophocles-Oedipus_Tyrannus.json"}, {"name": "Philoctetes", "location": "perseus_texts/Sophocles-Philoctetes.json"}, {"name": "Trachiniae", "location": "perseus_texts/Sophocles-Trachiniae.json"}]}, {"author": "Strabo", "works": [{"name": "Geography", "location": "perseus_texts/Strabo-Geography.json"}]}, {"author": "Theocritus", "works": [{"name": "Idylls", "location": "perseus_texts/Theocritus-Idylls.json"}, {"name": "Epigrams", "location": "perseus_texts/Theocritus-Epigrams.json"}, {"name": "Epigrams", "location": "perseus_texts/Theocritus-Epigrams.json"}]}, {"author": "Theophrastus", "works": [{"name": "Characters", "location": "perseus_texts/Theophrastus-Characters.json"}]}, {"author": "Thucydides", "works": [{"name": "The Peloponnesian War", "location": "perseus_texts/Thucydides-The_Peloponnesian_War.json"}]}, {"author": "Tryphiodorus", "works": [{"name": "The Taking of Ilios", "location": "perseus_texts/Tryphiodorus-The_Taking_of_Ilios.json"}]}, {"author": "XenophonOfEphesus", "works": [{"name": "Ephesiaca", "location": "perseus_texts/XenophonOfEphesus-Ephesiaca.json"}]}, {"author": "Xenophon", "works": [{"name": "Anabasis", "location": "perseus_texts/Xenophon-Anabasis.json"}, {"name": "Cyropaedia", "location": "perseus_texts/Xenophon-Cyropaedia.json"}, {"name": "Hellenica", "location": "perseus_texts/Xenophon-Hellenica.json"}, {"name": "Memorabilia", "location": "perseus_texts/Xenophon-Memorabilia.json"}, {"name": "Agesilaus", "location": "perseus_texts/Xenophon-Agesilaus.json"}, {"name": "On the Cavalry Commander", "location": "perseus_texts/Xenophon-On_the_Cavalry_Commander.json"}, {"name": "Constitution of the Lacedaimonians", "location": "perseus_texts/Xenophon-Constitution_of_the_Lacedaimonians.json"}, {"name": "Hiero", "location": "perseus_texts/Xenophon-Hiero.json"}, {"name": "On the Art of Horsemanship", "location": "perseus_texts/Xenophon-On_the_Art_of_Horsemanship.json"}, {"name": "On Hunting", "location": "perseus_texts/Xenophon-On_Hunting.json"}, {"name": "Ways and Means", "location": "perseus_texts/Xenophon-Ways_and_Means.json"}, {"name": "Apology", "location": "perseus_texts/Xenophon-Apology.json"}, {"name": "Economics", "location": "perseus_texts/Xenophon-Economics.json"}, {"name": "Symposium", "location": "perseus_texts/Xenophon-Symposium.json"}]}]