{"name": "Epithalamium Achillis et Deidameiae", "author": "BionOfPhlossa", "numBooks": 1, "booksRaw": [{"bookNumber": 1, "bookText": "<?xml version=\"1.0\" encoding=\"utf-8\"?>\n<TEI.2><text id=\"tlg0036.tlg002.perseus-grc1\"><body><div1 type=\"poem\" n=\"2\" org=\"uniform\" sample=\"complete\"><head><del status=\"unremarkable\">\u039c\u03a5\u03a1\u03a3\u03a9\u039d \u039a\u0391\u0399 \u039b\u03a5\u039a\u0399\u0394\u0391\u03a3</del></head><p>\n</p><sp><speaker>\u039c\u03a5\u03a1\u03a3\u03a9\u039d</speaker><p>\n<lb rend=\"displayNum\" n=\"1\" />\u039b\u1fc7\u03c2 \u03bd\u03cd \u03c4\u03af \u03bc\u03bf\u03b9 \u039b\u03c5\u03ba\u03af\u03b4\u03b1 \u03a3\u03b9\u03ba\u03b5\u03bb\u1f78\u03bd \u03bc\u03ad\u03bb\u03bf\u03c2 \u1f01\u03b4\u1f7a \u03bb\u03b9\u03b3\u03b1\u03af\u03bd\u03b5\u03b9\u03bd,\n<lb rend=\"displayNum\" n=\"2\" />\u1f31\u03bc\u03b5\u03c1\u03cc\u03b5\u03bd \u03b3\u03bb\u03c5\u03ba\u03cd\u03b8\u03c5\u03bc\u03bf\u03bd \u1f10\u03c1\u03c9\u03c4\u03b9\u03ba\u03cc\u03bd, \u03bf\u1f37\u03bf\u03bd \u1f41 \u039a\u03cd\u03ba\u03bb\u03c9\u03c8\n<lb rend=\"displayNum\" n=\"3\" />\u1f04\u03b5\u03b9\u03c3\u03b5\u03bd \u03a0\u03bf\u03bb\u03cd\u03c6\u03b1\u03bc\u03bf\u03c2 \u1f10\u03c0\u1fb3\u03bf\u03bd\u03af\u1fb3 \u0393\u03b1\u03bb\u03b1\u03c4\u03b5\u03af\u1fb3;\n</p></sp><p /><sp><speaker>\u039b\u03a5\u039a\u0399\u0394\u0391\u03a3</speaker><p>\n<lb rend=\"displayNum\" n=\"4\" />\u03ba\u1f20\u03bc\u03bf\u1f76 \u03c3\u03c5\u03c1\u03af\u03c3\u03b4\u03b5\u03bd, \u039c\u03cd\u03c1\u03c3\u03c9\u03bd, \u03c6\u03af\u03bb\u03bf\u03bd: \u1f00\u03bb\u03bb\u1f70 \u03c4\u03af \u03bc\u03ad\u03bb\u03c8\u03c9;\n</p></sp><p /><sp><speaker>\u039c\u03a5\u03a1\u03a3\u03a9\u039d</speaker><p>\n<lb rend=\"displayNum\" n=\"5\" />\u03a3\u03ba\u03cd\u03c1\u03b9\u03bf\u03bd \u1f66 \u039b\u03c5\u03ba\u03af\u03b4\u03b1 \u03b6\u03b1\u03bb\u03ce\u03bc\u03b5\u03bd\u03bf\u03bd \u1f01\u03b4\u1f7a\u03bd \u1f14\u03c1\u03c9\u03c4\u03b1,\n<lb rend=\"displayNum\" n=\"6\" />\u03bb\u03ac\u03b8\u03c1\u03b9\u03b1 \u03a0\u03b7\u03bb\u03b5\u03af\u03b4\u03b1\u03bf \u03c6\u03b9\u03bb\u03ac\u03bc\u03b1\u03c4\u03b1, \u03bb\u03ac\u03b8\u03c1\u03b9\u03bf\u03bd \u03b5\u1f50\u03bd\u03ac\u03bd,\n<lb rend=\"displayNum\" n=\"7\" />\u03c0\u1ff6\u03c2 \u03c0\u03b1\u1fd6\u03c2 \u1f15\u03c3\u03c3\u03b1\u03c4\u03bf \u03c6\u1fb6\u03c1\u03bf\u03c2, \u1f45\u03c0\u03c9\u03c2 \u03b4\u0313 \u1f10\u03c8\u03b5\u03cd\u03c3\u03b1\u03c4\u03bf \u03bc\u03bf\u03c1\u03c6\u1f70\u03bd\n<lb rend=\"displayNum\" n=\"8\" />\u03ba\u1f20\u03bd \u03ba\u03ce\u03c1\u03b1\u03b9\u03c3\u03b9\u03bd \u1f45\u03c0\u03c9\u03c2 \u039b\u03c5\u03ba\u03bf\u03bc\u03b7\u03b4\u03af\u03c3\u03b9\u03bd \u1f01\u03c0\u03b1\u03bb\u03ad\u03b3\u03bf\u03b9\u03c3\u03b1\n<lb rend=\"displayNum\" n=\"9\" />\u1f20\u03b5\u03af\u03b4\u03b7 \u03ba\u03b1\u03c4\u1f70 \u03c0\u03b1\u03c3\u03c4\u1f78\u03bd \u1f08\u03c7\u03b9\u03bb\u03bb\u03ad\u03b1 \u0394\u03b7\u03ca\u03b4\u03ac\u03bc\u03b5\u03b9\u03b1.\n</p></sp><p /><sp><speaker>\u039b\u03a5\u039a\u0399\u0394\u0391\u03a3</speaker><p>\n<lb rend=\"displayNum\" n=\"10\" />\u1f0d\u03c1\u03c0\u03b1\u03c3\u03b5 \u03c4\u1f70\u03bd \u1f19\u03bb\u03ad\u03bd\u03b1\u03bd \u03c0\u03cc\u03b8\u0313 \u1f41 \u03b2\u03bf\u03c5\u03ba\u03cc\u03bb\u03bf\u03c2, \u1f06\u03b3\u03b5 \u03b4\u0313 \u1f10\u03c2 \u1f3c\u03b4\u03b1\u03bd, \n<lb rend=\"displayNum\" n=\"11\" />\u039f\u1f30\u03bd\u03ce\u03bd\u1fb3 \u03ba\u03b1\u03ba\u1f78\u03bd \u1f04\u03bb\u03b3\u03bf\u03c2. \u1f10\u03c7\u03ce\u03c3\u03b1\u03c4\u03bf \u03b4\u0313 \u1f01 \u039b\u03b1\u03ba\u03b5\u03b4\u03b1\u03af\u03bc\u03c9\u03bd,\n<pb id=\"p.400\" />\n<lb rend=\"displayNum\" n=\"12\" />\u03c0\u03ac\u03bd\u03c4\u03b1 \u03b4\u1f72 \u03bb\u03b1\u1f78\u03bd \u1f04\u03b3\u03b5\u03b9\u03c1\u03b5\u03bd \u1f08\u03c7\u03b1\u03ca\u03ba\u03cc\u03bd, \u03bf\u1f50\u03b4\u03ad \u03c4\u03b9\u03c2 \u1f1d\u03bb\u03bb\u03b7\u03bd\n<lb rend=\"displayNum\" n=\"13\" />\u03bf\u1f54\u03c4\u03b5 \u039c\u03c5\u03ba\u03b7\u03bd\u03b1\u03af\u03c9\u03bd \u03bf\u1f54\u03c4\u0313 \u1f2c\u03bb\u03b9\u03b4\u03bf\u03c2 \u03bf\u1f54\u03c4\u03b5 \u039b\u03b1\u03ba\u03ce\u03bd\u03c9\u03bd,\n<lb rend=\"displayNum\" n=\"14\" />\u03bc\u03b5\u1fd6\u03bd\u03b5\u03bd \u1f11\u1f78\u03bd \u03ba\u03b1\u03c4\u1f70 \u03b4\u1ff6\u03bc\u03b1 \u03c6\u03c5\u03b3\u1f7c\u03bd \u03b4\u03cd\u03c3\u03c4\u03b1\u03bd\u03bf\u03bd \u1f0c\u03c1\u03b7\u03b1.\n<lb rend=\"displayNum\" n=\"15\" />\u03bb\u03ac\u03bd\u03b8\u03b1\u03bd\u03b5 \u03b4\u0313 \u1f10\u03bd \u03ba\u03ce\u03c1\u03b1\u03b9\u03c2 \u039b\u03c5\u03ba\u03bf\u03bc\u03b7\u03b4\u03af\u03c3\u03b9 \u03bc\u03bf\u1fe6\u03bd\u03bf\u03c2 \u1f08\u03c7\u03b9\u03bb\u03bb\u03b5\u03cd\u03c2,\n<lb rend=\"displayNum\" n=\"16\" />\u03b5\u1f34\u03c1\u03b9\u03b1 \u03b4\u0313 \u1f00\u03bd\u03b8\u0313 \u1f45\u03c0\u03bb\u03c9\u03bd \u1f10\u03b4\u03b9\u03b4\u03ac\u03c3\u03ba\u03b5\u03c4\u03bf, \u03ba\u03b1\u1f76 \u03c7\u03b5\u03c1\u1f76 \u03bb\u03b5\u03c5\u03ba\u1fb7\n<lb rend=\"displayNum\" n=\"17\" />\u03c0\u03b1\u03c1\u03b8\u03b5\u03bd\u03b9\u03ba\u1f78\u03bd \u03ba\u03cc\u03c0\u03bf\u03bd \u03b5\u1f36\u03c7\u03b5\u03bd, \u1f10\u03c6\u03b1\u03af\u03bd\u03b5\u03c4\u03bf \u03b4\u0313 \u1f20\u03b0\u03c4\u03b5 \u03ba\u03ce\u03c1\u03b1:\n<lb rend=\"displayNum\" n=\"18\" />\u03ba\u03b1\u1f76 \u03b3\u1f70\u03c1 \u1f34\u03c3\u03bf\u03bd \u03c4\u03ae\u03bd\u03b1\u03b9\u03c2 \u03b8\u03b7\u03bb\u03cd\u03bd\u03b5\u03c4\u03bf, \u03ba\u03b1\u1f76 \u03c4\u03cc\u03c3\u03bf\u03bd \u1f04\u03bd\u03b8\u03bf\u03c2\n<lb rend=\"displayNum\" n=\"19\" />\u03c7\u03b9\u03bf\u03bd\u03ad\u03b1\u03b9\u03c2 \u03c0\u03cc\u03c1\u03c6\u03c5\u03c1\u03b5 \u03c0\u03b1\u03c1\u03b7\u03af\u03c3\u03b9, \u03ba\u03b1\u1f76 \u03c4\u1f78 \u03b2\u03ac\u03b4\u03b9\u03c3\u03bc\u03b1\n<lb rend=\"displayNum\" n=\"20\" />\u03c0\u03b1\u03c1\u03b8\u03b5\u03bd\u03b9\u03ba\u1fc6\u03c2 \u1f10\u03b2\u03ac\u03b4\u03b9\u03b6\u03b5, \u03ba\u03cc\u03bc\u03b1\u03c2 \u03b4\u0313 \u1f10\u03c0\u03cd\u03ba\u03b1\u03b6\u03b5 \u03ba\u03b1\u03bb\u03cd\u03c0\u03c4\u03c1\u1fb3. \n<lb rend=\"displayNum\" n=\"21\" />\u03b8\u03c5\u03bc\u1f78\u03bd \u03b4\u0313 \u1f00\u03bd\u03ad\u03c1\u03bf\u03c2 \u03b5\u1f36\u03c7\u03b5, \u03ba\u03b1\u1f76 \u1f00\u03bd\u03ad\u03c1\u03bf\u03c2 \u03b5\u1f36\u03c7\u03b5\u03bd \u1f14\u03c1\u03c9\u03c4\u03b1:\n<lb rend=\"displayNum\" n=\"22\" />\u1f10\u03be \u1f00\u03bf\u1fe6\u03c2 \u03b4\u0313 \u1f10\u03c0\u1f76 \u03bd\u03cd\u03ba\u03c4\u03b1 \u03c0\u03b1\u03c1\u03af\u03b6\u03b5\u03c4\u03bf \u0394\u03b7\u03ca\u03b4\u03b1\u03bc\u03b5\u03af\u1fb3,\n<lb rend=\"displayNum\" n=\"23\" />\u03ba\u03b1\u1f76 \u03c0\u03bf\u03c4\u1f72 \u03bc\u1f72\u03bd \u03c4\u03ae\u03bd\u03b1\u03c2 \u1f10\u03c6\u03af\u03bb\u03b5\u03b9 \u03c7\u03ad\u03c1\u03b1, \u03c0\u03bf\u03bb\u03bb\u03ac\u03ba\u03b9 \u03b4\u0313 \u03b1\u1f50\u03c4\u1fb6\u03c2\n<lb rend=\"displayNum\" n=\"24\" />\u03c3\u03c4\u03ac\u03bc\u03bf\u03bd\u03b1 \u03ba\u03b1\u03bb\u1f78\u03bd \u1f04\u03b5\u03b9\u03c1\u03b5, \u03c4\u1f70 \u03b4\u03b1\u03af\u03b4\u03b1\u03bb\u03b1 \u03b4\u0313 \u1f04\u03c4\u03c1\u1f30 \u1f10\u03c0\u1fc4\u03bd\u03b5\u03b9:\n<lb rend=\"displayNum\" n=\"25\" />\u1f24\u03c3\u03b8\u03b9\u03b5 \u03b4\u0313 \u03bf\u1f50\u03ba \u1f04\u03bb\u03bb\u1fb3 \u03c3\u1f7a\u03bd \u1f41\u03bc\u03ac\u03bb\u03b9\u03ba\u03b9, \u03c0\u03ac\u03bd\u03c4\u03b1 \u03b4\u0313 \u1f10\u03c0\u03bf\u03af\u03b5\u03b9\n<lb rend=\"displayNum\" n=\"26\" />\u03c3\u03c0\u03b5\u03cd\u03b4\u03c9\u03bd \u03ba\u03bf\u03b9\u03bd\u1f78\u03bd \u1f10\u03c2 \u1f55\u03c0\u03bd\u03bf\u03bd. \u1f14\u03bb\u03b5\u03be\u03ad \u03bd\u03c5 \u03ba\u03b1\u1f76 \u03bb\u03cc\u03b3\u03bf\u03bd \u03b1\u1f50\u03c4\u1fb7:\n<lb rend=\"displayNum\" n=\"27\" /><q direct=\"unspecified\">\u1f05\u03bb\u03bb\u03b1\u03b9 \u03bc\u1f72\u03bd \u03ba\u03bd\u03ce\u03c3\u03c3\u03bf\u03c5\u03c3\u03b9 \u03c3\u1f7a\u03bd \u1f00\u03bb\u03bb\u03ac\u03bb\u03b1\u03b9\u03c3\u03b9\u03bd \u1f00\u03b4\u03b5\u03bb\u03c6\u03b1\u03af,\n<lb rend=\"displayNum\" n=\"28\" />\u03b1\u1f50\u03c4\u1f70\u03c1 \u1f10\u03b3\u1f7c \u03bc\u03ce\u03bd\u03b1, \u03bc\u03ce\u03bd\u03b1 \u03b4\u1f72 \u03c3\u1f7a \u03bd\u03cd\u03bc\u03c6\u03b1 \u03ba\u03b1\u03b8\u03b5\u03cd\u03b4\u03b5\u03b9\u03c2.\n<lb rend=\"displayNum\" n=\"29\" />\u03b1\u1f31 \u03b4\u03cd\u03bf \u03c0\u03b1\u03c1\u03b8\u03b5\u03bd\u03b9\u03ba\u03b1\u1f76 \u03c3\u03c5\u03bd\u03bf\u03bc\u03ac\u03bb\u03b9\u03ba\u03b5\u03c2, \u03b1\u1f31 \u03b4\u03cd\u03bf \u03ba\u03b1\u03bb\u03b1\u03af:\n<lb rend=\"displayNum\" n=\"30\" />\u1f00\u03bb\u03bb\u1f70 \u03bc\u03cc\u03bd\u03b1\u03b9 \u03ba\u03b1\u03c4\u1f70 \u03bb\u03ad\u03ba\u03c4\u03c1\u03b1 \u03ba\u03b1\u03b8\u03b5\u03cd\u03b4\u03bf\u03bc\u03b5\u03c2: \u1f01 \u03b4\u1f72 \u03c0\u03bf\u03bd\u03b7\u03c1\u1f70 \n<lb rend=\"displayNum\" n=\"31\" />\u039d\u03c5\u03c3\u03b1\u03af\u03b1 \u03b4\u03bf\u03bb\u03af\u03b1 \u03bc\u03b5 \u03ba\u03b1\u03ba\u1ff6\u03c2 \u1f00\u03c0\u1f78 \u03c3\u03b5\u1fd6\u03bf \u03bc\u03b5\u03c1\u03af\u03c3\u03b4\u03b5\u03b9.\n<lb rend=\"displayNum\" n=\"32\" />\u03bf\u1f50 \u03b3\u1f70\u03c1 \u1f10\u03b3\u1f7c \u03c3\u03ad\u03bf ...</q>\n</p></sp><p>\n<pb id=\"p.404\" />\n</p></div1></body></text></TEI.2>"}]}