{"name": "Fragments", "author": "BionOfPhlossa", "numBooks": 1, "booksRaw": [{"bookNumber": 1, "bookText": "<?xml version=\"1.0\" encoding=\"utf-8\"?>\n<TEI.2><text id=\"tlg0036.tlg003.perseus-grc1\"><body><div1 type=\"poem\" n=\"3\" org=\"uniform\" sample=\"complete\"><head><del status=\"unremarkable\">\u039a\u039b\u0395\u039f\u0394\u0391\u039c\u039f\u03a3 \u039a\u0391\u0399 \u039c\u03a5\u03a1\u03a3\u03a9\u039d</del></head><p>\n</p><sp><speaker>\u039a\u039b\u0395\u039f\u0394\u0391\u039c\u039f\u03a3</speaker><p>\n<lb rend=\"displayNum\" n=\"1\" />\u0395\u1f34\u03b1\u03c1\u03bf\u03c2 \u1f66 \u039c\u03cd\u03c1\u03c3\u03c9\u03bd \u1f22 \u03c7\u03b5\u03af\u03bc\u03b1\u03c4\u03bf\u03c2 \u1f22 \u03c6\u03b8\u03b9\u03bd\u03bf\u03c0\u03ce\u03c1\u03c9\n<lb rend=\"displayNum\" n=\"2\" />\u1f22 \u03b8\u03ad\u03c1\u03b5\u03bf\u03c2 \u03c4\u03af \u03c4\u03bf\u03b9 \u1f01\u03b4\u03cd; \u03c4\u03af \u03b4\u1f72 \u03c0\u03bb\u03ad\u03bf\u03bd \u03b5\u1f54\u03c7\u03b5\u03b1\u03b9 \u1f10\u03bb\u03b8\u03b5\u1fd6\u03bd;\n<lb rend=\"displayNum\" n=\"3\" />\u1f22 \u03b8\u03ad\u03c1\u03bf\u03c2, \u1f01\u03bd\u03af\u03ba\u03b1 \u03c0\u03ac\u03bd\u03c4\u03b1 \u03c4\u03b5\u03bb\u03b5\u03af\u03b5\u03c4\u03b1\u03b9 \u1f45\u03c3\u03c3\u03b1 \u03bc\u03bf\u03b3\u03b5\u1fe6\u03bc\u03b5\u03c2;\n<lb rend=\"displayNum\" n=\"4\" />\u1f22 \u03b3\u03bb\u03c5\u03ba\u03b5\u03c1\u1f78\u03bd \u03c6\u03b8\u03b9\u03bd\u03cc\u03c0\u03c9\u03c1\u03bf\u03bd, \u1f45\u03c4\u0313 \u1f00\u03bd\u03b4\u03c1\u03ac\u03c3\u03b9 \u03bb\u03b9\u03bc\u1f78\u03c2 \u1f10\u03bb\u03b1\u03c6\u03c1\u03ac;\n<lb rend=\"displayNum\" n=\"5\" />\u1f22 \u03ba\u03b1\u1f76 \u03c7\u03b5\u1fd6\u03bc\u03b1 \u03b4\u03cd\u03c3\u03b5\u03c1\u03b3\u03bf\u03bd; \u1f10\u03c0\u03b5\u1f76 \u03ba\u03b1\u1f76 \u03c7\u03b5\u03af\u03bc\u03b1\u03c4\u03b9 \u03c0\u03bf\u03bb\u03bb\u03bf\u1f76\n<lb rend=\"displayNum\" n=\"6\" />\u03b8\u03b1\u03bb\u03c0\u03cc\u03bc\u03b5\u03bd\u03bf\u03b9 \u03b8\u03ad\u03bb\u03b3\u03bf\u03bd\u03c4\u03b1\u03b9 \u1f00\u03b5\u03c1\u03b3\u03b5\u03af\u1fb3 \u03c4\u03b5 \u03ba\u03b1\u1f76 \u1f44\u03ba\u03bd\u1ff3:\n<lb rend=\"displayNum\" n=\"7\" />\u1f24 \u03c4\u03bf\u03b9 \u03ba\u03b1\u03bb\u1f78\u03bd \u1f14\u03b1\u03c1 \u03c0\u03bb\u03ad\u03bf\u03bd \u03b5\u1f54\u03b1\u03b4\u03b5\u03bd; \u03b5\u1f30\u03c0\u03ad, \u03c4\u03af \u03c4\u03bf\u03b9 \u03c6\u03c1\u03ae\u03bd\n<lb rend=\"displayNum\" n=\"8\" />\u03b1\u1f31\u03c1\u03b5\u1fd6\u03c4\u03b1\u03b9; \u03bb\u03b1\u03bb\u03ad\u03b5\u03b9\u03bd \u03b3\u1f70\u03c1 \u1f10\u03c0\u03ad\u03c4\u03c1\u03b1\u03c0\u03b5\u03bd \u1f01 \u03c3\u03c7\u03bf\u03bb\u1f70 \u1f04\u03bc\u03bc\u03b9\u03bd.\n</p></sp><p>\n</p><sp><speaker>\u039c\u03a5\u03a1\u03a3\u03a9\u039d</speaker><p>\n<lb rend=\"displayNum\" n=\"9\" />\u03ba\u03c1\u03af\u03bd\u03b5\u03b9\u03bd \u03bf\u1f50\u03ba \u1f10\u03c0\u03ad\u03bf\u03b9\u03ba\u03b5 \u03b8\u03b5\u03ae\u03b9\u03b1 \u1f14\u03c1\u03b3\u03b1 \u03b2\u03c1\u03bf\u03c4\u03bf\u1fd6\u03c3\u03b9:\n<lb rend=\"displayNum\" n=\"10\" />\u03c0\u03ac\u03bd\u03c4\u03b1 \u03b3\u1f70\u03c1 \u1f31\u03b5\u03c1\u1f70 \u03c4\u03b1\u1fe6\u03c4\u03b1 \u03ba\u03b1\u1f76 \u1f01\u03b4\u03ad\u03b1: \u03c3\u03b5\u1fe6 \u03b4\u1f72 \u1f15\u03ba\u03b1\u03c4\u03b9 \n<lb rend=\"displayNum\" n=\"11\" />\u1f10\u03be\u03b5\u03c1\u03ad\u03c9 \u039a\u03bb\u03b5\u03cc\u03b4\u03b1\u03bc\u03b5, \u03c4\u03cc \u03bc\u03bf\u03b9 \u03c0\u03ad\u03bb\u03b5\u03bd \u1f05\u03b4\u03b9\u03bf\u03bd \u1f04\u03bb\u03bb\u03c9\u03bd.\n<lb rend=\"displayNum\" n=\"12\" />\u03bf\u1f50\u03ba \u1f10\u03b8\u03ad\u03bb\u03c9 \u03b8\u03ad\u03c1\u03bf\u03c2 \u1f26\u03bc\u03b5\u03bd, \u1f10\u03c0\u03b5\u1f76 \u03c4\u03cc\u03ba\u03b1 \u03bc\u0313 \u1f05\u03bb\u03b9\u03bf\u03c2 \u1f40\u03c0\u03c4\u1fc7.\n<lb rend=\"displayNum\" n=\"13\" />\u03bf\u1f50\u03ba \u1f10\u03b8\u03ad\u03bb\u03c9 \u03c6\u03b8\u03b9\u03bd\u03cc\u03c0\u03c9\u03c1\u03bf\u03bd, \u1f10\u03c0\u03b5\u1f76 \u03bd\u03cc\u03c3\u03bf\u03bd \u1f65\u03c1\u03b9\u03b1 \u03c4\u03af\u03ba\u03c4\u03b5\u03b9.\n<lb rend=\"displayNum\" n=\"14\" />\u03bf\u1f56\u03bb\u03bf\u03bd \u03c7\u03b5\u1fd6\u03bc\u03b1 \u03c6\u03ad\u03c1\u03b5\u03b9\u03bd: \u03bd\u03b9\u03c6\u03b5\u03c4\u1f78\u03bd \u03ba\u03c1\u03c5\u03bc\u03ce\u03c2 \u03c4\u03b5 \u03c6\u03bf\u03b2\u03b5\u1fe6\u03bc\u03b1\u03b9.\n<lb rend=\"displayNum\" n=\"15\" />\u03b5\u1f36\u03b1\u03c1 \u1f10\u03bc\u03bf\u1f76 \u03c4\u03c1\u03b9\u03c0\u03cc\u03b8\u03b7\u03c4\u03bf\u03bd \u1f45\u03bb\u1ff3 \u03bb\u03c5\u03ba\u03ac\u03b2\u03b1\u03bd\u03c4\u03b9 \u03c0\u03b1\u03c1\u03b5\u03af\u03b7,\n<lb rend=\"displayNum\" n=\"16\" />\u1f01\u03bd\u03af\u03ba\u03b1 \u03bc\u03ae\u03c4\u03b5 \u03ba\u03c1\u03cd\u03bf\u03c2 \u03bc\u03ae\u03b8\u0313 \u1f05\u03bb\u03b9\u03bf\u03c2 \u1f04\u03bc\u03bc\u03b5 \u03b2\u03b1\u03c1\u03cd\u03bd\u03b5\u03b9.\n<lb rend=\"displayNum\" n=\"17\" />\u03b5\u1f34\u03b1\u03c1\u03b9 \u03c0\u03ac\u03bd\u03c4\u03b1 \u03ba\u03cd\u03b5\u03b9, \u03c0\u03ac\u03bd\u03c4\u0313 \u03b5\u1f34\u03b1\u03c1\u03bf\u03c2 \u1f01\u03b4\u03ad\u03b1 \u03b2\u03bb\u03b1\u03c3\u03c4\u03b5\u1fd6,\n<lb rend=\"displayNum\" n=\"18\" />\u03c7\u1f00 \u03bd\u1f7a\u03be \u1f00\u03bd\u03b8\u03c1\u03ce\u03c0\u03bf\u03b9\u03c3\u03b9\u03bd \u1f34\u03c3\u03b1 \u03ba\u03b1\u1f76 \u1f41\u03bc\u03bf\u03af\u03b9\u03bf\u03c2 \u1f00\u03ce\u03c2...</p></sp><p>\n<pb id=\"p.406\" />\n</p></div1></body></text></TEI.2> <?xml version=\"1.0\" encoding=\"utf-8\"?>\n<TEI.2><text id=\"tlg0036.tlg003.perseus-grc1\"><body><div1 type=\"poem\" n=\"4\" org=\"uniform\" sample=\"complete\"><p>\n<lb rend=\"displayNum\" n=\"1\" />\u1f38\u03be\u03b5\u03c5\u03c4\u1f70\u03c2 \u1f14\u03c4\u03b9 \u03ba\u1ff6\u03c1\u03bf\u03c2 \u1f10\u03bd \u1f04\u03bb\u03c3\u03b5\u03ca \u03b4\u03b5\u03bd\u03b4\u03c1\u03ac\u03b5\u03bd\u03c4\u03b9\n<lb rend=\"displayNum\" n=\"2\" />\u1f44\u03c1\u03bd\u03b5\u03b1 \u03b8\u03b7\u03c1\u03b5\u03cd\u03c9\u03bd \u03c4\u1f78\u03bd \u1f00\u03c0\u03cc\u03c4\u03c1\u03bf\u03c0\u03bf\u03bd \u03b5\u1f36\u03b4\u03b5\u03bd \u1f1c\u03c1\u03c9\u03c4\u03b1\n<lb rend=\"displayNum\" n=\"3\" />\u1f11\u03c3\u03b4\u03cc\u03bc\u03b5\u03bd\u03bf\u03bd \u03c0\u03cd\u03be\u03bf\u03b9\u03bf \u03c0\u03bf\u03c4\u1f76 \u03ba\u03bb\u03ac\u03b4\u03bf\u03bd: \u1f61\u03c2 \u03b4\u0313 \u1f10\u03bd\u03cc\u03b7\u03c3\u03b5,\n<lb rend=\"displayNum\" n=\"4\" />\u03c7\u03b1\u03af\u03c1\u03c9\u03bd \u1f65\u03bd\u03b5\u03ba\u03b1 \u03b4\u1f74 \u03bc\u03ad\u03b3\u03b1 \u03c6\u03b1\u03af\u03bd\u03b5\u03c4\u03bf \u03c4\u1f64\u03c1\u03bd\u03b5\u03bf\u03bd \u03b1\u1f50\u03c4\u1ff7,\n<lb rend=\"displayNum\" n=\"5\" />\u03c4\u1f7c\u03c2 \u03ba\u03b1\u03bb\u03ac\u03bc\u03c9\u03c2 \u1f05\u03bc\u03b1 \u03c0\u03ac\u03bd\u03c4\u03b1\u03c2 \u1f10\u03c0\u0313 \u1f00\u03bb\u03bb\u03ac\u03bb\u03bf\u03b9\u03c3\u03b9 \u03c3\u03c5\u03bd\u03ac\u03c0\u03c4\u03c9\u03bd\n<lb rend=\"displayNum\" n=\"6\" />\u03c4\u1fb7 \u03ba\u03b1\u1f76 \u03c4\u1fb7 \u03c4\u1f78\u03bd \u1f1c\u03c1\u03c9\u03c4\u03b1 \u03bc\u03b5\u03c4\u03ac\u03bb\u03bc\u03b5\u03bd\u03bf\u03bd \u1f00\u03bc\u03c6\u03b5\u03b4\u03cc\u03ba\u03b5\u03c5\u03b5.\n<lb rend=\"displayNum\" n=\"7\" />\u03c7\u1f60 \u03c0\u03b1\u1fd6\u03c2 \u1f00\u03c3\u03c7\u03b1\u03bb\u03ac\u03c9\u03bd, \u1f45\u03ba\u03b1 \u03bf\u1f31 \u03c4\u03ad\u03bb\u03bf\u03c2 \u03bf\u1f50\u03b4\u1f72\u03bd \u1f00\u03c0\u03ac\u03bd\u03c4\u03b7,\n<lb rend=\"displayNum\" n=\"8\" />\u03c4\u1f7c\u03c2 \u03ba\u03b1\u03bb\u03ac\u03bc\u03c9\u03c2 \u1fe5\u03af\u03c8\u03b1\u03c2 \u03c0\u03bf\u03c4\u0313 \u1f00\u03c1\u03bf\u03c4\u03c1\u03ad\u03b1 \u03c0\u03c1\u03ad\u03c3\u03b2\u03c5\u03bd \u1f35\u03ba\u03b1\u03bd\u03b5\u03bd,\n<lb rend=\"displayNum\" n=\"9\" />\u1f45\u03c2 \u03bd\u03b9\u03bd \u03c4\u03ac\u03bd\u03b4\u03b5 \u03c4\u03ad\u03c7\u03bd\u03b1\u03bd \u1f10\u03b4\u03b9\u03b4\u03ac\u03be\u03b1\u03c4\u03bf, \u03ba\u03b1\u1f76 \u03bb\u03ad\u03b3\u03b5\u03bd \u03b1\u1f50\u03c4\u1ff7,\n<lb rend=\"displayNum\" n=\"10\" />\u03ba\u03b1\u03af \u03bf\u1f31 \u03b4\u03b5\u1fd6\u03be\u03b5\u03bd \u1f1c\u03c1\u03c9\u03c4\u03b1 \u03ba\u03b1\u03b8\u03ae\u03bc\u03b5\u03bd\u03bf\u03bd. \u03b1\u1f50\u03c4\u1f70\u03c1 \u1f41 \u03c0\u03c1\u03ad\u03c3\u03b2\u03c5\u03c2 \n<lb rend=\"displayNum\" n=\"11\" />\u03bc\u03b5\u03b9\u03b4\u03b9\u03ac\u03c9\u03bd \u03ba\u03af\u03bd\u03b7\u03c3\u03b5 \u03ba\u03ac\u03c1\u03b7 \u03ba\u03b1\u1f76 \u1f00\u03bc\u03b5\u03af\u03b2\u03b5\u03c4\u03bf \u03c0\u03b1\u1fd6\u03b4\u03b1:\n<lb rend=\"displayNum\" n=\"12\" /><q direct=\"unspecified\">\u03c6\u03b5\u03af\u03b4\u03b5\u03bf \u03c4\u1fb6\u03c2 \u03b8\u03ae\u03c1\u03b1\u03c2, \u03bc\u03b7\u03b4\u0313 \u1f10\u03c2 \u03c4\u03cc\u03b4\u03b5 \u03c4\u1f64\u03c1\u03bd\u03b5\u03bf\u03bd \u1f14\u03c1\u03c7\u03b5\u03c5.\n<lb rend=\"displayNum\" n=\"13\" />\u03c6\u03b5\u1fe6\u03b3\u03b5 \u03bc\u03b1\u03ba\u03c1\u03ac\u03bd. \u03ba\u03b1\u03ba\u03cc\u03bd \u1f10\u03c3\u03c4\u03b9 \u03c4\u1f78 \u03b8\u03b7\u03c1\u03af\u03bf\u03bd. \u1f44\u03bb\u03b2\u03b9\u03bf\u03c2 \u1f10\u03c3\u03c3\u1fc7,\n<lb rend=\"displayNum\" n=\"14\" />\u03b5\u1f30\u03c3\u03cc\u03ba\u03b1 \u03bc\u03ae \u03bd\u03b9\u03bd \u1f15\u03bb\u1fc3\u03c2: \u1f22\u03bd \u03b4\u0313 \u1f00\u03bd\u03ad\u03c1\u03bf\u03c2 \u1f10\u03c2 \u03bc\u03ad\u03c4\u03c1\u03bf\u03bd \u1f14\u03bb\u03b8\u1fc3\u03c2,\n<lb rend=\"displayNum\" n=\"15\" />\u03bf\u1f57\u03c4\u03bf\u03c2 \u1f41 \u03bd\u1fe6\u03bd \u03c6\u03b5\u03cd\u03b3\u03c9\u03bd \u03ba\u03b1\u1f76 \u1f00\u03c0\u03ac\u03bb\u03bc\u03b5\u03bd\u03bf\u03c2 \u03b1\u1f50\u03c4\u1f78\u03c2 \u1f00\u03c6\u0313 \u03b1\u1f51\u03c4\u1ff6\n<lb rend=\"displayNum\" n=\"16\" />\u1f10\u03bb\u03b8\u1f7c\u03bd \u1f10\u03be\u03b1\u03c0\u03af\u03bd\u03b1\u03c2 \u03ba\u03b5\u03c6\u03b1\u03bb\u1f70\u03bd \u1f14\u03c0\u03b9 \u03c3\u03b5\u1fd6\u03bf \u03ba\u03b1\u03b8\u03b9\u03be\u03b5\u1fd6.</q>\n\n</p></div1></body></text></TEI.2> <?xml version=\"1.0\" encoding=\"utf-8\"?>\n<TEI.2><text id=\"tlg0036.tlg003.perseus-grc1\"><body><div1 type=\"poem\" n=\"5\" org=\"uniform\" sample=\"complete\"><p>\n<lb rend=\"displayNum\" n=\"1\" />\u1f09 \u03bc\u03b5\u03b3\u03ac\u03bb\u03b1 \u03bc\u03bf\u03b9 \u039a\u03cd\u03c0\u03c1\u03b9\u03c2 \u1f14\u03b8\u0313 \u1f51\u03c0\u03bd\u03ce\u03bf\u03bd\u03c4\u03b9 \u03c0\u03b1\u03c1\u03ad\u03c3\u03c4\u03b1,\n<lb rend=\"displayNum\" n=\"2\" />\u03bd\u03b7\u03c0\u03af\u03b1\u03c7\u03bf\u03bd \u03c4\u1f78\u03bd \u1f1c\u03c1\u03c9\u03c4\u03b1 \u03ba\u03b1\u03bb\u1fb6\u03c2 \u1f10\u03ba \u03c7\u03b5\u03b9\u03c1\u1f78\u03c2 \u1f04\u03b3\u03bf\u03b9\u03c3\u03b1\n<lb rend=\"displayNum\" n=\"3\" />\u1f10\u03c2 \u03c7\u03b8\u03cc\u03bd\u03b1 \u03bd\u03b5\u03c5\u03c3\u03c4\u03ac\u03b6\u03bf\u03bd\u03c4\u03b1, \u03c4\u03cc\u03c3\u03bf\u03bd \u03b4\u03ad \u03bc\u03bf\u03b9 \u1f14\u03c6\u03c1\u03b1\u03c3\u03b5 \u03bc\u1fe6\u03b8\u03bf\u03bd:\n<lb rend=\"displayNum\" n=\"4\" /><q direct=\"unspecified\">\u03bc\u03ad\u03bb\u03c0\u03b5\u03b9\u03bd \u03bc\u03bf\u03b9 \u03c6\u03af\u03bb\u03b5 \u03b2\u03bf\u1fe6\u03c4\u03b1 \u03bb\u03b1\u03b2\u1f7c\u03bd \u03c4\u1f78\u03bd \u1f1c\u03c1\u03c9\u03c4\u03b1 \u03b4\u03af\u03b4\u03b1\u03c3\u03ba\u03b5.</q>\n<lb rend=\"displayNum\" n=\"5\" />\u1f63\u03c2 \u03bb\u03ad\u03b3\u03b5: \u03c7\u1f02 \u03bc\u1f72\u03bd \u1f00\u03c0\u1fc6\u03bd\u03b8\u03b5\u03bd, \u1f10\u03b3\u1f7c \u03b4\u0313 \u1f45\u03c3\u03b1 \u03b2\u03bf\u03c5\u03ba\u03bf\u03bb\u03af\u03b1\u03c3\u03b4\u03bf\u03bd,\n<lb rend=\"displayNum\" n=\"6\" />\u03bd\u03ae\u03c0\u03b9\u03bf\u03c2 \u1f61\u03c2 \u1f10\u03b8\u03ad\u03bb\u03bf\u03bd\u03c4\u03b1 \u03bc\u03b1\u03b8\u03b5\u1fd6\u03bd \u03c4\u1f78\u03bd \u1f1c\u03c1\u03c9\u03c4\u03b1 \u03b4\u03af\u03b4\u03b1\u03c3\u03ba\u03bf\u03bd,\n<lb rend=\"displayNum\" n=\"7\" />\u1f61\u03c2 \u03b5\u1f57\u03c1\u03b5 \u03c0\u03bb\u03b1\u03b3\u03af\u03b1\u03c5\u03bb\u03bf\u03bd \u1f41 \u03a0\u03ac\u03bd, \u1f61\u03c2 \u03b1\u1f50\u03bb\u1f78\u03bd \u1f08\u03b8\u03ac\u03bd\u03b1,\n<lb rend=\"displayNum\" n=\"8\" />\u1f61\u03c2 \u03c7\u03ad\u03bb\u03c5\u03bd \u1f19\u03c1\u03bc\u03ac\u03c9\u03bd, \u03ba\u03af\u03b8\u03b1\u03c1\u03b9\u03bd \u1f61\u03c2 \u1f01\u03b4\u1f7a\u03c2 \u1f08\u03c0\u03cc\u03bb\u03bb\u03c9\u03bd.\n<pb id=\"p.408\" />\n<lb rend=\"displayNum\" n=\"9\" />\u03c4\u03b1\u1fe6\u03c4\u03ac \u03bd\u03b9\u03bd \u1f10\u03be\u03b5\u03b4\u03af\u03b4\u03b1\u03c3\u03ba\u03bf\u03bd: \u1f43 \u03b4\u0313 \u03bf\u1f50\u03ba \u1f10\u03bc\u03c0\u03ac\u03b6\u03b5\u03c4\u03bf \u03bc\u03cd\u03b8\u03c9\u03bd,\n<lb rend=\"displayNum\" n=\"10\" />\u1f00\u03bb\u03bb\u03ac \u03bc\u03bf\u03b9 \u03b1\u1f50\u03c4\u1f78\u03c2 \u1f04\u03b5\u03b9\u03b4\u03b5\u03bd \u1f10\u03c1\u03c9\u03c4\u03cd\u03bb\u03b1, \u03ba\u03b1\u03af \u03bc\u0313 \u1f10\u03b4\u03af\u03b4\u03b1\u03c3\u03ba\u03b5 \n<lb rend=\"displayNum\" n=\"11\" />\u03b8\u03bd\u03b1\u03c4\u1ff6\u03bd \u1f00\u03b8\u03b1\u03bd\u03ac\u03c4\u03c9\u03bd \u03c4\u03b5 \u03c0\u03cc\u03b8\u03c9\u03c2 \u03ba\u03b1\u1f76 \u03bc\u03b1\u03c4\u03ad\u03c1\u03bf\u03c2 \u1f14\u03c1\u03b3\u03b1.\n<lb rend=\"displayNum\" n=\"12\" />\u03ba\u1f20\u03b3\u1f7c\u03bd \u1f10\u03ba\u03bb\u03b1\u03b8\u03cc\u03bc\u03b1\u03bd \u03bc\u1f72\u03bd \u1f45\u03c3\u03c9\u03bd \u03c4\u1f78\u03bd \u1f1c\u03c1\u03c9\u03c4\u0313 \u1f10\u03b4\u03af\u03b4\u03b1\u03c3\u03ba\u03bf\u03bd,\n<lb rend=\"displayNum\" n=\"13\" />\u1f45\u03c3\u03c3\u03b1 \u03b4\u0313 \u1f1c\u03c1\u03c9\u03c2 \u03bc\u0313 \u1f10\u03b4\u03af\u03b4\u03b1\u03be\u03b5\u03bd \u1f10\u03c1\u03c9\u03c4\u03cd\u03bb\u03b1 \u03c0\u03ac\u03bd\u03c4\u0313 \u1f10\u03b4\u03b9\u03b4\u03ac\u03c7\u03b8\u03b7\u03bd.\n</p></div1></body></text></TEI.2> <?xml version=\"1.0\" encoding=\"utf-8\"?>\n<TEI.2><text id=\"tlg0036.tlg003.perseus-grc1\"><body><div1 type=\"poem\" n=\"6\" org=\"uniform\" sample=\"complete\"><p>\n<lb rend=\"displayNum\" n=\"1\" />\u03a4\u03b1\u1f76 \u039c\u03bf\u1fd6\u03c3\u03b1\u03b9 \u03c4\u1f78\u03bd \u1f1c\u03c1\u03c9\u03c4\u03b1 \u03c4\u1f78\u03bd \u1f04\u03b3\u03c1\u03b9\u03bf\u03bd \u03bf\u1f50 \u03c6\u03bf\u03b2\u03ad\u03bf\u03bd\u03c4\u03b1\u03b9\n<lb rend=\"displayNum\" n=\"2\" />\u1f10\u03ba \u03b8\u03c5\u03bc\u1ff6 \u03b4\u1f72 \u03c6\u03b9\u03bb\u03b5\u1fe6\u03bd\u03c4\u03b9 \u03ba\u03b1\u1f76 \u1f10\u03ba \u03c0\u03bf\u03b4\u1f78\u03c2 \u03b1\u1f50\u03c4\u1ff7 \u1f15\u03c0\u03bf\u03bd\u03c4\u03b1\u03b9.\n<lb rend=\"displayNum\" n=\"3\" />\u03ba\u1f22\u03bd \u03bc\u1f72\u03bd \u1f04\u03c1\u03b1 \u03c8\u03c5\u03c7\u03ac\u03bd \u03c4\u03b9\u03c2 \u1f14\u03c7\u03c9\u03bd \u1f00\u03bd\u03ad\u03c1\u03b1\u03c3\u03c4\u03bf\u03bd \u1f00\u03b5\u03af\u03b4\u1fc3,\n<lb rend=\"displayNum\" n=\"4\" />\u03c4\u1fc6\u03bd\u03bf\u03bd \u1f51\u03c0\u03b5\u03ba\u03c6\u03b5\u03cd\u03b3\u03bf\u03bd\u03c4\u03b9 \u03ba\u03b1\u1f76 \u03bf\u1f50\u03ba \u1f10\u03b8\u03ad\u03bb\u03bf\u03bd\u03c4\u03b9 \u03b4\u03b9\u03b4\u03ac\u03c3\u03ba\u03b5\u03b9\u03bd:\n<lb rend=\"displayNum\" n=\"5\" />\u1f22\u03bd \u03b4\u1f72 \u03bd\u03cc\u03bf\u03bd \u03c4\u03b9\u03c2 \u1f1c\u03c1\u03c9\u03c4\u03b9 \u03b4\u03bf\u03bd\u03b5\u03cd\u03bc\u03b5\u03bd\u03bf\u03c2 \u1f01\u03b4\u1f7a \u03bc\u03b5\u03bb\u03af\u03c3\u03b4\u1fc3,\n<lb rend=\"displayNum\" n=\"6\" />\u1f10\u03c2 \u03c4\u1fc6\u03bd\u03bf\u03bd \u03bc\u03ac\u03bb\u03b1 \u03c0\u1fb6\u03c3\u03b1\u03b9 \u1f10\u03c0\u03b5\u03b9\u03b3\u03cc\u03bc\u03b5\u03bd\u03b1\u03b9 \u03c0\u03c1\u03bf\u03c1\u03ad\u03bf\u03bd\u03c4\u03b9.\n<lb rend=\"displayNum\" n=\"7\" />\u03bc\u03ac\u03c1\u03c4\u03c5\u03c2 \u1f10\u03b3\u03ce\u03bd, \u1f45\u03c4\u03b9 \u03bc\u1fe6\u03b8\u03bf\u03c2 \u1f45\u03b4\u0313 \u1f14\u03c0\u03bb\u03b5\u03c4\u03bf \u03c0\u1fb6\u03c3\u03b9\u03bd \u1f00\u03bb\u03b1\u03b8\u03ae\u03c2.\n<lb rend=\"displayNum\" n=\"8\" />\u1f22\u03bd \u03bc\u1f72\u03bd \u03b3\u1f70\u03c1 \u03b2\u03c1\u03bf\u03c4\u1f78\u03bd \u1f04\u03bb\u03bb\u03bf\u03bd \u1f22 \u1f00\u03b8\u03b1\u03bd\u03ac\u03c4\u03c9\u03bd \u03c4\u03b9\u03bd\u1f70 \u03bc\u03ad\u03bb\u03c0\u03c9,\n<lb rend=\"displayNum\" n=\"9\" />\u03b2\u03b1\u03bc\u03b2\u03b1\u03af\u03bd\u03b5\u03b9 \u03bc\u03bf\u03b9 \u03b3\u03bb\u1ff6\u03c3\u03c3\u03b1 \u03ba\u03b1\u1f76 \u1f61\u03c2 \u03c0\u03ac\u03c1\u03bf\u03c2 \u03bf\u1f50\u03ba\u03ad\u03c4\u0313 \u1f00\u03b5\u03af\u03b4\u03b5\u03b9:\n<lb rend=\"displayNum\" n=\"10\" />\u1f22\u03bd \u03b4\u0313 \u03b1\u1f56\u03c4\u0313 \u1f10\u03c2 \u03c4\u1f78\u03bd \u1f1c\u03c1\u03c9\u03c4\u03b1 \u03ba\u03b1\u1f76 \u1f10\u03c2 \u039b\u03c5\u03ba\u03af\u03b4\u03b1\u03bd \u03c4\u03b9 \u03bc\u03b5\u03bb\u03af\u03c3\u03b4\u03c9, \n<lb rend=\"displayNum\" n=\"11\" />\u03ba\u03b1\u1f76 \u03c4\u03cc\u03ba\u03b1 \u03bc\u03bf\u03b9 \u03c7\u03b1\u03af\u03c1\u03bf\u03b9\u03c3\u03b1 \u03b4\u03b9\u1f70 \u03c3\u03c4\u03cc\u03bc\u03b1\u03c4\u03bf\u03c2 \u1fe5\u03ad\u03b5\u03b9 \u03b1\u1f50\u03b4\u03ac.\n</p></div1></body></text></TEI.2> <?xml version=\"1.0\" encoding=\"utf-8\"?>\n<TEI.2><text id=\"tlg0036.tlg003.perseus-grc1\"><body><div1 type=\"poem\" n=\"7\" org=\"uniform\" sample=\"complete\"><p>\n<lb rend=\"displayNum\" n=\"1\" />... \u039f\u1f50\u03ba \u03bf\u1f36\u03b4\u0313, \u03bf\u1f50\u03b4\u0313 \u1f10\u03c0\u03ad\u03bf\u03b9\u03ba\u03b5\u03bd \u1f03 \u03bc\u1f74 \u03bc\u03ac\u03b8\u03bf\u03bc\u03b5\u03c2 \u03c0\u03bf\u03bd\u03ad\u03b5\u03c3\u03b8\u03b1\u03b9.\n<lb rend=\"displayNum\" n=\"2\" />\u03b5\u1f34 \u03bc\u03bf\u03b9 \u03ba\u03b1\u03bb\u1f70 \u03c0\u03ad\u03bb\u03b5\u03b9 \u03c4\u1f70 \u03bc\u03b5\u03bb\u03cd\u03b4\u03c1\u03b9\u03b1, \u03ba\u03b1\u1f76 \u03c4\u03ac\u03b4\u03b5 \u03bc\u1ff6\u03bd\u03b1\n<lb rend=\"displayNum\" n=\"3\" />\u03ba\u1fe6\u03b4\u03bf\u03c2 \u1f10\u03bc\u03bf\u1f76 \u03b8\u03ae\u03c3\u03bf\u03bd\u03c4\u03b9, \u03c4\u03ac \u03bc\u03bf\u03b9 \u03c0\u03ac\u03c1\u03bf\u03c2 \u1f64\u03c0\u03b1\u03c3\u03b5 \u039c\u03bf\u1fd6\u03c1\u03b1:\n<lb rend=\"displayNum\" n=\"4\" />\u03b5\u1f30 \u03b4\u0313 \u03bf\u1f50\u03c7 \u1f01\u03b4\u03ad\u03b1 \u03c4\u03b1\u1fe6\u03c4\u03b1, \u03c4\u03af \u03bc\u03bf\u03b9 \u03c0\u03bf\u03c4\u1f76 \u03c0\u03bb\u03b5\u03af\u03bf\u03bd\u03b1 \u03bc\u03bf\u03c7\u03b8\u03b5\u1fd6\u03bd;\n<lb rend=\"displayNum\" n=\"5\" />\u03b5\u1f30 \u03bc\u1f72\u03bd \u03b3\u1f70\u03c1 \u03b2\u03b9\u03cc\u03c4\u03c9 \u03b4\u03b9\u03c0\u03bb\u03cc\u03bf\u03bd \u03c7\u03c1\u03cc\u03bd\u03bf\u03bd \u1f04\u03bc\u03bc\u03b9\u03bd \u1f14\u03b4\u03c9\u03ba\u03b5\u03bd\n<lb rend=\"displayNum\" n=\"6\" />\u1f22 \u039a\u03c1\u03bf\u03bd\u03af\u03b4\u03b1\u03c2 \u1f22 \u039c\u03bf\u1fd6\u03c1\u03b1 \u03c0\u03bf\u03bb\u03cd\u03c4\u03c1\u03bf\u03c0\u03bf\u03c2, \u1f65\u03c3\u03c4\u0313 \u1f00\u03bd\u03cd\u03b5\u03c3\u03b8\u03b1\u03b9\n<pb id=\"p.410\" />\n<lb rend=\"displayNum\" n=\"7\" />\u03c4\u1f78\u03bd \u03bc\u1f72\u03bd \u1f10\u03c2 \u03b5\u1f50\u03c6\u03c1\u03bf\u03c3\u03cd\u03bd\u03b1\u03bd \u03ba\u03b1\u1f76 \u03c7\u03ac\u03c1\u03bc\u03b1\u03c4\u03b1, \u03c4\u1f78\u03bd \u03b4\u0313 \u1f10\u03c0\u1f76 \u03bc\u03cc\u03c7\u03b8\u1ff3,\n<lb rend=\"displayNum\" n=\"8\" />\u1f26\u03bd \u03c4\u03ac\u03c7\u03b1 \u03bc\u03bf\u03c7\u03b8\u03ae\u03c3\u03b1\u03bd\u03c4\u03af \u03c0\u03bf\u03b8\u0313 \u1f55\u03c3\u03c4\u03b5\u03c1\u03bf\u03bd \u1f10\u03c3\u03b8\u03bb\u1f70 \u03b4\u03ad\u03c7\u03b5\u03c3\u03b8\u03b1\u03b9.\n<lb rend=\"displayNum\" n=\"9\" />\u03b5\u1f30 \u03b4\u1f72 \u03b8\u03b5\u03bf\u1f76 \u03ba\u03b1\u03c4\u03ad\u03bd\u03b5\u03c5\u03c3\u03b1\u03bd \u1f15\u03bd\u03b1 \u03c7\u03c1\u03cc\u03bd\u03bf\u03bd \u1f10\u03c2 \u03b2\u03af\u03bf\u03bd \u1f10\u03bb\u03b8\u03b5\u1fd6\u03bd\n<lb rend=\"displayNum\" n=\"10\" />\u1f00\u03bd\u03b8\u03c1\u03ce\u03c0\u03bf\u03b9\u03c2, \u03ba\u03b1\u1f76 \u03c4\u03cc\u03bd\u03b4\u03b5 \u03b2\u03c1\u03b1\u03c7\u1f7a\u03bd \u03ba\u03b1\u1f76 \u03bc\u03b5\u03af\u03bf\u03bd\u03b1 \u03c0\u03ac\u03bd\u03c4\u03c9\u03bd, \n<lb rend=\"displayNum\" n=\"11\" />\u1f10\u03c2 \u03c0\u03cc\u03c3\u03bf\u03bd \u1f06 \u03b4\u03b5\u03b9\u03bb\u03bf\u1f76 \u03ba\u03b1\u03bc\u03ac\u03c4\u03c9\u03c2 \u03ba\u03b5\u1f30\u03c2 \u1f14\u03c1\u03b3\u03b1 \u03c0\u03bf\u03bd\u03b5\u1fe6\u03bc\u03b5\u03c2,\n<lb rend=\"displayNum\" n=\"12\" />\u03c8\u03c5\u03c7\u1f70\u03bd \u03b4\u0313 \u1f04\u03c7\u03c1\u03b9 \u03c4\u03af\u03bd\u03bf\u03c2 \u03c0\u03bf\u03c4\u1f76 \u03ba\u03ad\u03c1\u03b4\u03b5\u03b1 \u03ba\u03b1\u1f76 \u03c0\u03bf\u03c4\u1f76 \u03c4\u03ad\u03c7\u03bd\u03b1\u03c2\n<lb rend=\"displayNum\" n=\"13\" />\u03b2\u03ac\u03bb\u03bb\u03bf\u03bc\u03b5\u03c2, \u1f31\u03bc\u03b5\u03af\u03c1\u03bf\u03bd\u03c4\u03b5\u03c2 \u1f00\u03b5\u1f76 \u03c0\u03bf\u03bb\u1f7a \u03c0\u03bb\u03b5\u03af\u03bf\u03bd\u03bf\u03c2 \u1f44\u03bb\u03b2\u03c9;\n<lb rend=\"displayNum\" n=\"14\" />\u03bb\u03b1\u03b8\u03cc\u03bc\u03b5\u03b8\u0313 \u1f26 \u1f04\u03c1\u03b1 \u03c0\u03ac\u03bd\u03c4\u03b5\u03c2, \u1f45\u03c4\u03b9 \u03b8\u03bd\u03b1\u03c4\u03bf\u1f76 \u03b3\u03b5\u03bd\u03cc\u03bc\u03b5\u03c3\u03b8\u03b1,\n<lb rend=\"displayNum\" n=\"15\" />\u03c7\u1f60\u03c2 \u03b2\u03c1\u03b1\u03c7\u1f7a\u03bd \u1f10\u03ba \u039c\u03bf\u03af\u03c1\u03b1\u03c2 \u03bb\u03ac\u03c7\u03bf\u03bc\u03b5\u03c2 \u03c7\u03c1\u03cc\u03bd\u03bf\u03bd;...\n</p></div1></body></text></TEI.2> <?xml version=\"1.0\" encoding=\"utf-8\"?>\n<TEI.2><text id=\"tlg0036.tlg003.perseus-grc1\"><body><div1 type=\"poem\" n=\"8\" org=\"uniform\" sample=\"complete\"><p>\n<lb rend=\"displayNum\" n=\"1\" />\u1f4c\u03bb\u03b2\u03b9\u03bf\u03b9 \u03bf\u1f31 \u03c6\u03b9\u03bb\u03ad\u03bf\u03bd\u03c4\u03b5\u03c2, \u1f10\u03c0\u1f74\u03bd \u1f34\u03c3\u03bf\u03bd \u1f00\u03bd\u03c4\u03b5\u03c1\u03ac\u03c9\u03bd\u03c4\u03b1\u03b9.\n<lb rend=\"displayNum\" n=\"2\" />\u1f44\u03bb\u03b2\u03b9\u03bf\u03c2 \u1f26\u03bd \u0398\u03b7\u03c3\u03b5\u1f7a\u03c2 \u03c4\u1ff6 \u03a0\u03b5\u03b9\u03c1\u03b9\u03b8\u03cc\u03c9 \u03c0\u03b1\u03c1\u03b5\u03cc\u03bd\u03c4\u03bf\u03c2,\n<lb rend=\"displayNum\" n=\"3\" />\u03b5\u1f30 \u03ba\u03b1\u1f76 \u1f00\u03bc\u03b5\u03b9\u03bb\u03af\u03ba\u03c4\u03bf\u03b9\u03bf \u03ba\u03b1\u03c4\u03ae\u03bb\u03c5\u03b8\u03b5\u03bd \u03b5\u1f30\u03c2 \u1f08\u0390\u03b4\u03b1\u03bf.\n<lb rend=\"displayNum\" n=\"4\" />\u1f44\u03bb\u03b2\u03b9\u03bf\u03c2 \u1f26\u03bd \u03c7\u03b1\u03bb\u03b5\u03c0\u03bf\u1fd6\u03c3\u03b9\u03bd \u1f10\u03bd \u1f08\u03be\u03b5\u03af\u03bd\u03bf\u03b9\u03c3\u03b9\u03bd \u1f48\u03c1\u03ad\u03c3\u03c4\u03b1\u03c2,\n<lb rend=\"displayNum\" n=\"5\" />\u1f65\u03bd\u03b5\u03ba\u03ac \u03bf\u1f31 \u03be\u03c5\u03bd\u1f70\u03c2 \u03a0\u03c5\u03bb\u03ac\u03b4\u03b1\u03c2 \u1f84\u03c1\u03b7\u03c4\u03bf \u03ba\u03b5\u03bb\u03b5\u03cd\u03b8\u03c9\u03c2.\n<lb rend=\"displayNum\" n=\"6\" />\u1f26\u03bd \u03bc\u03ac\u03ba\u03b1\u03c1 \u0391\u1f30\u03b1\u03ba\u03af\u03b4\u03b1\u03c2 \u1f11\u03c4\u03ac\u03c1\u03c9 \u03b6\u03ce\u03bf\u03bd\u03c4\u03bf\u03c2 \u1f08\u03c7\u03b9\u03bb\u03bb\u03b5\u03cd\u03c2:\n<lb rend=\"displayNum\" n=\"7\" />\u1f44\u03bb\u03b2\u03b9\u03bf\u03c2 \u1f26\u03bd \u03b8\u03bd\u1fb4\u03c3\u03ba\u03c9\u03bd, \u1f45\u03c4\u03b9 \u03bf\u1f31 \u03bc\u03cc\u03c1\u03bf\u03bd \u03b1\u1f30\u03bd\u1f78\u03bd \u1f04\u03bc\u03c5\u03bd\u03b5\u03bd.\n</p></div1></body></text></TEI.2> <?xml version=\"1.0\" encoding=\"utf-8\"?>\n<TEI.2><text id=\"tlg0036.tlg003.perseus-grc1\"><body><div1 type=\"poem\" n=\"9\" org=\"uniform\" sample=\"complete\"><p>\n<lb rend=\"displayNum\" n=\"1\" />\u1f1d\u03c3\u03c0\u03b5\u03c1\u03b5, \u03c4\u1fb6\u03c2 \u1f10\u03c1\u03b1\u03c4\u1fb6\u03c2 \u03c7\u03c1\u03cd\u03c3\u03b5\u03bf\u03bd \u03c6\u03ac\u03bf\u03c2 \u1f08\u03c6\u03c1\u03bf\u03b3\u03b5\u03bd\u03b5\u03af\u03b1\u03c2,\n<lb rend=\"displayNum\" n=\"2\" />\u1f1d\u03c3\u03c0\u03b5\u03c1\u03b5 \u03ba\u03c5\u03b1\u03bd\u03ad\u03b1\u03c2 \u1f31\u03b5\u03c1\u1f78\u03bd \u03c6\u03af\u03bb\u03b5 \u03bd\u03c5\u03ba\u03c4\u1f78\u03c2 \u1f04\u03b3\u03b1\u03bb\u03bc\u03b1,\n<lb rend=\"displayNum\" n=\"3\" />\u03c4\u03cc\u03c3\u03c3\u03bf\u03bd \u1f00\u03c6\u03b1\u03c5\u03c1\u03cc\u03c4\u03b5\u03c1\u03bf\u03c2 \u03bc\u03ae\u03bd\u03b1\u03c2, \u1f45\u03c3\u03bf\u03bd \u1f14\u03be\u03bf\u03c7\u03bf\u03c2 \u1f04\u03c3\u03c4\u03c1\u03c9\u03bd,\n<lb rend=\"displayNum\" n=\"4\" />\u03c7\u03b1\u1fd6\u03c1\u03b5 \u03c6\u03af\u03bb\u03bf\u03c2, \u03ba\u03b1\u03af \u03bc\u03bf\u03b9 \u03c0\u03bf\u03c4\u1f76 \u03c0\u03bf\u03b9\u03bc\u03ad\u03bd\u03b1 \u03ba\u1ff6\u03bc\u03bf\u03bd \u1f04\u03b3\u03bf\u03bd\u03c4\u03b9\n<lb rend=\"displayNum\" n=\"5\" />\u1f00\u03bd\u03c4\u1f76 \u03c3\u03b5\u03bb\u03b1\u03bd\u03b1\u03af\u03b1\u03c2 \u03c4\u1f7a \u03b4\u03af\u03b4\u03bf\u03c5 \u03c6\u03ac\u03bf\u03c2, \u1f65\u03bd\u03b5\u03ba\u03b1 \u03c4\u03ae\u03bd\u03b1\n<pb id=\"p.412\" />\n<lb rend=\"displayNum\" n=\"6\" />\u03c3\u03ac\u03bc\u03b5\u03c1\u03bf\u03bd \u1f00\u03c1\u03c7\u03bf\u03bc\u03ad\u03bd\u03b1 \u03c4\u03ac\u03c7\u03b9\u03bf\u03bd \u03b4\u03cd\u03b5\u03bd. \u03bf\u1f50\u03ba \u1f10\u03c0\u1f76 \u03c6\u03c9\u03c1\u1f70\u03bd\n<lb rend=\"displayNum\" n=\"7\" />\u1f14\u03c1\u03c7\u03bf\u03bc\u03b1\u03b9, \u03bf\u1f50\u03b4\u0313 \u1f35\u03bd\u03b1 \u03bd\u03c5\u03ba\u03c4\u1f78\u03c2 \u1f41\u03b4\u03bf\u03b9\u03c0\u03bf\u03c1\u03ad\u03bf\u03bd\u03c4\u03b1\u03c2 \u1f10\u03bd\u03bf\u03c7\u03bb\u03ad\u03c9:\n<lb rend=\"displayNum\" n=\"8\" />\u1f00\u03bb\u03bb\u0313 \u1f10\u03c1\u03ac\u03c9: \u03ba\u03b1\u03bb\u1f78\u03bd \u03b4\u03ad \u03c4\u0313 \u1f10\u03c1\u03b1\u03c3\u03c3\u03b1\u03bc\u03ad\u03bd\u03c9 \u03c3\u03c5\u03bd\u03b1\u03c1\u03ad\u03c3\u03b8\u03b1\u03b9.\n</p></div1></body></text></TEI.2> <?xml version=\"1.0\" encoding=\"utf-8\"?>\n<TEI.2><text id=\"tlg0036.tlg003.perseus-grc1\"><body><div1 type=\"poem\" n=\"10\" org=\"uniform\" sample=\"complete\"><p>\n<lb rend=\"displayNum\" n=\"1\" />\u1f0d\u03bc\u03b5\u03c1\u03b5 \u039a\u03c5\u03c0\u03c1\u03bf\u03b3\u03ad\u03bd\u03b5\u03b9\u03b1, \u0394\u03b9\u1f78\u03c2 \u03c4\u03ad\u03ba\u03bf\u03c2 \u1f20\u1f72 \u03b8\u03b1\u03bb\u03ac\u03c3\u03c3\u03b1\u03c2,\n<lb rend=\"displayNum\" n=\"2\" />\u03c4\u03af\u03c0\u03c4\u03b5 \u03c4\u03cc\u03c3\u03bf\u03bd \u03b8\u03bd\u03b1\u03c4\u03bf\u1fd6\u03c3\u03b9 \u03ba\u03b1\u1f76 \u1f00\u03b8\u03b1\u03bd\u03ac\u03c4\u03bf\u03b9\u03c3\u03b9 \u03c7\u03ac\u03bb\u03b5\u03c0\u03c4\u03b5\u03c2;\n<lb rend=\"displayNum\" n=\"3\" />\u03c4\u03c5\u03c4\u03b8\u1f78\u03bd \u1f14\u03c6\u03b1\u03bd: \u03c4\u03af \u03bd\u03c5 \u03c4\u03cc\u03c3\u03c3\u03bf\u03bd \u1f00\u03c0\u03ae\u03c7\u03b8\u03b5\u03bf \u03ba\u03b1\u1f76 \u03c4\u03b5\u1fd2\u03bd \u03b1\u1f50\u03c4\u1fb7,\n<lb rend=\"displayNum\" n=\"4\" />\u03c4\u03b1\u03bb\u03af\u03ba\u03bf\u03bd \u1f61\u03c2 \u03c0\u03ac\u03bd\u03c4\u03b5\u03c3\u03c3\u03b9 \u03ba\u03b1\u03ba\u1f78\u03bd \u03c4\u1f78\u03bd \u1f1c\u03c1\u03c9\u03c4\u03b1 \u03c4\u03b5\u03ba\u03ad\u03c3\u03b8\u03b1\u03b9,\n<lb rend=\"displayNum\" n=\"5\" />\u1f04\u03b3\u03c1\u03b9\u03bf\u03bd, \u1f04\u03c3\u03c4\u03bf\u03c1\u03b3\u03bf\u03bd, \u03bc\u03bf\u03c1\u03c6\u1fb7 \u03bd\u03cc\u03bf\u03bd \u03bf\u1f50\u03b4\u1f72\u03bd \u1f41\u03bc\u03bf\u1fd6\u03bf\u03bd;\n<lb rend=\"displayNum\" n=\"6\" />\u1f10\u03c2 \u03c4\u03af \u03b4\u03ad \u03bd\u03b9\u03bd \u03c0\u03c4\u03b1\u03bd\u1f78\u03bd \u03ba\u03b1\u1f76 \u1f11\u03ba\u03b1\u03b2\u03cc\u03bb\u03bf\u03bd \u1f64\u03c0\u03b1\u03c3\u03b1\u03c2 \u1f26\u03bc\u03b5\u03bd,\n<lb rend=\"displayNum\" n=\"7\" />\u1f61\u03c2 \u03bc\u1f74 \u03c0\u03b9\u03ba\u03c1\u1f78\u03bd \u1f10\u03cc\u03bd\u03c4\u03b1 \u03b4\u03c5\u03bd\u03b1\u03af\u03bc\u03b5\u03b8\u03b1 \u03c4\u1fc6\u03bd\u03bf\u03bd \u1f00\u03bb\u03cd\u03be\u03b1\u03b9;\n</p></div1></body></text></TEI.2> <?xml version=\"1.0\" encoding=\"utf-8\"?>\n<TEI.2><text id=\"tlg0036.tlg003.perseus-grc1\"><body><div1 type=\"poem\" n=\"11\" org=\"uniform\" sample=\"complete\"><head>\u0395\u0399\u03a3 \u03a4\u039f\u039d \u03a5\u0391\u039a\u0399\u039d\u0398\u039f\u039d</head><p>\n<lb rend=\"displayNum\" n=\"1\" />... \u1f00\u03bc\u03c6\u03b1\u03c3\u03af\u03b1 \u03c4\u1f78\u03bd \u03a6\u03bf\u1fd6\u03b2\u03bf\u03bd \u1f15\u03bb\u03b5\u03bd \u03c4\u1f78 \u03c3\u1f78\u03bd \u1f04\u03bb\u03b3\u03bf\u03c2 \u1f41\u03c1\u1ff6\u03bd\u03c4\u03b1.\n<lb rend=\"displayNum\" n=\"2\" />\u03b4\u03af\u03b6\u03b5\u03c4\u03bf \u03c6\u03ac\u03c1\u03bc\u03b1\u03ba\u03b1 \u03c0\u03ac\u03bd\u03c4\u03b1, \u03c3\u03bf\u03c6\u1f70\u03bd \u03b4\u0313 \u1f10\u03c0\u03b5\u03bc\u03b1\u03af\u03b5\u03c4\u03bf \u03c4\u03ad\u03c7\u03bd\u03b1\u03bd,\n<lb rend=\"displayNum\" n=\"3\" />\u03c7\u03c1\u1fd6\u03b5\u03bd \u03b4\u0313 \u1f00\u03bc\u03b2\u03c1\u03bf\u03c3\u03af\u1fb3 \u03ba\u03b1\u1f76 \u03bd\u03ad\u03ba\u03c4\u03b1\u03c1\u03b9, \u03c7\u03c1\u1fd6\u03b5\u03bd \u1f05\u03c0\u03b1\u03c3\u03b1\u03bd\n<lb rend=\"displayNum\" n=\"4\" />\u1f60\u03c4\u03b5\u03b9\u03bb\u03ac\u03bd: \u039c\u03bf\u03af\u03c1\u03b1\u03b9\u03c3\u03b9 \u03b4\u0313 \u1f00\u03bd\u03b1\u03bb\u03b8\u03ad\u03b1 \u03c6\u03ac\u03c1\u03bc\u03b1\u03ba\u03b1 \u03c0\u03ac\u03bd\u03c4\u03b1 ...\n</p></div1></body></text></TEI.2> <?xml version=\"1.0\" encoding=\"utf-8\"?>\n<TEI.2><text id=\"tlg0036.tlg003.perseus-grc1\"><body><div1 type=\"poem\" n=\"12\" org=\"uniform\" sample=\"complete\"><p>\n<lb rend=\"displayNum\" n=\"1\" />... \u03b1\u1f50\u03c4\u1f70\u03c1 \u1f10\u03b3\u1f7c\u03bd \u03b2\u03b1\u03c3\u03b5\u1fe6\u03bc\u03b1\u03b9 \u1f10\u03bc\u1f70\u03bd \u1f41\u03b4\u1f78\u03bd \u1f10\u03c2 \u03c4\u1f78 \u03ba\u03ac\u03c4\u03b1\u03bd\u03c4\u03b5\u03c2\n<lb rend=\"displayNum\" n=\"2\" />\u03c4\u1fc6\u03bd\u03bf \u03c0\u03bf\u03c4\u1f76 \u03c8\u03ac\u03bc\u03b1\u03b8\u03cc\u03bd \u03c4\u03b5 \u03ba\u03b1\u1f76 \u1f00\u03ca\u03cc\u03bd\u03b1 \u03c8\u03b9\u03b8\u03c5\u03c1\u03af\u03c3\u03b4\u03c9\u03bd,\n<lb rend=\"displayNum\" n=\"3\" />\u03bb\u03b9\u03c3\u03c3\u03cc\u03bc\u03b5\u03bd\u03bf\u03c2 \u0393\u03b1\u03bb\u03ac\u03c4\u03b5\u03b9\u03b1\u03bd \u1f00\u03c0\u03b7\u03bd\u03ad\u03b1: \u03c4\u1f70\u03c2 \u03b4\u1f72 \u03b3\u03bb\u03c5\u03ba\u03b5\u03af\u03b1\u03c2\n<lb rend=\"displayNum\" n=\"4\" />\u1f10\u03bb\u03c0\u03af\u03b4\u03b1\u03c2 \u1f51\u03c3\u03c4\u03b1\u03c4\u03af\u03c9 \u03bc\u03ad\u03c7\u03c1\u03b9 \u03b3\u03ae\u03c1\u03b1\u03bf\u03c2 \u03bf\u1f50\u03ba \u1f00\u03c0\u03bf\u03bb\u03b5\u03b9\u03c8\u1ff6...\n<pb id=\"p.414\" />\n</p></div1></body></text></TEI.2> <?xml version=\"1.0\" encoding=\"utf-8\"?>\n<TEI.2><text id=\"tlg0036.tlg003.perseus-grc1\"><body><div1 type=\"poem\" n=\"13\" org=\"uniform\" sample=\"complete\"><p>\n<lb rend=\"displayNum\" n=\"1\" />... \u03bf\u1f50 \u03ba\u03b1\u03bb\u1f78\u03bd \u1f66 \u03c6\u03af\u03bb\u03b5 \u03c0\u03ac\u03bd\u03c4\u03b1 \u03bb\u03cc\u03b3\u03bf\u03bd \u03c0\u03bf\u03c4\u1f76 \u03c4\u03ad\u03ba\u03c4\u03bf\u03bd\u03b1 \u03c6\u03bf\u03b9\u03c4\u1fb6\u03bd,\n<lb rend=\"displayNum\" n=\"2\" />\u03bc\u03b7\u03b4\u0313 \u1f10\u03c0\u1f76 \u03c0\u03ac\u03bd\u03c4\u0313 \u1f04\u03bb\u03bb\u03c9 \u03c7\u03c1\u03ad\u03bf\u03c2 \u1f30\u03c3\u03c7\u03ad\u03bc\u03b5\u03bd: \u1f00\u03bb\u03bb\u1f70 \u03ba\u03b1\u1f76 \u03b1\u1f50\u03c4\u1f78\u03c2\n<lb rend=\"displayNum\" n=\"3\" />\u03c4\u03b5\u03c7\u03bd\u1fb6\u03c3\u03b8\u03b1\u03b9 \u03c3\u03cd\u03c1\u03b9\u03b3\u03b3\u03b1: \u03c0\u03ad\u03bb\u03b5\u03b9 \u03b4\u03ad \u03c4\u03bf\u03b9 \u03b5\u1f50\u03bc\u03b1\u03c1\u1f72\u03c2 \u1f14\u03c1\u03b3\u03bf\u03bd...\n</p></div1></body></text></TEI.2> <?xml version=\"1.0\" encoding=\"utf-8\"?>\n<TEI.2><text id=\"tlg0036.tlg003.perseus-grc1\"><body><div1 type=\"poem\" n=\"14\" org=\"uniform\" sample=\"complete\"><p>\n<lb rend=\"displayNum\" n=\"1\" />\u039c\u03bf\u03af\u03c3\u03b1\u03c2 \u1f1c\u03c1\u03c9\u03c2 \u03ba\u03b1\u03bb\u03ad\u03bf\u03b9, \u039c\u03bf\u1fd6\u03c3\u03b1\u03b9 \u03c4\u1f78\u03bd \u1f1c\u03c1\u03c9\u03c4\u03b1 \u03c6\u03ad\u03c1\u03bf\u03b9\u03b5\u03bd.\n<lb rend=\"displayNum\" n=\"2\" />\u03bc\u03bf\u03bb\u03c0\u1f70\u03bd \u03c4\u03b1\u1f76 \u039c\u03bf\u1fd6\u03c3\u03b1\u03af \u03bc\u03bf\u03b9 \u1f00\u03b5\u1f76 \u03c0\u03bf\u03b8\u03ad\u03bf\u03bd\u03c4\u03b9 \u03b4\u03b9\u03b4\u03bf\u1fd6\u03b5\u03bd,\n<lb rend=\"displayNum\" n=\"3\" />\u03c4\u1f70\u03bd \u03b3\u03bb\u03c5\u03ba\u03b5\u03c1\u1f70\u03bd \u03bc\u03bf\u03bb\u03c0\u03ac\u03bd, \u03c4\u1fb6\u03c2 \u03c6\u03ac\u03c1\u03bc\u03b1\u03ba\u03bf\u03bd \u1f05\u03b4\u03b9\u03bf\u03bd \u03bf\u1f50\u03b4\u03ad\u03bd.\n</p></div1></body></text></TEI.2> <?xml version=\"1.0\" encoding=\"utf-8\"?>\n<TEI.2><text id=\"tlg0036.tlg003.perseus-grc1\"><body><div1 type=\"poem\" n=\"15\" org=\"uniform\" sample=\"complete\"><p>\n<lb rend=\"displayNum\" n=\"1\" />...\u1f10\u03ba \u03b8\u03b1\u03bc\u03b9\u03bd\u1fb6\u03c2 \u1fe5\u03b1\u03b8\u03ac\u03bc\u03b9\u03b3\u03b3\u03bf\u03c2, \u1f45\u03c0\u03c9\u03c2 \u03bb\u03cc\u03b3\u03bf\u03c2, \u03b1\u1f30\u1f72\u03c2 \u1f30\u03bf\u03af\u03c3\u03b1\u03c2\n<lb rend=\"displayNum\" n=\"2\" />\u03c7\u1f00 \u03bb\u03af\u03b8\u03bf\u03c2 \u1f10\u03c2 \u1fe5\u03c9\u03c7\u03bc\u1f78\u03bd \u03ba\u03bf\u03b9\u03bb\u03b1\u03af\u03bd\u03b5\u03c4\u03b1\u03b9...\n</p></div1></body></text></TEI.2> <?xml version=\"1.0\" encoding=\"utf-8\"?>\n<TEI.2><text id=\"tlg0036.tlg003.perseus-grc1\"><body><div1 type=\"poem\" n=\"16\" org=\"uniform\" sample=\"complete\"><p>\n<lb rend=\"displayNum\" n=\"1\" />...\u03bc\u03b7\u03b4\u1f72 \u03bb\u03af\u03c0\u1fc3\u03c2 \u03bc\u0313 \u1f00\u03b3\u03ad\u03c1\u03b1\u03c3\u03c4\u03bf\u03bd, \u1f10\u03c0\u03b5\u1f76 \u03c7\u1f60 \u03a6\u03bf\u1fd6\u03b2\u03bf\u03c2 \u1f00\u03b5\u03af\u03b4\u03c9\u03bd\n<lb rend=\"displayNum\" n=\"2\" />\u03bc\u03b9\u03c3\u03b8\u03bf\u03b4\u03bf\u03ba\u03b5\u1fd6. \u03c4\u03b9\u03bc\u1f70 \u03b4\u1f72 \u03c4\u1f70 \u03c0\u03c1\u03ac\u03b3\u03bc\u03b1\u03c4\u03b1 \u03ba\u03c1\u03ad\u03c3\u03c3\u03bf\u03bd\u03b1 \u03c0\u03bf\u03b9\u03b5\u1fd6...\n<pb id=\"p.416\" />\n</p></div1></body></text></TEI.2> <?xml version=\"1.0\" encoding=\"utf-8\"?>\n<TEI.2><text id=\"tlg0036.tlg003.perseus-grc1\"><body><div1 type=\"poem\" n=\"17\" org=\"uniform\" sample=\"complete\"><p>\n<lb rend=\"displayNum\" n=\"1\" />...\u03bc\u03bf\u03c1\u03c6\u1f70 \u03b8\u03b7\u03bb\u03c5\u03c4\u03ad\u03c1\u03b1\u03b9\u03c3\u03b9 \u03c0\u03ad\u03bb\u03b5\u03b9 \u03ba\u03b1\u03bb\u03cc\u03bd, \u1f00\u03bd\u03ad\u03c1\u03b9 \u03b4\u0313 \u1f00\u03bb\u03ba\u03ac...\n</p></div1></body></text></TEI.2> <?xml version=\"1.0\" encoding=\"utf-8\"?>\n<TEI.2><text id=\"tlg0036.tlg003.perseus-grc1\"><body><div1 type=\"poem\" n=\"18\" org=\"uniform\" sample=\"complete\"><p>\n<lb rend=\"displayNum\" n=\"1\" />\u03c0\u03ac\u03bd\u03c4\u03b1 \u03b8\u03b5\u03bf\u1fe6 \u03b3\u0313 \u1f10\u03b8\u03ad\u03bb\u03bf\u03bd\u03c4\u03bf\u03c2 \u1f00\u03bd\u03cd\u03c3\u03b9\u03bc\u03b1, \u03c0\u03ac\u03bd\u03c4\u03b1 \u03b2\u03c1\u03bf\u03c4\u03bf\u1fd6\u03c3\u03b9\u03bd\n<lb rend=\"displayNum\" n=\"2\" />\u1f10\u03ba \u03bc\u03b1\u03ba\u03ac\u03c1\u03c9\u03bd \u1fe5\u03ac\u03ca\u03c3\u03c4\u03b1 \u03ba\u03b1\u1f76 \u03bf\u1f50\u03ba \u1f00\u03c4\u03ad\u03bb\u03b5\u03c3\u03c4\u03b1 \u03b3\u03ad\u03bd\u03bf\u03bd\u03c4\u03bf.\n</p></div1></body></text></TEI.2>"}]}