{"name": "Soleocista", "author": "Lucian", "numBooks": 1, "booksRaw": [{"bookNumber": 1, "bookText": "<?xml version=\"1.0\" encoding=\"utf-8\"?>\n<TEI.2><text><body><milestone unit=\"section\" n=\"1\" />\n         <sp>\n            <speaker>\u039b\u03c5\u03ba\u1fd6\u03bd\u03bf\u03c2</speaker>\n            <p>\n               <lb /> \u1f0e\u03c1\u03ac \u03b3\u03b5 \u1f41 \u03b3\u03bd\u1ff6\u03bd\u03b1\u03b9 \u03c4\u1f78\u03bd \u03c3\u03bf\u03bb\u03bf\u03b9\u03ba\u03af\u03b6\u03bf\u03bd\u03c4\u03b1\n<lb />\u03b4\u03b5\u03b9\u03bd\u1f78\u03c2 \u03bf\u1f57\u03c4\u03bf\u03c2 \u03ba\u03b1\u1f76 \u03c6\u03c5\u03bb\u03ac\u03be\u03b1\u03c3\u03b8\u03b1\u03b9 \u03bc\u1f74 \u03c3\u03bf\u03bb\u03bf\u03b9\u03ba\u03af\u03c3\u03b1\u03b9 \u03b4\u03c5\u03bd\u03b1\u03c4\u03cc\u03c2;\n</p>\n         </sp>\n         <sp>\n            <speaker>\u03c3\u03bf\u03bb\u03bf\u03b9\u03ba\u03b9\u03c3\u03c4\u03ae\u03c2</speaker>\n            <p>\n               <lb /> \u1f18\u03bc\u03bf\u1f76 \u03bc\u1f72\u03bd \u03b4\u03bf\u03ba\u03b5\u1fd6.\n<pb id=\"reitz.v.2.p.553\" /> \n            </p>\n         </sp>\n         <sp>\n            <speaker>\u039b\u03c5\u03ba\u1fd6\u03bd\u03bf\u03c2</speaker>\n            <p>\n               <lb /> \u1f49 \u03b4\u03ad \u03b3\u03b5 \u03bc\u1f74 \u03c6\u03c5\u03bb\u03ac\u03be\u03b1\u03c3\u03b8\u03b1\u03b9 \u03bf\u1f50\u03b4\u1f72 \u03b3\u03bd\u1ff6\u03bd\u03b1\u03b9 \u03c4\u1f78\u03bd \u03bf\u1f55\u03c4\u03c9\u03c2 \u1f14\u03c7\u03bf\u03bd\u03c4\u03b1;\n</p>\n         </sp>\n         <sp>\n            <speaker>\u03c3\u03bf\u03bb\u03bf\u03b9\u03ba\u03b9\u03c3\u03c4\u03ae\u03c2</speaker>\n            <p>\n               <lb /> \u1f08\u03bb\u03b7\u03b8\u1fc6 \u03bb\u1f72\u03b3\u03b5\u03b9\u03c2.\n</p>\n         </sp>\n         <sp>\n            <speaker>\u039b\u03c5\u03ba\u1fd6\u03bd\u03bf\u03c2</speaker>\n            <p>\n               <lb /> \u03a3\u1f7a \u03b4\u1f72 \u03b1\u1f50\u03c4\u1f78\u03c2 \u03c6\u1f74\u03c2 \u03bf\u1f50 \u03c3\u03bf\u03bb\u03bf\u03b9\u03ba\u03af\u03b6\u03b5\u03b9\u03bd, \u1f22 \u03c0\u1ff6\u03c2 \u03bb\u03ad\u03b3\u03c9\u03bc\u03b5\u03bd \u03c0\u03b5\u03c1\u1f76 \u03c3\u03bf\u1fe6;\n</p>\n         </sp>\n         <sp>\n            <speaker>\u03c3\u03bf\u03bb\u03bf\u03b9\u03ba\u03b9\u03c3\u03c4\u03ae\u03c2</speaker>\n            <p>\n               <lb /> \u1f08\u03c0\u03b1\u03af\u03b4\u03b5\u03c5\u03c4\u03bf\u03c2 \u03b3\u1f70\u03c1 \u1f02\u03bd \u03b5\u1f34\u03b7\u03bd, \u03b5\u1f30 \u03c3\u03bf\u03bb\u03bf\u03b9\u03ba\u03af\u03b6\u03bf\u03b9\u03bc\u03b9 \u03c4\u03b7\u03bb\u03b9\u03ba\u03bf\u1fe6\u03c4\u03bf\u03c2 \u1f64\u03bd.\n</p>\n         </sp>\n         <sp>\n            <speaker>\u039b\u03c5\u03ba\u1fd6\u03bd\u03bf\u03c2</speaker>\n            <p>\n               <lb /> \u039f\u1f50\u03ba\u03bf\u1fe6\u03bd \u03ba\u03b1\u1f76 \u1f15\u03c4\u03b5\u03c1\u03bf\u03bd \u03c6\u03c9\u03c1\u1fb6\u03c3\u03b1\u03b9 \u03b4\u03c5\u03bd\u03ae\u03c3\u1fc3 \u03c4\u03bf\u1fe6\u03c4\u03bf\n<lb />\u03b4\u03c1\u1ff6\u03bd\u03c4\u03b1 \u03ba\u03b1\u1f76 \u1f10\u03bb\u03ad\u03b3\u03be\u03b1\u03b9 \u03c4\u1f78\u03bd \u1f00\u03c1\u03bd\u03bf\u03cd\u03bc\u03b5\u03bd\u03bf\u03bd;\n</p>\n         </sp>\n         <sp>\n            <speaker>\u03c3\u03bf\u03bb\u03bf\u03b9\u03ba\u03b9\u03c3\u03c4\u03ae\u03c2</speaker>\n            <p>\n               <lb /> \u03a0\u03b1\u03bd\u03c4\u03ac\u03c0\u03b1\u03c3\u03af \u03b3\u03b5.\n<pb id=\"p.403\" />\n            </p>\n         </sp>\n         <sp>\n            <speaker>\u039b\u03c5\u03ba\u1fd6\u03bd\u03bf\u03c2</speaker>\n            <p>\n               <lb /> \u1f3c\u03b8\u03b9 \u03bd\u1fe6\u03bd \u1f10\u03bc\u03bf\u1fe6 \u03bb\u03b1\u03b2\u03bf\u1fe6 \u03c3\u03bf\u03bb\u03bf\u03b9\u03ba\u03af\u03b6\u03bf\u03bd\u03c4\u03bf\u03c2, \u1f04\u03c1\u03c4\u03b9 \u03b4\u1f72 \u03c3\u03bf\u03bb\u03bf\u03b9\u03ba\u03b9\u1ff6.\n</p>\n         </sp>\n         <sp>\n            <speaker>\u03c3\u03bf\u03bb\u03bf\u03b9\u03ba\u03b9\u03c3\u03c4\u03ae\u03c2</speaker>\n            <p>\n               <lb /> \u039f\u1f50\u03ba\u03bf\u1fe6\u03bd \u03b5\u1f30\u03c0\u03ad.\n</p>\n         </sp>\n         <sp>\n            <speaker>\u039b\u03c5\u03ba\u1fd6\u03bd\u03bf\u03c2</speaker>\n            <p>\n               <lb /> \u1f08\u03bb\u03bb\u0313 \u1f14\u03b3\u03c9\u03b3\u03b5 \u1f24\u03b4\u03b7 \u03c4\u1f78 \u03b4\u03b5\u03b9\u03bd\u1f78\u03bd \u03b5\u1f34\u03c1\u03b3\u03b1\u03c3\u03bc\u03b1\u03b9, \u03c3\u1f7a \u03b4\u1f72\n<lb />\u03bf\u1f50\u03ba \u1f10\u03c0\u03ad\u03b3\u03bd\u03c9\u03c2.\n</p>\n         </sp>\n         <sp>\n            <speaker>\u03c3\u03bf\u03bb\u03bf\u03b9\u03ba\u03b9\u03c3\u03c4\u03ae\u03c2</speaker>\n            <p>\n               <lb /> \u03a0\u03b1\u03af\u03b6\u03b5\u03b9\u03c2 \u1f14\u03c7\u03c9\u03bd;\n</p>\n         </sp>\n         <sp>\n            <speaker>\u039b\u03c5\u03ba\u1fd6\u03bd\u03bf\u03c2</speaker>\n            <p>\n               <lb /> \u039c\u1f70 \u03c4\u03bf\u1f7a\u03c2 \u03b8\u03b5\u03bf\u03cd\u03c2: \u1f10\u03c0\u03b5\u1f76 \u03c3\u03bf\u03bb\u03bf\u03b9\u03ba\u03af\u03c3\u03b1\u03c2 \u1f14\u03bb\u03b1\u03b8\u03cc\u03bd \u03c3\u03b5\n<lb />\u1f61\u03c2 \u03bf\u1f50\u03ba \u1f10\u03c0\u03b9\u03c3\u03c4\u03ac\u03bc\u03b5\u03bd\u03bf\u03cd. \u03b1\u1f56\u03b8\u03b9\u03c2 \u03b4\u1f72 \u03c3\u03ba\u03cc\u03c0\u03b5\u03b9: \u03bf\u1f50 \u03b3\u03ac\u03c1 \u03c3\u03ad \u03c6\u03b7\u03bc\u03b9 <pb id=\"reitz.v.2.p.554\" />\n               <lb />\u03b4\u03cd\u03bd\u03b1\u03c3\u03b8\u03b1\u03b9 \u03ba\u03b1\u03c4\u03b1\u03bd\u03bf\u1fc6\u03c3\u03b1\u03b9, \u1f10\u03c0\u03b5\u1f76 \u1f03 \u03bc\u03ad\u03bd \u03bf\u1f36\u03c3\u03b8\u0313, \u1f03 \u03b4\u0313 \u03bf\u1f50\u03ba \u03bf\u1f36\u03c3\u03b8\u03b1.\n</p>\n         </sp>\n         <sp>\n            <speaker>\u03c3\u03bf\u03bb\u03bf\u03b9\u03ba\u03b9\u03c3\u03c4\u03ae\u03c2</speaker>\n            <p>\n               <lb /> \u0395\u1f30\u03c0\u1f72 \u03bc\u03cc\u03bd\u03bf\u03bd.\n</p>\n         </sp>\n         <sp>\n            <speaker>\u039b\u03c5\u03ba\u1fd6\u03bd\u03bf\u03c2</speaker>\n            <p>\n               <lb /> \u1f08\u03bb\u03bb\u1f70 \u03ba\u03b1\u1f76 \u03bd\u1fe6\u03bd \u03c3\u03b5\u03c3\u03bf\u03bb\u03bf\u03af\u03ba\u03b9\u03c3\u03c4\u03b1\u03af \u03bc\u03bf\u03b9, \u03c3\u1f7a \u03b4\u0313 \u03bf\u1f50\u03ba \u1f14\u03b3\u03bd\u03c9\u03c2.\n</p>\n         </sp>\n         <sp>\n            <speaker>\u03c3\u03bf\u03bb\u03bf\u03b9\u03ba\u03b9\u03c3\u03c4\u03ae\u03c2</speaker>\n            <p>\n               <lb /> \u03a0\u1ff6\u03c2 \u03b3\u03ac\u03c1, \u03c3\u03bf\u1fe6 \u03bc\u03b7\u03b4\u1f72\u03bd \u03bb\u03ad\u03b3\u03bf\u03bd\u03c4\u03bf\u03c2;\n</p>\n         </sp>\n         <sp>\n            <speaker>\u039b\u03c5\u03ba\u1fd6\u03bd\u03bf\u03c2</speaker>\n            <p>\n               <lb /> \u1f18\u03b3\u1f7c \u03bc\u1f72\u03bd \u03bb\u03ad\u03b3\u03c9 \u03ba\u03b1\u1f76 \u03c3\u03bf\u03bb\u03bf\u03b9\u03ba\u03af\u03b6\u03c9, \u03c3\u1f7a \u03b4\u0313 \u03bf\u1f50\u03c7 \u1f15\u03c0\u1fc3\n<lb />\u03c4\u03bf\u1fe6\u03c4\u03bf \u03b4\u03c1\u1ff6\u03bd\u03c4\u03b9: \u1f10\u03c0\u03b5\u1f76 \u1f44\u03c6\u03b5\u03bb\u03bf\u03bd \u03ba\u03b1\u1f76 \u03bd\u1fe6\u03bd \u1f00\u03ba\u03bf\u03bb\u03bf\u03c5\u03b8\u1fc6\u03c3\u03b1\u03b9 \u03b4\u03c5\u03bd\u03ae\u03c3\u1fc3.\n</p>\n         </sp>\n         <sp>\n            <speaker>\u03c3\u03bf\u03bb\u03bf\u03b9\u03ba\u03b9\u03c3\u03c4\u03ae\u03c2</speaker>\n            <p>\n               <lb />\n               </p></sp></body></text></TEI.2> <?xml version=\"1.0\" encoding=\"utf-8\"?>\n<TEI.2><text><body><sp><p><milestone unit=\"section\" n=\"2\" /> \u0398\u03b1\u03c5\u03bc\u03b1\u03c3\u03c4\u1f70 \u03bb\u03ad\u03b3\u03b5\u03b9\u03c2, \u03b5\u1f30 \u03bc\u1f74 \u03b4\u03c5\u03bd\u03ae\u03c3\u03bf\u03bc\u03b1\u03b9 \u03ba\u03b1\u03c4\u03b1\u03bc\u03b1\u03b8\u03b5\u1fd6\u03bd \u03c3\u03bf\u03bb\u03bf\u03b9\u03ba\u03b9\u03c3\u03bc\u03cc\u03bd.\n</p>\n         </sp>\n         <sp>\n            <speaker>\u039b\u03c5\u03ba\u1fd6\u03bd\u03bf\u03c2</speaker>\n            <p>\n               <lb /> \u039a\u03b1\u1f76 \u03c0\u1ff6\u03c2 \u1f02\u03bd \u03b4\u03cd\u03bd\u03b1\u03b9\u03bf \u03c4\u1f78\u03bd \u1f15\u03bd\u03b1 \u03bc\u03b1\u03b8\u03b5\u1fd6\u03bd \u03c4\u03bf\u1f7a\u03c2 \u03c4\u03c1\u03b5\u1fd6\u03c2 \u1f00\u03b3\u03bd\u03bf\u03ae\u03c3\u03b1\u03c2;\n</p>\n         </sp>\n         <sp>\n            <speaker>\u03c3\u03bf\u03bb\u03bf\u03b9\u03ba\u03b9\u03c3\u03c4\u03ae\u03c2</speaker>\n            <p>\n               <lb /> \u03a4\u03af\u03bd\u03b1\u03c2 \u03c4\u03c1\u03b5\u1fd6\u03c2;\n</p>\n         </sp>\n         <sp>\n            <speaker>\u039b\u03c5\u03ba\u1fd6\u03bd\u03bf\u03c2</speaker>\n            <p>\n               <lb /> \u1f4d\u03bb\u03bf\u03c5\u03c2 \u1f00\u03c1\u03c4\u03b9\u03b3\u03b5\u03bd\u03b5\u03af\u03bf\u03c5\u03c2.\n</p>\n         </sp>\n         <sp>\n            <speaker>\u03c3\u03bf\u03bb\u03bf\u03b9\u03ba\u03b9\u03c3\u03c4\u03ae\u03c2</speaker>\n            <p>\n               <lb /> \u1f18\u03b3\u1f7c \u03bc\u03ad\u03bd \u03c3\u03b5 \u03c0\u03b1\u03af\u03b6\u03b5\u03b9\u03bd \u03b4\u03bf\u03ba\u1ff6.\n</p>\n         </sp>\n         <sp>\n            <speaker>\u039b\u03c5\u03ba\u1fd6\u03bd\u03bf\u03c2</speaker>\n            <p>\n               <lb /> \u1f18\u03b3\u1f7c \u03b4\u03ad \u03c3\u03b5 \u1f00\u03b3\u03bd\u03bf\u03b5\u1fd6\u03bd \u03c4\u1f78\u03bd \u1f01\u03bc\u03b1\u03c1\u03c4\u03ac\u03bd\u03bf\u03bd\u03c4\u03b1 \u1f10\u03bd \u03c4\u03bf\u1fd6\u03c2 <pb id=\"reitz.v.2.p.555\" />\n               <lb />\u03bb\u03cc\u03b3\u03bf\u03b9\u03c2.\n</p>\n         </sp>\n         <sp>\n            <speaker>\u03c3\u03bf\u03bb\u03bf\u03b9\u03ba\u03b9\u03c3\u03c4\u03ae\u03c2</speaker>\n            <p>\n               <lb /> \u039a\u03b1\u1f76 \u03c0\u1ff6\u03c2 \u1f04\u03bd \u03c4\u03b9\u03c2 \u03bc\u03ac\u03b8\u03bf\u03b9 \u03bc\u03b7\u03b4\u03b5\u03bd\u1f78\u03c2 \u03b5\u1f30\u03c1\u03b7\u03bc\u03ad\u03bd\u03bf\u03c5;\n</p>\n         </sp>\n         <sp>\n            <speaker>\u039b\u03c5\u03ba\u1fd6\u03bd\u03bf\u03c2</speaker>\n            <p>\n               <lb /> \u039b\u03ad\u03bb\u03b5\u03ba\u03c4\u03b1\u03b9 \u03ba\u03b1\u1f76 \u03c3\u03b5\u03c3\u03bf\u03bb\u03bf\u03af\u03ba\u03b9\u03c3\u03c4\u03b1\u03b9 \u03c4\u03b5\u03c4\u03c1\u03b1\u03c0\u03bb\u1fc7, \u03c3\u1f7a \u03b4\u0313\n<lb />\u03bf\u1f50\u03ba \u1f14\u03b3\u03bd\u03c9\u03c2. \u03bc\u03ad\u03b3\u03b1 \u03bf\u1f56\u03bd \u1f06\u03b8\u03bb\u03bf\u03bd \u03ba\u03b1\u03c4\u03ad\u03c0\u03c1\u03b1\u03be\u03b1\u03c2 \u1f04\u03bd, \u03b5\u1f34\u03c0\u03b5\u03c1 \u1f14\u03b3\u03bd\u03c9\u03c2.\n</p>\n         </sp>\n         <sp>\n            <speaker>\u03c3\u03bf\u03bb\u03bf\u03b9\u03ba\u03b9\u03c3\u03c4\u03ae\u03c2</speaker>\n            <p>\n               <lb /> \u039f\u1f50 \u03bc\u03ad\u03b3\u03b1 \u03bc\u03ad\u03bd, \u1f00\u03bd\u03b1\u03b3\u03ba\u03b1\u1fd6\u03bf\u03bd \u03b4\u1f72 \u03c4\u1ff7 \u1f41\u03bc\u03bf\u03bb\u03bf\u03b3\u03ae\u03c3\u03b1\u03bd\u03c4\u03b9.\n</p>\n         </sp>\n         <sp>\n            <speaker>\u039b\u03c5\u03ba\u1fd6\u03bd\u03bf\u03c2</speaker>\n            <p>\n               <lb /> \u1f08\u03bb\u03bb\u0313 \u03bf\u1f50\u03b4\u1f72 \u03bd\u1fe6\u03bd \u1f14\u03b3\u03bd\u03c9\u03c2.\n</p>\n         </sp>\n         <sp>\n            <speaker>\u03c3\u03bf\u03bb\u03bf\u03b9\u03ba\u03b9\u03c3\u03c4\u03ae\u03c2</speaker>\n            <p>\n               <lb /> \u03a0\u03cc\u03c4\u03b5 \u03bd\u1fe6\u03bd;\n</p>\n         </sp>\n         <sp>\n            <speaker>\u039b\u03c5\u03ba\u1fd6\u03bd\u03bf\u03c2</speaker>\n            <p>\n               <lb /> \u1f4d\u03c4\u03b5 \u03c4\u1f78 \u1f06\u03b8\u03bb\u03bf\u03bd \u1f14\u03c6\u03b7\u03bd \u03c3\u03b5 \u03ba\u03b1\u03c4\u03b1\u03c0\u03c1\u1fb6\u03be\u03b1\u03b9.\n</p>\n         </sp>\n         <sp>\n            <speaker>\u03c3\u03bf\u03bb\u03bf\u03b9\u03ba\u03b9\u03c3\u03c4\u03ae\u03c2</speaker>\n            <p>\n               <lb /> \u039f\u1f50\u03ba \u03bf\u1f36\u03b4\u03b1 \u1f45 \u03c4\u03b9 \u03bb\u03ad\u03b3\u03b5\u03b9\u03c2.\n<lb />26%2\n<pb id=\"p.404\" />\n            </p>\n         </sp>\n         <sp>\n            <speaker>\u039b\u03c5\u03ba\u1fd6\u03bd\u03bf\u03c2</speaker>\n            <p>\n               <lb /> \u1f48\u03c1\u03b8\u1ff6\u03c2 \u1f14\u03c6\u03b7\u03c2: \u03bf\u1f50 \u03b3\u1f70\u03c1 \u03bf\u1f36\u03c3\u03b8\u03b1. \u03ba\u03b1\u1f76 \u03c0\u03c1\u03bf\u03ca\u03b8\u03af \u03b3\u03b5 \u1f10\u03c2\n<lb />\u03c4\u1f78 \u1f14\u03bc\u03c0\u03c1\u03bf\u03c3\u03b8\u03b5\u03bd: \u03bf\u1f50 \u03b3\u1f70\u03c1 \u1f10\u03b8\u03ad\u03bb\u03b5\u03b9\u03c2 \u1f15\u03c0\u03b5\u03c3\u03b8\u03b1\u03b9, \u03c3\u03c5\u03bd\u03ae\u03c3\u03c9\u03bd \u1f04\u03bd,\n<lb />\u03b5\u1f34\u03c0\u03b5\u03c1 \u1f10\u03b8\u03b5\u03bb\u03ae\u03c3\u03b5\u03b9\u03b1\u03c2.\n<pb id=\"reitz.v.2.p.556\" /> \n            </p>\n         </sp>\n         <sp>\n            <speaker>\u03c3\u03bf\u03bb\u03bf\u03b9\u03ba\u03b9\u03c3\u03c4\u03ae\u03c2</speaker>\n            <p>\n               <lb />\n               </p></sp></body></text></TEI.2> <?xml version=\"1.0\" encoding=\"utf-8\"?>\n<TEI.2><text><body><sp><p><milestone unit=\"section\" n=\"3\" /> \u1f08\u03bb\u03bb\u0313 \u1f10\u03b3\u1f7c \u03b2\u03bf\u03cd\u03bb\u03bf\u03bc\u03b1\u03b9: \u03c3\u1f7a \u03b4\u0313 \u03bf\u1f50\u03b4\u1f72\u03bd \u03b5\u1f36\u03c0\u03b1\u03c2 \u1f67\u03bd\n<lb />\u1f04\u03bd\u03b8\u03c1\u03c9\u03c0\u03bf\u03b9 \u03c3\u03bf\u03bb\u03bf\u03b9\u03ba\u03af\u03b6\u03bf\u03bd\u03c4\u03b5\u03c2 \u03bb\u03ad\u03b3\u03bf\u03c5\u03c3\u03b9.\n</p>\n         </sp>\n         <sp>\n            <speaker>\u039b\u03c5\u03ba\u1fd6\u03bd\u03bf\u03c2</speaker>\n            <p>\n               <lb /> \u03a4\u1f78 \u03b3\u1f70\u03c1 \u03bd\u1fe6\u03bd \u1fe5\u03b7\u03b8\u1f72\u03bd \u03bc\u03b9\u03ba\u03c1\u03cc\u03bd \u03c4\u03af \u03c3\u03bf\u03b9 \u03c6\u03b1\u03af\u03bd\u03b5\u03c4\u03b1\u03b9\n<lb />\u03ba\u03b1\u03ba\u1f78\u03bd \u03b5\u1f36\u03bd\u03b1\u03b9; \u1f45\u03bc\u03c9\u03c2 \u03b4\u1f72 \u1f00\u03ba\u03bf\u03bb\u03bf\u03cd\u03b8\u03b7\u03c3\u03bf\u03bd \u03b1\u1f56\u03b8\u03b9\u03c2, \u1f10\u03c0\u03b5\u1f76 \u03bf\u1f50\u03ba \u1f14\u03bc\u03b1\u03b8\u03b5\u03c2 \u1f10\u03ba\u03b4\u03c1\u03b1\u03bc\u03cc\u03bd\u03c4\u03b1.\n</p>\n         </sp>\n         <sp>\n            <speaker>\u03c3\u03bf\u03bb\u03bf\u03b9\u03ba\u03b9\u03c3\u03c4\u03ae\u03c2</speaker>\n            <p>\n               <lb /> \u039c\u1f70 \u03c4\u03bf\u1f7a\u03c2 \u03b8\u03b5\u03bf\u1f7a\u03c2 \u03bf\u1f50\u03ba \u1f14\u03b3\u03c9\u03b3\u03b5.\n</p>\n         </sp>\n         <sp>\n            <speaker>\u039b\u03c5\u03ba\u1fd6\u03bd\u03bf\u03c2</speaker>\n            <p>\n               <lb /> \u1f08\u03bb\u03bb\u1f70 \u03bc\u1f74\u03bd \u03bc\u03b5\u03b8\u1fc6\u03ba\u03b1 \u03b8\u03b5\u1fd6\u03bd \u03bb\u03b1\u03b3\u1f7c \u03c4\u03b1\u03c7\u03ad\u03c9\u03c2. \u1f06\u03c1\u03b1\n<lb />\n               <pb id=\"reitz.v.2.p.557\" /> \u03c0\u03b1\u03c1\u1fc7\u03be\u03b5\u03bd; \u1f00\u03bb\u03bb\u1f70 \u03ba\u03b1\u1f76 \u03bd\u1fe6\u03bd \u1f14\u03be\u03b5\u03c3\u03c4\u03b9\u03bd \u1f30\u03b4\u03b5\u1fd6\u03bd \u03c4\u1f78\u03bd \u03bb\u03b1\u03b3\u03ce: \u03b5\u1f30 \u03b4\u1f72\n<lb />\u03bc\u03ae, \u03c0\u03bf\u03bb\u03bb\u03bf\u1f76 \u03b3\u03b5\u03bd\u03cc\u03bc\u03b5\u03bd\u03bf\u03b9 \u03bb\u03b1\u03b3\u1ff2 \u03bb\u03ae\u03c3\u03bf\u03c5\u03c3\u03af \u03c3\u03b5 \u1f10\u03bd \u03c3\u03bf\u03bb\u03bf\u03b9\u03ba\u03b9\u03c3\u03bc\u1ff7 \u03c0\u03b5\u03c3\u03cc\u03bd\u03c4\u03b5\u03c2.\n</p>\n         </sp>\n         <sp>\n            <speaker>\u03c3\u03bf\u03bb\u03bf\u03b9\u03ba\u03b9\u03c3\u03c4\u03ae\u03c2</speaker>\n            <p>\n               <lb /> \u039f\u1f50 \u03bb\u03ae\u03c3\u03bf\u03c5\u03c3\u03b9.\n</p>\n         </sp>\n         <sp>\n            <speaker>\u039b\u03c5\u03ba\u1fd6\u03bd\u03bf\u03c2</speaker>\n            <p>\n               <lb /> \u039a\u03b1\u1f76 \u03bc\u1f74\u03bd \u1f14\u03bb\u03b1\u03b8\u03cc\u03bd \u03b3\u03b5.\n</p>\n         </sp>\n         <sp>\n            <speaker>\u03c3\u03bf\u03bb\u03bf\u03b9\u03ba\u03b9\u03c3\u03c4\u03ae\u03c2</speaker>\n            <p>\n               <lb /> \u0398\u03b1\u03c5\u03bc\u03b1\u03c3\u03c4\u1f70 \u03bb\u03ad\u03b3\u03b5\u03b9\u03c2.\n<pb id=\"reitz.v.2.p.558\" /> \n            </p>\n         </sp>\n         <sp>\n            <speaker>\u039b\u03c5\u03ba\u1fd6\u03bd\u03bf\u03c2</speaker>\n            <p>\n               <lb /> \u03a3\u1f7a \u03b4\u1f72 \u1f51\u03c0\u1f78 \u03c4\u1fc6\u03c2 \u1f04\u03b3\u03b1\u03bd \u03c0\u03b1\u03b9\u03b4\u03b5\u03af\u03b1\u03c2 \u03b4\u03b9\u03ad\u03c6\u03b8\u03bf\u03c1\u03b1\u03c2, \u1f65\u03c3\u03c4\u03b5\n<lb />\u03bc\u03b7\u03b4\u0313 \u03b1\u1f50\u03c4\u1f78 \u03c4\u03bf\u1fe6\u03c4\u03bf \u03c3\u03bf\u03bb\u03bf\u03b9\u03ba\u03af\u03b6\u03bf\u03bd\u03c4\u03b1\u03c2 \u03ba\u03b1\u03c4\u03b1\u03bd\u03bf\u1fc6\u03c3\u03b1\u03b9: \u03bf\u1f50 \u03b3\u1f70\u03c1 \u03c0\u03c1\u03cc\u03c22\u03b5\u03c3\u03c4\u03b9\u03bd \u03b1\u1f50\u03c4\u1ff7 \u03c4\u1f78 \u03c4\u03af\u03bd\u03b1.\n</p>\n         </sp>\n         <sp>\n            <speaker>\u03c3\u03bf\u03bb\u03bf\u03b9\u03ba\u03b9\u03c3\u03c4\u03ae\u03c2</speaker>\n            <p>\n               <lb />\n               </p></sp></body></text></TEI.2> <?xml version=\"1.0\" encoding=\"utf-8\"?>\n<TEI.2><text><body><sp><p><milestone unit=\"section\" n=\"4\" /> \u03a4\u03b1\u1fe6\u03c4\u03b1 \u03bc\u1f72\u03bd \u03bf\u1f50\u03ba \u03bf\u1f36\u03b4\u03b1 \u03c0\u1ff6\u03c2 \u03bb\u03ad\u03b3\u03b5\u03b9\u03c2: \u1f10\u03b3\u1f7c \u03b4\u1f72\n<lb />\u03c0\u03bf\u03bb\u03bb\u03bf\u1f7a\u03c2 \u1f24\u03b4\u03b7 \u03c3\u03bf\u03bb\u03bf\u03b9\u03ba\u03af\u03b6\u03bf\u03bd\u03c4\u03b1\u03c2 \u03ba\u03b1\u03c4\u03b5\u03bd\u03cc\u03b7\u03c3\u03b1.\n</p>\n         </sp>\n         <sp>\n            <speaker>\u039b\u03c5\u03ba\u1fd6\u03bd\u03bf\u03c2</speaker>\n            <p>\n               <lb /> \u039a\u1f00\u03bc\u1f72 \u03c4\u03bf\u03af\u03bd\u03c5\u03bd \u03b5\u1f34\u03c3\u1fc3 \u03c4\u03cc\u03c4\u03b5, \u1f45\u03c4\u03b1\u03bd \u03c4\u03b9 \u03c4\u1ff6\u03bd \u03c0\u03b1\u03b9\u03b4\u03af\u03c9\u03bd\n<lb />\n               <pb id=\"reitz.v.2.p.559\" /> \u03b3\u03ad\u03bd\u1fc3 \u03c4\u1ff6\u03bd \u03c4\u1f70\u03c2 \u03c4\u03af\u03c4\u03b8\u03b1\u03c2 \u03b8\u03b7\u03bb\u03b1\u03b6\u03cc\u03bd\u03c4\u03c9\u03bd. \u1f22 \u03b5\u1f30 \u03bf\u1f50 \u03bd\u1fe6\u03bd \u1f14\u03b3\u03bd\u03c9\u03c2 \u03c3\u03bf\u03bb\u03bf\u03b9\u03ba\u03af\u03b6\u03bf\u03bd\u03c4\u03ac\n<lb />\u03bc\u03b5, \u03bf\u1f50\u03b4\u1f72 \u03b1\u1f50\u03be\u03ac\u03bd\u03bf\u03bd\u03c4\u03b1 \u03c0\u03b1\u03b9\u03b4\u03af\u03b1 \u03c3\u03bf\u03bb\u03bf\u03b9\u03ba\u03b9\u03c3\u03bc\u1f78\u03bd \u03c0\u03bf\u03b9\u03ae\u03c3\u03b5\u03b9\n<lb />\u03c4\u1ff7 \u03bc\u03b7\u03b4\u1f72\u03bd \u03b5\u1f30\u03b4\u03cc\u03c4\u03b9.\n</p>\n         </sp>\n         <sp>\n            <speaker>\u03c3\u03bf\u03bb\u03bf\u03b9\u03ba\u03b9\u03c3\u03c4\u03ae\u03c2</speaker>\n            <p>\n               <lb /> \u1f08\u03bb\u03b7\u03b8\u1fc6 \u03bb\u03ad\u03b3\u03b5\u03b9\u03c2.\n</p>\n         </sp>\n         <sp>\n            <speaker>\u039b\u03c5\u03ba\u1fd6\u03bd\u03bf\u03c2</speaker>\n            <p>\n               <lb /> \u039a\u03b1\u1f76 \u03bc\u1f74\u03bd \u03b5\u1f30 \u03c4\u03b1\u1fe6\u03c4\u03b1 \u1f00\u03b3\u03bd\u03bf\u03ae\u03c3\u03bf\u03bc\u03b5\u03bd, \u03bf\u1f50\u03b4\u1f72\u03bd \u03b3\u03bd\u03c9\u03c3\u03cc\u03bc\u03b5\u03b8\u03b1\n<lb />\u03c4\u1ff6\u03bd \u1f11\u03b1\u03c5\u03c4\u1ff6\u03bd, \u1f10\u03c0\u03b5\u1f76 \u03ba\u03b1\u1f76 \u03c4\u03cc\u03b4\u03b5 \u03c3\u03bf\u03bb\u03bf\u03b9\u03ba\u03b9\u03c3\u03b8\u1f72\u03bd \u1f00\u03c0\u03ad\u03c6\u03c5\u03b3\u03ad\n<lb />\n               <pb id=\"reitz.v.2.p.560\" /> \u03c3\u03b5. \u03bc\u1f74 \u03c4\u03bf\u03af\u03bd\u03c5\u03bd \u1f14\u03c4\u03b9 \u03bb\u03ad\u03b3\u03b5\u03b9\u03bd, \u1f61\u03c2 \u1f31\u03ba\u03b1\u03bd\u1f78\u03c2 \u03b5\u1f36 \u03ba\u03b1\u03c4\u03b9\u03b4\u03b5\u1fd6\u03bd \u03c4\u1f78\u03bd \u03c3\u03bf\u03bb\u03bf\u03b9\u03ba\u03af\u03b6\u03bf\u03bd\u03c4\u03b1,\n<lb />\u03ba\u03b1\u1f76 \u03b1\u1f50\u03c4\u1f78\u03c2 \u03bc\u1f74 \u03c3\u03bf\u03bb\u03bf\u03b9\u03ba\u03af\u03b6\u03b5\u03b9\u03bd. </p></sp></body></text></TEI.2> <?xml version=\"1.0\" encoding=\"utf-8\"?>\n<TEI.2><text><body><sp><p><milestone unit=\"section\" n=\"5\" />\u03ba\u1f00\u03b3\u1f7c \u03bc\u1f72\u03bd \u03bf\u1f55\u03c4\u03c9\u03c2.\n<lb />\u03a3\u03c9\u03ba\u03c1\u03ac\u03c4\u03b7\u03c2 \u03b4\u1f72 \u1f41 \u1f00\u03c0\u1f78 \u039c\u03cc\u03c8\u03bf\u03c5, \u1fa7 \u03c3\u03c5\u03bd\u03b5\u03b3\u03b5\u03bd\u03cc\u03bc\u03b7\u03bd \u1f10\u03bd \u0391\u1f30\u03b3\u03cd\u03c0\u03c4\u1ff3,\n<lb />\u03c4\u1f70 \u03c4\u03bf\u03b9\u03b1\u1fe6\u03c4\u03b1 \u1f14\u03bb\u03b5\u03b3\u03b5\u03bd \u1f00\u03bd\u03b5\u03c0\u03b1\u03c7\u03b8\u1ff6\u03c2 \u03ba\u03b1\u1f76 \u03bf\u1f50\u03ba \u1f24\u03bb\u03b5\u03b3\u03c7\u03b5 \u03c4\u1f78\u03bd \u1f01\u03bc\u03b1\u03c1\u03c4\u03ac\u03bd\u03bf\u03bd\u03c4\u03b1.\n<pb id=\"p.405\" />\n               <lb />\u03c0\u03c1\u1f78\u03c2 \u03bc\u03ad\u03bd\u03c4\u03bf\u03b9 \u03b3\u03b5 \u03c4\u1f78\u03bd \u1f10\u03c1\u03c9\u03c4\u03ae\u03c3\u03b1\u03bd\u03c4\u03b1 \u03c0\u03b7\u03bd\u03af\u03ba\u03b1 \u1f14\u03be\u03b5\u03b9\u03c3\u03b9; <pb id=\"reitz.v.2.p.561\" />\n               <lb />\u03a4\u03af\u03c2 \u03b3\u1f70\u03c1 \u1f04\u03bd, \u1f14\u03c6\u03b7, \u1f00\u03c0\u03bf\u03ba\u03c1\u03b9\u03b8\u03b5\u03af\u03b7 \u03c3\u03bf\u03b9 \u03c0\u03b5\u03c1\u1f76 \u03c4\u1fc6\u03c2 \u03c4\u03ae\u03bc\u03b5\u03c1\u03bf\u03bd \u1f61\u03c2\n<lb />\u1f10\u03be\u03b9\u03ce\u03bd; \u1f11\u03c4\u03ad\u03c1\u03bf\u03c5 \u03b4\u1f72 \u03c6\u03ae\u03c3\u03b1\u03bd\u03c4\u03bf\u03c2, \u1f39\u03ba\u03b1\u03bd\u1f70 \u1f14\u03c7\u03c9 \u03c4\u1f70 \u03c0\u03b1\u03c4\u03c1\u1ff7\u03b1, \u03a0\u1ff6\u03c2\n<lb />\u03c6\u03ae\u03c2; \u03b5\u1f36\u03c0\u03b5: \u03c4\u03ad\u03b8\u03bd\u03b7\u03ba\u03b5 \u03b3\u1f70\u03c1 \u1f41 \u03c0\u03b1\u03c4\u03ae\u03c1 \u03c3\u03bf\u03b9; \u1f04\u03bb\u03bb\u03bf\u03c5 \u03b4\u1f72 \u03b1\u1f56\u03b8\u03b9\u03c2 <pb id=\"reitz.v.2.p.562\" />\n               <lb />\u03bb\u03ad\u03b3\u03bf\u03bd\u03c4\u03bf\u03c2, \u03a0\u03b1\u03c4\u03c1\u03b9\u03ce\u03c4\u03b7\u03c2 \u1f14\u03c3\u03c4\u03b9 \u03bc\u03bf\u03b9: \u1f18\u03bb\u03ac\u03bd\u03b8\u03b1\u03bd\u03b5\u03c2 \u1f04\u03c1\u03b1 \u1f21\u03bc\u1fb6\u03c2,\n<lb />\u1f14\u03c6\u03b7, \u03b2\u03ac\u03c1\u03b2\u03b1\u03c1\u03bf\u03c2 \u1f64\u03bd. \u1f04\u03bb\u03bb\u03bf\u03c5 \u03b4\u1f72 \u03b5\u1f30\u03c0\u03cc\u03bd\u03c4\u03bf\u03c2, \u1f49 \u03b4\u03b5\u1fd6\u03bd\u03ac \u1f10\u03c3\u03c4\u03b9 \u03bc\u03b5\u03b8\u03cd\u03c3\u03b7\u03c2,\n<lb />\u039c\u03b7\u03c4\u03c1\u03cc\u03c2, \u03b5\u1f36\u03c0\u03b5\u03bd, \u1f22 \u03c0\u1ff6\u03c2 \u03bb\u03ad\u03b3\u03b5\u03b9\u03c2; \u1f11\u03c4\u03ad\u03c1\u03bf\u03c5 \u03b4\u1f72 \u1f10\u03ba\u03bb\u03b5\u03bb\u03bf\u03b3\u03c7\u03cc\u03c4\u03b1\u03c2, <pb id=\"reitz.v.2.p.563\" />\n               <lb />\u0394\u03b9\u03c0\u03bb\u03b1\u03c3\u03b9\u03ac\u03b6\u03b5\u03b9\u03c2, \u1f14\u03c6\u03b7, \u03c4\u03bf\u1f7a\u03c2 \u1f10\u03be\u03b5\u03b9\u03bb\u03b7\u03c7\u03cc\u03c4\u03b1\u03c2. \u03b5\u1f30\u03c0\u03cc\u03bd\u03c4\u03bf\u03c2\n<lb />\u03b4\u03ad \u03c4\u03b9\u03bd\u03bf\u03c2, \u039b\u1fc6\u03bc\u03bc\u03b1 \u03c0\u03ac\u03c1\u03b5\u03c3\u03c4\u03b9\u03bd \u03b1\u1f50\u03c4\u1ff7, \u03b4\u03b9\u1f70 \u03c4\u1ff6\u03bd \u03b4\u03cd\u03bf \u03bc,\n<lb />\u039f\u1f50\u03ba\u03bf\u1fe6\u03bd, \u1f14\u03c6\u03b7, \u03bb\u03ae\u03c8\u03b5\u03c4\u03b1\u03b9, \u03b5\u1f30 \u03bb\u1fc6\u03bc\u03bc\u03b1 \u03b1\u1f50\u03c4\u1ff7 \u03c0\u03ac\u03c1\u03b5\u03c3\u03c4\u03b9\u03bd. \u1f11\u03c4\u03ad\u03c1\u03bf\u03c5 <pb id=\"reitz.v.2.p.564\" />\n               <lb />\u03b4\u1f72 \u03b5\u1f30\u03c0\u03cc\u03bd\u03c4\u03bf\u03c2, \u03a0\u03c1\u03cc\u03c3\u03b5\u03b9\u03c3\u03b9\u03bd \u1f41 \u03bc\u03b5\u1fd6\u03c1\u03b1\u03be \u03bf\u1f51\u03bc\u1f78\u03c2 \u03c6\u03af\u03bb\u03bf\u03c2, \u1f1c\u03c0\u03b5\u03b9\u03c4\u03b1,\n<lb />\u1f14\u03c6\u03b7, \u03bb\u03bf\u03b9\u03b4\u03bf\u03c1\u03b5\u1fd6\u03c2 \u03c6\u03af\u03bb\u03bf\u03bd \u1f44\u03bd\u03c4\u03b1; \u03c0\u03c1\u1f78\u03c2 \u03b4\u1f72 \u03c4\u1f78\u03bd \u03b5\u1f30\u03c0\u03cc\u03bd\u03c4\u03b1, \u0394\u03b5\u03b4\u03af\u03c4\u03c4\u03bf\u03bc\u03b1\u03b9\n<lb />\u03c4\u1f78\u03bd \u1f04\u03bd\u03b4\u03c1\u03b1 \u03ba\u03b1\u1f76 \u03c6\u03b5\u03cd\u03b3\u03c9, \u03a3\u03cd, \u1f14\u03c6\u03b7, \u03ba\u03b1\u1f76 \u1f45\u03c4\u03b1\u03bd \u03c4\u03b9\u03bd\u1f70 \u03b5\u1f50\u03bb\u03b1\u03b2\u03b7\u03b8\u1fc7\u03c2,\n<lb />\u03b4\u03b9\u03ce\u03be\u1fc3. \u1f04\u03bb\u03bb\u03bf\u03c5 \u03b4\u1f72 \u03b5\u1f30\u03c0\u03cc\u03bd\u03c4\u03bf\u03c2, \u03a4\u1ff6\u03bd \u03c6\u03af\u03bb\u03c9\u03bd \u1f41 \u03ba\u03bf\u03c1\u03c5\u03c6\u03b1\u03b9\u03cc\u03c4\u03b1\u03c4\u03bf\u03c2, <pb id=\"reitz.v.2.p.565\" />\n               <lb />\u03a7\u03ac\u03c1\u03b9\u03ad\u03bd \u03b3\u03b5, \u1f14\u03c6\u03b7, \u03c4\u1f78 \u03c4\u1fc6\u03c2 \u03ba\u03bf\u03c1\u03c5\u03c6\u1fc6\u03c2 \u03c0\u03bf\u03b9\u03b5\u1fd6\u03bd \u03c4\u03b9\n<lb />\u1f10\u03c0\u03ac\u03bd\u03c9. \u03ba\u03b1\u1f76 \u1f10\u03be\u03bf\u03c1\u03bc\u1ff6 \u03b4\u03ad \u03c4\u03b9\u03bd\u03bf\u03c2 \u03b5\u1f30\u03c0\u03cc\u03bd\u03c4\u03bf\u03c2, \u039a\u03b1\u1f76 \u03c4\u03af\u03c2 \u1f10\u03c3\u03c4\u03b9\u03bd, \u03b5\u1f36\u03c0\u03b5\u03bd,\n<lb />\u1f43\u03bd \u1f10\u03be\u03bf\u03c1\u03bc\u1fb7\u03c2; \u1f10\u03be \u1f10\u03c0\u03b9\u03c0\u03bf\u03bb\u1fc6\u03c2 \u03b4\u03ad \u03c4\u03b9\u03bd\u03bf\u03c2 \u03b5\u1f30\u03c0\u03cc\u03bd\u03c4\u03bf\u03c2, \u1f18\u03ba \u03c4\u1fc6\u03c2 <pb id=\"reitz.v.2.p.566\" />\n               <lb />\u1f10\u03c0\u03b9\u03c0\u03bf\u03bb\u1fc6\u03c2 \u03b5\u1f36\u03c0\u03b5\u03bd, \u1f61\u03c2 \u1f10\u03ba \u03c4\u1fc6\u03c2 \u03c0\u03b9\u03b8\u03ac\u03ba\u03bd\u03b7\u03c2. \u03bb\u03ad\u03b3\u03bf\u03bd\u03c4\u03bf\u03c2 \u03b4\u03ad \u03c4\u03b9\u03bd\u03bf\u03c2\n<lb />\u03a3\u03c5\u03bd\u03b5\u03c4\u03ac\u03be\u03b1\u03c4\u03cc \u03bc\u03bf\u03b9, \u039a\u03b1\u1f76 \u03bb\u03cc\u03c7\u03bf\u03bd \u03b4\u03ad, \u1f14\u03c6\u03b7, \u039e\u03b5\u03bd\u03bf\u03c6\u1ff6\u03bd \u03b5\u1f36\u03c0\u03b5 \u03c3\u03c5\u03bd\u03b5\u03c4\u03ac\u03be\u03b1\u03c4\u03bf.\n<lb />\u1f04\u03bb\u03bb\u03bf\u03c5 \u03b4\u1f72 \u03b5\u1f30\u03c0\u03cc\u03bd\u03c4\u03bf\u03c2, \u03a0\u03b5\u03c1\u03b9\u03ad\u03c3\u03c4\u03b7\u03bd \u03b1\u1f50\u03c4\u1f78\u03bd \u1f65\u03c3\u03c4\u03b5 \u03bb\u03b1\u03b8\u03b5\u1fd6\u03bd,\n<lb />\u0398\u03b1\u03c5\u03bc\u03b1\u03c3\u03c4\u03cc\u03bd, \u1f14\u03c6\u03b7, \u03b5\u1f30 \u03b5\u1f37\u03c2 \u1f64\u03bd \u03c0\u03b5\u03c1\u03b9\u03ad\u03c3\u03c4\u03b7\u03c2 \u03c4\u1f78\u03bd \u1f15\u03bd\u03b1. \u1f11\u03c4\u03ad\u03c1\u03bf\u03c5\n<lb />\u03b4\u1f72 \u03bb\u03ad\u03b3\u03bf\u03bd\u03c4\u03bf\u03c2, \u03a3\u03c5\u03bd\u03b5\u03ba\u03c1\u03af\u03bd\u03b5\u03c4\u03bf \u03b1\u1f50\u03c4\u1ff7, \u039a\u03b1\u1f76 \u03b4\u03b9\u03b5\u03ba\u03c1\u03af\u03bd\u03b5\u03c4\u03bf\n<lb />\u03c0\u03ac\u03bd\u03c4\u03c9\u03c2, \u03b5\u1f36\u03c0\u03b5\u03bd. </p></sp></body></text></TEI.2> <?xml version=\"1.0\" encoding=\"utf-8\"?>\n<TEI.2><text><body><sp><p><milestone unit=\"section\" n=\"6\" />\u03b5\u1f30\u03ce\u03b8\u03b5\u03b9 \u03b4\u1f72 \u03ba\u03b1\u1f76 \u03c0\u03c1\u1f78\u03c2 \u03c4\u03bf\u1f7a\u03c2 \u03c3\u03bf\u03bb\u03bf\u03b9\u03ba\u03af\u03b6\u03bf\u03bd\u03c4\u03b1\u03c2 <pb id=\"reitz.v.2.p.567\" />\n               <lb />\u1f08\u03c4\u03c4\u03b9\u03ba\u1ff6\u03c2 \u03c0\u03b1\u03af\u03b6\u03b5\u03b9\u03bd \u1f00\u03bd\u03b5\u03c0\u03b1\u03c7\u03b8\u1ff6\u03c2: \u03c0\u03c1\u1f78\u03c2 \u03b3\u03bf\u1fe6\u03bd \u03c4\u1f78\u03bd \u03b5\u1f30\u03c0\u03cc\u03bd\u03c4\u03b1,\n<lb />\u039d\u1ff6\u03ca \u03c4\u03bf\u1fe6\u03c4\u03bf \u03b4\u03bf\u03ba\u03b5\u1fd6, \u03a3\u03cd, \u1f14\u03c6\u03b7, \u03ba\u03b1\u1f76 \u03bd\u1ff6\u03ca\u03bd \u1f10\u03c1\u03b5\u1fd6\u03c2 \u1f61\u03c2 \u1f01\u03bc\u03b1\u03c1\u03c4\u03ac\u03bd\u03bf\u03bc\u03b5\u03bd.\n<lb />\u1f11\u03c4\u03ad\u03c1\u03bf\u03c5 \u03b4\u1f72 \u03c3\u03c0\u03bf\u03c5\u03b4\u1fc7 \u03b4\u03b9\u03b7\u03b3\u03bf\u03c5\u03bc\u03ad\u03bd\u03bf\u03c5 \u03c4\u03b9 \u03c4\u1ff6\u03bd \u1f10\u03c0\u03b9\u03c7\u03c9\u03c1\u03af\u03c9\u03bd\n<lb />\u03ba\u03b1\u1f76 \u03b5\u1f30\u03c0\u03cc\u03bd\u03c4\u03bf\u03c2, \u1f29 \u03b4\u1f72 \u03c4\u1ff7 \u1f29\u03c1\u03b1\u03ba\u03bb\u03b5\u1fd6 \u03bc\u03b9\u03c7\u03b8\u03b5\u1fd6\u03c3\u03b1, \u039f\u1f50\u03ba \u1f04\u03c1\u03b1, \u1f14\u03c6\u03b7,\n<lb />\u1f41 \u1f29\u03c1\u03b1\u03ba\u03bb\u1fc6\u03c2 \u1f10\u03bc\u03af\u03c7\u03b8\u03b7 \u03b1\u1f50\u03c4\u1fc7; \u03ba\u03b1\u03c1\u1fc6\u03bd\u03b1\u03b9 \u03b4\u03ad \u03c4\u03b9\u03bd\u03bf\u03c2 \u03b5\u1f30\u03c0\u03cc\u03bd\u03c4\u03bf\u03c2 \u1f61\u03c2 <pb id=\"reitz.v.2.p.568\" />\n               <lb />\u03b4\u03ad\u03bf\u03b9\u03c4\u03bf, \u03a4\u03af \u03b3\u03ac\u03c1, \u1f14\u03c6\u03b7, \u03c3\u03bf\u1f76 \u03b4\u03b5\u03b9\u03bd\u1f78\u03bd \u03b5\u1f34\u03c1\u03b3\u03b1\u03c3\u03c4\u03b1\u03b9 \u03ba\u03b1\u1f76 \u1f04\u03be\u03b9\u03bf\u03bd \u1f00\u03c4\u03b9\u03bc\u03af\u03b1\u03c2;\n<lb />\u03ba\u03b1\u1f76 \u03b6\u03c5\u03b3\u03bf\u03bc\u03b1\u03c7\u03b5\u1fd6\u03bd \u03b4\u03ad \u03c4\u03b9\u03bd\u03bf\u03c2 \u03b5\u1f30\u03c0\u03cc\u03bd\u03c4\u03bf\u03c2, \u03a0\u03c1\u1f78\u03c2 \u03c4\u1f78\u03bd \u1f10\u03c7\u03b8\u03c1\u03cc\u03bd,\n<lb />\u03b5\u1f36\u03c0\u03b5, \u03b6\u03c5\u03b3\u03bf\u03bc\u03b1\u03c7\u03b5\u1fd6\u03c2; \u1f11\u03c4\u03ad\u03c1\u03bf\u03c5 \u03b4\u1f72 \u03b5\u1f30\u03c0\u03cc\u03bd\u03c4\u03bf\u03c2 \u03b2\u03b1\u03c3\u03b1\u03bd\u03af\u03b6\u03b5\u03c3\u03b8\u03b1\u03b9 \u03c4\u1f78\u03bd\n<lb />\u03c0\u03b1\u1fd6\u03b4\u03b1 \u03b1\u1f50\u03c4\u1ff7 \u03bd\u03bf\u03c3\u03bf\u1fe6\u03bd\u03c4\u03b1, \u1f18\u03c0\u1f76 \u03c4\u1ff7, \u1f14\u03c6\u03b7, \u1f22 \u03c4\u03af \u03b2\u03bf\u03c5\u03bb\u03bf\u03bc\u03ad\u03bd\u03bf\u03c5 <pb id=\"reitz.v.2.p.569\" />\n               <pb id=\"p.406\" />\n               <lb />\u03c4\u03bf\u1fe6 \u03b2\u03b1\u03c3\u03b1\u03bd\u03af\u03b6\u03bf\u03bd\u03c4\u03bf\u03c2; \u03c0\u03c1\u03bf\u03ba\u03cc\u03c0\u03c4\u03b5\u03b9 \u03b4\u03ad \u03c4\u03b9\u03bd\u03bf\u03c2 \u03b5\u1f30\u03c0\u03cc\u03bd\u03c4\u03bf\u03c2 \u1f10\u03bd \u03c4\u03bf\u1fd6\u03c2\n<lb />\u03bc\u03b1\u03b8\u03ae\u03bc\u03b1\u03c3\u03b9\u03bd, \u1f49 \u03b4\u1f72 \u03a0\u03bb\u03ac\u03c4\u03c9\u03bd, \u1f14\u03c6\u03b7, \u03c4\u03bf\u1fe6\u03c4\u03bf \u1f10\u03c0\u03b9\u03b4\u03b9\u03b4\u03cc\u03bd\u03b1\u03b9 \u03ba\u03b1\u03bb\u03b5\u1fd6.\n<lb />\u1f10\u03c1\u03bf\u03bc\u03ad\u03bd\u03bf\u03c5 \u03b4\u03ad \u03c4\u03b9\u03bd\u03bf\u03c2 \u03b5\u1f30 \u03bc\u03b5\u03bb\u03b5\u03c4\u03ae\u03c3\u03b5\u03b9 \u1f41 \u03b4\u03b5\u1fd6\u03bd\u03b1, \u03a0\u1ff6\u03c2 \u03bf\u1f56\u03bd, \u1f14\u03c6\u03b7,\n<lb />\n               <pb id=\"reitz.v.2.p.570\" /> \u1f10\u03bc\u1f72 \u1f10\u03c1\u03c9\u03c4\u1ff6\u03bd \u03b5\u1f30 \u03bc\u03b5\u03bb\u03b5\u03c4\u03ae\u03c3\u03bf\u03bc\u03b1\u03b9, \u03bb\u03ad\u03b3\u03b5\u03b9\u03c2 \u1f45\u03c4\u03b9 \u1f41 \u03b4\u03b5\u1fd6\u03bd\u03b1; </p></sp></body></text></TEI.2> <?xml version=\"1.0\" encoding=\"utf-8\"?>\n<TEI.2><text><body><sp><p><milestone unit=\"section\" n=\"7\" />\u1f00\u03c4\u03c4\u03b9\u03ba\u03af\u03b6\u03bf\u03bd\u03c4\u03bf\u03c2\n<lb />\u03b4\u03ad \u03c4\u03b9\u03bd\u03bf\u03c2 \u03ba\u03b1\u1f76 \u03c4\u03b5\u03b8\u03bd\u03ae\u03be\u03b5\u03b9 \u03b5\u1f30\u03c0\u03cc\u03bd\u03c4\u03bf\u03c2 \u1f10\u03c0\u1f76 \u03c4\u03bf\u1fe6 \u03c4\u03c1\u03af\u03c4\u03bf\u03c5,\n<lb />\u0392\u03ad\u03bb\u03c4\u03b9\u03bf\u03bd, \u1f14\u03c6\u03b7, \u03ba\u03b1\u1f76 \u1f10\u03bd\u03c4\u03b1\u1fe6\u03b8\u03b1 \u03bc\u1f74 \u1f00\u03c4\u03c4\u03b9\u03ba\u03af\u03b6\u03b5\u03b9\u03bd \u03ba\u03b1\u03c4\u03b1\u03c1\u03ce\u03bc\u03b5\u03bd\u03bf\u03bd.\n<lb />\u03ba\u03b1\u1f76 \u03c0\u03c1\u1f78\u03c2 \u03c4\u1f78\u03bd \u03b5\u1f30\u03c0\u03cc\u03bd\u03c4\u03b1 \u03b4\u1f72 \u03c3\u03c4\u03bf\u03c7\u03ac\u03b6\u03bf\u03bc\u03b1\u03b9 \u03b1\u1f50\u03c4\u03bf\u1fe6 \u1f10\u03c0\u1f76 \u03c4\u03bf\u1fe6 \u03c6\u03b5\u03af\u03b4\u03bf\u03bc\u03b1\u03b9\n<lb />\n               <pb id=\"reitz.v.2.p.571\" /> \u03b1\u1f50\u03c4\u03bf\u1fe6, \u039c\u03ae \u03c4\u03b9, \u1f14\u03c6\u03b7, \u03b4\u03b9\u03ae\u03bc\u03b1\u03c1\u03c4\u03b5\u03c2 \u03b2\u03b1\u03bb\u03ce\u03bd; \u1f00\u03c6\u03b9\u03c3\u03c4\u1fb6\u03bd\n<lb />\u03b4\u03ad \u03c4\u03b9\u03bd\u03bf\u03c2 \u03b5\u1f30\u03c0\u03cc\u03bd\u03c4\u03bf\u03c2 \u03ba\u03b1\u1f76 \u1f11\u03c4\u03ad\u03c1\u03bf\u03c5 \u1f00\u03c6\u03b9\u03c3\u03c4\u03ac\u03bd\u03b5\u03b9\u03bd, \u1f0c\u03bc\u03c6\u03c9 \u03bc\u03ad\u03bd, \u1f14\u03c6\u03b7,\n<lb />\u03bf\u1f50\u03ba \u03bf\u1f36\u03b4\u03b1. \u03c0\u03c1\u1f78\u03c2 \u03b4\u1f72 \u03c4\u1f78\u03bd \u03bb\u03ad\u03b3\u03bf\u03bd\u03c4\u03b1 \u03c0\u03bb\u1f74\u03c4 \u03b5\u1f30 \u03bc\u03ae, \u03a4\u03b1\u1fe6\u03c4\u03b1, \u1f14\u03c6\u03b7,\n<lb />\u03b4\u03b9\u03c0\u03bb\u1fb6 \u03c7\u03b1\u03c1\u03af\u03b6\u1fc3. \u03ba\u03b1\u1f76 \u03c7\u03c1\u1fb6\u03c3\u03b8\u03b1\u03b9 \u03b4\u03ad \u03c4\u03b9\u03bd\u03bf\u03c2 \u03b5\u1f30\u03c0\u03cc\u03bd\u03c4\u03bf\u03c2, \u03a8\u03b5\u03c5\u03b4\u03b1\u03c4\u03c4\u03b9\u03ba\u03cc\u03bd,\n<lb />\u03ba\u03cc\u03bd, \u1f14\u03c6\u03b7, \u03c4\u1f78 \u1fe5\u1fc6\u03bc\u03b1. \u03c4\u1ff7 \u03b4\u1f72 \u03bb\u03ad\u03b3\u03bf\u03bd\u03c4\u03b9 \u1f14\u03ba\u03c4\u03bf\u03c4\u03b5, \u039a\u03b1\u03bb\u03cc\u03bd, \u1f14\u03c6\u03b7,\n<lb />\n               <pb id=\"reitz.v.2.p.572\" /> \u03c4\u1f78 \u03b5\u1f30\u03c0\u03b5\u1fd6\u03bd \u1f10\u03ba\u03c0\u03ad\u03c1\u03c5\u03c3\u03b9, \u1f41 \u03b3\u1f70\u03c1 \u03a0\u03bb\u03ac\u03c4\u03c9\u03bd \u1f10\u03c2 \u03c4\u03cc\u03c4\u03b5 \u03bb\u03ad\u03b3\u03b5\u03b9. \u03c4\u1ff7 \u03b4\u1f72\n<lb />\u1f30\u03b4\u03bf\u03cd \u1f10\u03c0\u1f76 \u03c4\u03bf\u1fe6 \u1f30\u03b4\u03ad \u03c7\u03c1\u03c9\u03bc\u03ad\u03bd\u03bf\u03c5 \u03c4\u03b9\u03bd\u03cc\u03c2, \u1f1d\u03c4\u03b5\u03c1\u03b1 \u1f00\u03bd\u03b8\u0313 \u1f11\u03c4\u03ad\u03c1\u03c9\u03bd,\n<lb />\u1f14\u03c6\u03b7, \u03c3\u03b7\u03bc\u03b1\u03af\u03bd\u03b5\u03b9\u03c2. \u1f00\u03bd\u03c4\u03b9\u03bb\u03b1\u03bc\u03b2\u03ac\u03bd\u03bf\u03bc\u03b1\u03b9 \u03b4\u1f72 \u1f10\u03c0\u1f76 \u03c4\u03bf\u1fe6 \u03c3\u03c5\u03bd\u03af\u03b7\u03bc\u03b9 \u03bb\u03ad\u03b3\u03bf\u03bd\u03c4\u03cc\u03c2\n<lb />\u03c4\u03b9\u03bd\u03bf\u03c2, \u03b8\u03b1\u03c5\u03bc\u03ac\u03b6\u03b5\u03b9\u03bd \u1f14\u03c6\u03b7 \u03c0\u1ff6\u03c2 \u1f00\u03bd\u03c4\u03b9\u03c0\u03bf\u03b9\u03bf\u03cd\u03bc\u03b5\u03bd\u03bf\u03c2 \u03c4\u03bf\u1fe6\n<lb />\n               <pb id=\"reitz.v.2.p.573\" /> \u03bb\u03ad\u03b3\u03bf\u03bd\u03c4\u03bf\u03c2 \u03c6\u1f74\u03c2 \u03bc\u1f74 \u1f00\u03bd\u03c4\u03b9\u03c0\u03bf\u03b9\u03b5\u1fd6\u03c3\u03b8\u03b1\u03b9. \u03b2\u03c1\u03ac\u03b4\u03b9\u03bf\u03bd \u03b4\u03ad \u03c4\u03b9\u03bd\u03bf\u03c2 \u03b5\u1f30\u03c0\u03cc\u03bd\u03c4\u03bf\u03c2,\n<lb />\u039f\u1f50\u03ba \u1f14\u03c3\u03c4\u03b9\u03bd, \u1f14\u03c6\u03b7, \u1f45\u03bc\u03bf\u03b9\u03bf\u03bd \u03c4\u1ff7 \u03c4\u03ac\u03c7\u03b9\u03bf\u03bd. \u03b2\u03b1\u03c1\u03b5\u1fd6\u03bd \u03b4\u03ad \u03c4\u03b9\u03bd\u03bf\u03c2\n<lb />\u03b5\u1f30\u03c0\u03cc\u03bd\u03c4\u03bf\u03c2, \u039f\u1f50\u03ba \u1f14\u03c3\u03c4\u03b9\u03bd, \u1f14\u03c6\u03b7, \u03c4\u1f78 \u03b2\u03b1\u03c1\u03cd\u03bd\u03b5\u03b9\u03bd, \u1f61\u03c2 \u03bd\u03b5\u03bd\u03cc\u03bc\u03b9\u03ba\u03b1\u03c2.\n<lb />\u03bb\u03ad\u03bb\u03bf\u03b3\u03c7\u03b1 \u03b4\u1f72 \u03c4\u1f78 \u03c4\u1f78 \u03b5\u1f34\u03bb\u03b7\u03c7\u03b1 \u03bb\u03ad\u03b3\u03bf\u03bd\u03c4\u03bf\u03c2, \u1f48\u03bb\u03af\u03b3\u03bf\u03bd, \u1f14\u03c6\u03b7, \u03ba\u03b1\u1f76 \u03c0\u03b1\u1fe4 \n<lb />\n               <pb id=\"reitz.v.2.p.574\" /> \u03bf\u1f37\u03c2 \u1f01\u03bc\u03b1\u03c1\u03c4\u03ac\u03bd\u03b5\u03c4\u03b1\u03b9. \u1f35\u03c0\u03c4\u03b1\u03c3\u03b8\u03b1\u03b9 \u03b4\u1f72 \u1f10\u03c0\u1f76 \u03c4\u03bf\u1fe6 \u03c0\u03ad\u03c4\u03b5\u03c3\u03b8\u03b1\u03b9 \u03c0\u03bf\u03bb\u03bb\u1ff6\u03bd\n<lb />\u03bb\u03b5\u03b3\u03cc\u03bd\u03c4\u03c9\u03bd, \u1f4d\u03c4\u03b9 \u03bc\u1f72\u03bd \u1f00\u03c0\u1f78 \u03c4\u1fc6\u03c2 \u03c0\u03c4\u03ae\u03c3\u03b5\u03c9\u03c2 \u03c4\u1f78 \u1f44\u03bd\u03bf\u03bc\u03b1, \u03c3\u03b1\u03c6\u1ff6\u03c2\n<lb />\u1f34\u03c3\u03bc\u03b5\u03bd. \u03c0\u03b5\u03c1\u03b9\u03c3\u03c4\u03b5\u03c1\u1f78\u03bd \u03b4\u03ad \u03c4\u03b9\u03bd\u03bf\u03c2 \u03b5\u1f30\u03c0\u03cc\u03bd\u03c4\u03bf\u03c2 \u1f61\u03c2 \u03b4\u1f74 \u1f08\u03c4\u03c4\u03b9\u03ba\u03cc\u03bd, \u039a\u03b1\u1f76\n<lb />\u03c4\u1f78\u03bd \u03c6\u03ac\u03c4\u03c4\u03bf\u03bd \u1f10\u03c1\u03bf\u1fe6\u03bc\u03b5\u03bd, \u1f14\u03c6\u03b7. \u03c6\u03b1\u03ba\u1f78\u03bd \u03b4\u03ad \u03c4\u03b9\u03bd\u03bf\u03c2 \u03b5\u1f30\u03c0\u03cc\u03bd\u03c4\u03bf\u03c2 \u1f10\u03b4\u03b7\u03b4\u03bf\u03ba\u03ad\u03bd\u03b1\u03b9,\n<lb />\u039a\u03b1\u1f76 \u03c0\u1ff6\u03c2 \u1f04\u03bd, \u1f14\u03c6\u03b7, \u03c6\u03b1\u03ba\u03cc\u03bd \u03c4\u03b9\u03c2 \u03c6\u03ac\u03b3\u03bf\u03b9; \u03c4\u03b1\u1fe6\u03c4\u03b1 \u03bc\u1f72\u03bd \u03c4\u1f70 \u03a3\u03c9\u03ba\u03c1\u03ac\u03c4\u03b5\u03b9\u03b1.\n<lb />\n               </p></sp></body></text></TEI.2> <?xml version=\"1.0\" encoding=\"utf-8\"?>\n<TEI.2><text><body><sp><p><milestone unit=\"section\" n=\"8\" />\u1f18\u03c0\u03b1\u03bd\u03af\u03c9\u03bc\u03b5\u03bd \u03b4\u03ad, \u03b5\u1f30 \u03b4\u03bf\u03ba\u03b5\u1fd6, \u1f10\u03c0\u1f76 \u03c4\u1f74\u03bd \u1f05\u03bc\u03b9\u03bb\u03bb\u03b1\u03bd \u03c4\u1ff6\u03bd\n<lb />\u03c0\u03c1\u03bf\u03c4\u03ad\u03c1\u03c9\u03bd \u03bb\u03cc\u03b3\u03c9\u03bd. \u03ba\u1f00\u03b3\u1f7c \u03bc\u1f72\u03bd \u03ba\u03b1\u03bb\u1ff6 \u03c4\u03bf\u1f7a\u03c2 \u03b2\u03b5\u03bb\u03c4\u03af\u03c3\u03c4\u03bf\u03c5\u03c2 \u03b5\u1f36\u03bd\u03b1\u03b9\n<lb />\u1f45\u03bb\u03bf\u03c5\u03c2, \u03c3\u1f7a \u03b4\u1f72 \u03b3\u03bd\u03ce\u03c1\u03b9\u03c3\u03bf\u03bd: \u03bf\u1f36\u03bc\u03b1\u03b9 \u03b3\u03ac\u03c1 \u03c3\u03b5 \u03ba\u1f02\u03bd \u03bd\u1fe6\u03bd \u03b4\u03c5\u03bd\u03ae\u03c3\u03b5\u03c3\u03b8\u03b1\u03b9\n<lb />\u03c4\u03bf\u03c3\u03bf\u03cd\u03c4\u03c9\u03bd \u03b3\u03b5 \u1f10\u03c0\u03b1\u03ba\u03bf\u03cd\u03c3\u03b1\u03bd\u03c4\u03b1 \u03c4\u1ff6\u03bd \u1f11\u03be\u1fc6\u03c2 \u03bb\u03b5\u03b3\u03bf\u03bc\u03ad\u03bd\u03c9\u03bd.\n<pb id=\"reitz.v.2.p.575\" /> \n            </p>\n         </sp>\n         <sp>\n            <speaker>\u03c3\u03bf\u03bb\u03bf\u03b9\u03ba\u03b9\u03c3\u03c4\u03ae\u03c2</speaker>\n            <p>\n               <lb /> \u1f3c\u03c3\u03c9\u03c2 \u03bc\u1f72\u03bd \u03bf\u1f50\u03b4\u1f72 \u03bd\u1fe6\u03bd \u03b4\u03c5\u03bd\u03ae\u03c3\u03bf\u03bc\u03b1\u03af \u03c3\u03bf\u03c5 \u03bb\u03ad\u03b3\u03bf\u03bd\u03c4\u03bf\u03c2: \u1f45\u03bc\u03c9\u03c2 \u03b5\u1f30\u03c0\u03ad.\n<pb id=\"p.407\" />\n            </p>\n         </sp>\n         <sp>\n            <speaker>\u039b\u03c5\u03ba\u1fd6\u03bd\u03bf\u03c2</speaker>\n            <p>\n               <lb /> \u039a\u03b1\u1f76 \u03c0\u1ff6\u03c2 \u03c6\u1f74\u03c2 \u03bf\u1f50 \u03b4\u03c5\u03bd\u03ae\u03c3\u03b5\u03c3\u03b8\u03b1\u03b9; \u1f21 \u03b3\u1f70\u03c1 \u03b8\u03cd\u03c1\u03b1\n<lb />\u03c3\u03c7\u03b5\u03b4\u1f78\u03bd \u1f00\u03bd\u03ad\u1ff3\u03b3\u03ad \u03c3\u03bf\u03b9 \u03c4\u1fc6\u03c2 \u03b3\u03bd\u03c9\u03c1\u03af\u03c3\u03b5\u03c9\u03c2 \u03b1\u1f50\u03c4\u1ff6\u03bd.\n</p>\n         </sp>\n         <sp>\n            <speaker>\u03c3\u03bf\u03bb\u03bf\u03b9\u03ba\u03b9\u03c3\u03c4\u03ae\u03c2</speaker>\n            <p>\n               <lb /> \u0395\u1f30\u03c0\u1f72 \u03c4\u03bf\u03af\u03bd\u03c5\u03bd.\n</p>\n         </sp>\n         <sp>\n            <speaker>\u039b\u03c5\u03ba\u1fd6\u03bd\u03bf\u03c2</speaker>\n            <p>\n               <lb /> \u1f08\u03bb\u03bb\u1f70 \u03b5\u1f36\u03c0\u03bf\u03bd.\n</p>\n         </sp>\n         <sp>\n            <speaker>\u03c3\u03bf\u03bb\u03bf\u03b9\u03ba\u03b9\u03c3\u03c4\u03ae\u03c2</speaker>\n            <p>\n               <lb /> \u039f\u1f50\u03b4\u03ad\u03bd \u03b3\u03b5, \u1f65\u03c3\u03c4\u03b5 \u1f10\u03bc\u1f72 \u03bc\u03b1\u03b8\u03b5\u1fd6\u03bd.\n</p>\n         </sp>\n         <sp>\n            <speaker>\u039b\u03c5\u03ba\u1fd6\u03bd\u03bf\u03c2</speaker>\n            <p>\n               <lb /> \u039f\u1f50 \u03b3\u1f70\u03c1 \u1f14\u03bc\u03b1\u03b8\u03b5\u03c2 \u03c4\u1f78 \u1f00\u03bd\u03ad\u1ff3\u03b3\u03b5\u03bd;\n</p>\n         </sp>\n         <sp>\n            <speaker>\u03c3\u03bf\u03bb\u03bf\u03b9\u03ba\u03b9\u03c3\u03c4\u03ae\u03c2</speaker>\n            <p>\n               <lb /> \u039f\u1f50\u03ba \u1f14\u03bc\u03b1\u03b8\u03bf\u03bd.\n</p>\n         </sp>\n         <sp>\n            <speaker>\u039b\u03c5\u03ba\u1fd6\u03bd\u03bf\u03c2</speaker>\n            <p>\n               <lb /> \u03a4\u03af \u03bf\u1f56\u03bd \u03c0\u03b5\u03b9\u03c3\u03cc\u03bc\u03b5\u03b8\u03b1, \u03b5\u1f30 \u03bc\u03b7\u03b4\u1f72 \u03bd\u1fe6\u03bd \u1f00\u03ba\u03bf\u03bb\u03bf\u03c5\u03b8\u03ae\u03c3\u03b5\u03b9\u03c2\n<lb />\u03c4\u03bf\u1fd6\u03c2 \u03bb\u03b5\u03b3\u03bf\u03bc\u03ad\u03bd\u03bf\u03b9\u03c2; \u03ba\u03b1\u03af\u03c4\u03bf\u03b9 \u03c0\u03c1\u03cc\u03c2 \u03b3\u03b5 \u03c4\u1f70 \u03ba\u03b1\u03c4\u0313 \u1f00\u03c1\u03c7\u1f70\u03c2 \u1fe5\u03b7\u03b8\u03ad\u03bd\u03c4\u03b1\n<lb />\u1f51\u03c0\u1f78 \u03c3\u03bf\u1fe6 \u1f10\u03b3\u1f7c \u03bc\u1f72\u03bd \u1fa4\u03bc\u03b7\u03bd \u1f31\u03c0\u03c0\u03b5\u1fd6\u03c2 \u1f10\u03c2 \u03c0\u03b5\u03b4\u03af\u03bf\u03bd \u03ba\u03b1\u03bb\u03b5\u1fd6\u03bd. \u03c3\u1f7a \u03b4\u1f72 <pb id=\"reitz.v.2.p.576\" />\n               <lb />\u03c4\u03bf\u1f7a\u03c2 \u1f31\u03c0\u03c0\u03b5\u1fd6\u03c2 \u03ba\u03b1\u03c4\u03b5\u03bd\u03cc\u03b7\u03c3\u03b1\u03c2; \u1f00\u03bb\u03bb\u1f70 \u1f14\u03bf\u03b9\u03ba\u03b1\u03c2 \u03bf\u1f50 \u03c6\u03c1\u03bf\u03bd\u03c4\u03af\u03b6\u03b5\u03b9\u03bd \u03c4\u1ff6\u03bd\n<lb />\u03bb\u03cc\u03b3\u03c9\u03bd, \u03bc\u03ac\u03bb\u03b9\u03c3\u03c4\u03b1 \u03bf\u1f53\u03c2 \u03bd\u1fe6\u03bd \u03ba\u03b1\u03c4\u1f70 \u03c3\u03c6\u1fb6\u03c2 \u03b1\u1f50\u03c4\u03bf\u1f7a\u03c2 \u03b4\u03b9\u03ae\u03bb\u03b8\u03bf\u03bc\u03b5\u03bd.\n</p>\n         </sp>\n         <sp>\n            <speaker>\u03c3\u03bf\u03bb\u03bf\u03b9\u03ba\u03b9\u03c3\u03c4\u03ae\u03c2</speaker>\n            <p>\n               <lb /> \u1f18\u03b3\u1f7c \u03bc\u1f72\u03bd \u03c6\u03c1\u03bf\u03bd\u03c4\u03af\u03b6\u03c9, \u03c3\u1f7a \u03b4\u1f72 \u1f00\u03b4\u03ae\u03bb\u03c9\u03c2 \u03b1\u1f50\u03c4\u03bf\u1f7a\u03c2 \u03b4\u03b9\u03b5\u03be\u03ad\u03c1\u03c7\u1fc3.\n</p>\n         </sp>\n         <sp>\n            <speaker>\u039b\u03c5\u03ba\u1fd6\u03bd\u03bf\u03c2</speaker>\n            <p>\n               <lb />\n               </p></sp></body></text></TEI.2> <?xml version=\"1.0\" encoding=\"utf-8\"?>\n<TEI.2><text><body><sp><p><milestone unit=\"section\" n=\"9\" /> \u03a0\u03ac\u03bd\u03c5 \u03b3\u03bf\u1fe6\u03bd \u1f04\u03b4\u03b7\u03bb\u03cc\u03bd \u1f10\u03c3\u03c4\u03b9 \u03c4\u1f78 \u03ba\u03b1\u03c4\u1f70 \u03c3\u03c6\u1fb6\u03c2 \u03b1\u1f50\u03c4\u03bf\u1f7a\u03c2\n<lb />\u1f10\u03c6\u0313 \u1f21\u03bc\u1ff6\u03bd \u03bb\u03b5\u03b3\u03cc\u03bc\u03b5\u03bd\u03bf\u03bd. \u1f00\u03bb\u03bb\u1f70 \u03c4\u03bf\u1fe6\u03c4\u03bf \u03bc\u1f72\u03bd \u03b4\u1fc6\u03bb\u03bf\u03bd: \u03c3\u1f72 \u03b4\u1f72\n<lb />\u03bf\u1f50\u03b4\u03b5\u1f76\u03c2 \u1f02\u03bd \u03b8\u03b5\u1ff6\u03bd \u1f00\u03b3\u03bd\u03bf\u03bf\u1fe6\u03bd\u03c4\u03b1 \u03c0\u03b1\u03cd\u03c3\u03b5\u03b9\u03b5 \u03c0\u03bb\u03ae\u03bd \u03b3\u03b5 \u1f41 \u1f08\u03c0\u03cc\u03bb\u03bb\u03c9\u03bd.\n<lb />\u03bc\u03b1\u03bd\u03c4\u03b5\u03cd\u03b5\u03c4\u03b1\u03b9 \u03b3\u03bf\u1fe6\u03bd \u1f10\u03ba\u03b5\u1fd6\u03bd\u03bf\u03c2 \u03c0\u1fb6\u03c3\u03b9 \u03c4\u03bf\u1fd6\u03c2 \u1f10\u03c1\u03c9\u03c4\u1ff6\u03c3\u03b9, \u03c3\u1f7a \u03b4\u1f72 \u03bf\u1f50\u03b4\u1f72 <pb id=\"reitz.v.2.p.577\" />\n               <lb />\u03c4\u1f78\u03bd \u03bc\u03b1\u03bd\u03c4\u03b5\u03c5\u03cc\u03bc\u03b5\u03bd\u03bf\u03bd \u03ba\u03b1\u03c4\u03b5\u03bd\u03cc\u03b7\u03c3\u03b1\u03c2.\n</p>\n         </sp>\n         <sp>\n            <speaker>\u03c3\u03bf\u03bb\u03bf\u03b9\u03ba\u03b9\u03c3\u03c4\u03ae\u03c2</speaker>\n            <p>\n               <lb /> \u039c\u1f70 \u03c4\u03bf\u1f7a\u03c2 \u03b8\u03b5\u03bf\u03cd\u03c2, \u03bf\u1f50 \u03b3\u1f70\u03c1 \u1f14\u03bc\u03b1\u03b8\u03bf\u03bd.\n</p>\n         </sp>\n         <sp>\n            <speaker>\u039b\u03c5\u03ba\u1fd6\u03bd\u03bf\u03c2</speaker>\n            <p>\n               <lb /> \u0395\u1f30 \u1f04\u03c1\u03b1 \u03ba\u03b1\u03b8\u0313 \u03b5\u1f37\u03c2 \u03bb\u03b1\u03bd\u03b8\u03ac\u03bd\u03b5\u03b9 \u03c3\u03b5 \u03c0\u03b5\u03c1\u03b9\u03b9\u03ce\u03bd;\n</p>\n         </sp>\n         <sp>\n            <speaker>\u03c3\u03bf\u03bb\u03bf\u03b9\u03ba\u03b9\u03c3\u03c4\u03ae\u03c2</speaker>\n            <p>\n               <lb /> \u1f18\u03bf\u03af\u03ba\u03b1\u03c3\u03af \u03b3\u03b5.\n</p>\n         </sp>\n         <sp>\n            <speaker>\u039b\u03c5\u03ba\u1fd6\u03bd\u03bf\u03c2</speaker>\n            <p>\n               <lb /> \u1f49 \u03b4\u1f72 \u03ba\u03b1\u03b8\u0313 \u03b5\u1f37\u03c2 \u03c0\u1ff6\u03c2 \u03c0\u03b1\u03c1\u1fc6\u03bb\u03b8\u03b5\u03bd;\n</p>\n         </sp>\n         <sp>\n            <speaker>\u03c3\u03bf\u03bb\u03bf\u03b9\u03ba\u03b9\u03c3\u03c4\u03ae\u03c2</speaker>\n            <p>\n               <lb /> \u039f\u1f50\u03b4\u1f72 \u03c4\u03bf\u1fe6\u03c4\u03bf \u1f14\u03bc\u03b1\u03b8\u03bf\u03bd.\n</p>\n         </sp>\n         <sp>\n            <speaker>\u039b\u03c5\u03ba\u1fd6\u03bd\u03bf\u03c2</speaker>\n            <p>\n               <lb /> \u039f\u1f36\u03c3\u03b8\u03b1 \u03b4\u03ad \u03c4\u03b9\u03bd\u03b1 \u03bc\u03bd\u03b7\u03c3\u03c4\u03b5\u03c5\u03cc\u03bc\u03b5\u03bd\u03bf\u03bd \u03b1\u1f51\u03c4\u1ff7 \u03b3\u03ac\u03bc\u03bf\u03bd;\n</p>\n         </sp>\n         <sp>\n            <speaker>\u03c3\u03bf\u03bb\u03bf\u03b9\u03ba\u03b9\u03c3\u03c4\u03ae\u03c2</speaker>\n            <p>\n               <lb /> \u03a4\u03af \u03bf\u1f56\u03bd \u03c4\u03bf\u1fe6\u03c4\u03bf; <pb id=\"reitz.v.2.p.578\" />\n            </p>\n         </sp>\n         <sp>\n            <speaker>\u039b\u03c5\u03ba\u1fd6\u03bd\u03bf\u03c2</speaker>\n            <p>\n               <lb /> \u1f4d\u03c4\u03b9 \u03c3\u03bf\u03bb\u03bf\u03b9\u03ba\u03af\u03b6\u03b5\u03b9\u03bd \u1f00\u03bd\u03ac\u03b3\u03ba\u03b7 \u03c4\u1f78\u03bd \u03bc\u03bd\u03b7\u03c3\u03c4\u03b5\u03c5\u03cc\u03bc\u03b5\u03bd\u03bf\u03bd \u03b1\u1f51\u03c4\u1ff7.\n</p>\n         </sp>\n         <sp>\n            <speaker>\u03c3\u03bf\u03bb\u03bf\u03b9\u03ba\u03b9\u03c3\u03c4\u03ae\u03c2</speaker>\n            <p>\n               <lb /> \u03a4\u03af \u03bf\u1f56\u03bd \u03c0\u03c1\u1f78\u03c2 \u03c4\u03bf\u1f50\u03bc\u1f78\u03bd \u03c0\u03c1\u1fb6\u03b3\u03bc\u03b1, \u03b5\u1f30 \u03c3\u03bf\u03bb\u03bf\u03b9\u03ba\u03af\u03b6\u03b5\u03b9 \u03c4\u03b9\u03c2 \u03bc\u03bd\u03b7\u03c3\u03c4\u03b5\u03c5\u03cc\u03bc\u03b5\u03bd\u03bf\u03c2;\n</p>\n         </sp>\n         <sp>\n            <speaker>\u039b\u03c5\u03ba\u1fd6\u03bd\u03bf\u03c2</speaker>\n            <p>\n               <lb /> \u1f4d\u03c4\u03b9 \u1f00\u03b3\u03bd\u03bf\u03b5\u1fd6 \u1f41 \u03c6\u03ac\u03c3\u03ba\u03c9\u03bd \u03b5\u1f30\u03b4\u03ad\u03bd\u03b1\u03b9. \u03ba\u03b1\u1f76 \u03c4\u1f78 \u03bc\u1f72\u03bd \u03bf\u1f55\u03c4\u03c9\u03c2\n<pb id=\"p.408\" />\n               <lb />\u1f14\u03c7\u03b5\u03b9. \u03b5\u1f30 \u03b4\u03ad \u03c4\u03b9\u03c2 \u03bb\u03ad\u03b3\u03bf\u03b9 \u03c3\u03bf\u03b9 \u03c0\u03b1\u03c1\u03b5\u03bb\u03b8\u1f7c\u03bd \u1f61\u03c2 \u1f00\u03c0\u03bf\u03bb\u03af\u03c0\u03bf\u03b9 \u03c4\u1f74\u03bd\n<lb />\u03b3\u03c5\u03bd\u03b1\u1fd6\u03ba\u03b1, \u1f06\u1fe4 \u1f02\u03bd \u1f10\u03c0\u03b9\u03c4\u03c1\u03ad\u03c0\u03bf\u03b9\u03c2 \u03b1\u1f50\u03c4\u1ff7;\n</p>\n         </sp>\n         <sp>\n            <speaker>\u03c3\u03bf\u03bb\u03bf\u03b9\u03ba\u03b9\u03c3\u03c4\u03ae\u03c2</speaker>\n            <p>\n               <lb /> \u03a4\u03af \u03b3\u1f70\u03c1 \u03bf\u1f50\u03ba \u1f02\u03bd \u1f10\u03c0\u03b9\u03c4\u03c1\u03ad\u03c0\u03bf\u03b9\u03bc\u03b9, \u03b5\u1f30 \u03c6\u03b1\u03af\u03bd\u03bf\u03b9\u03c4\u03bf \u1f00\u03b4\u03b9\u03ba\u03bf\u03cd\u03bc\u03b5\u03bd\u03bf\u03c2;\n</p>\n         </sp>\n         <sp>\n            <speaker>\u039b\u03c5\u03ba\u1fd6\u03bd\u03bf\u03c2</speaker>\n            <p>\n               <lb /> \u0395\u1f30 \u03b4\u1f72 \u03c3\u03bf\u03bb\u03bf\u03b9\u03ba\u03af\u03b6\u03c9\u03bd \u03c6\u03b1\u03af\u03bd\u03bf\u03b9\u03c4\u03bf, \u1f10\u03c0\u03b9\u03c4\u03c1\u03ad\u03c0\u03bf\u03b9\u03c2 \u1f02\u03bd \u03b1\u1f50\u03c4\u1ff7 \u03c4\u03bf\u1fe6\u03c4\u03bf;\n</p>\n         </sp>\n         <sp>\n            <speaker>\u03c3\u03bf\u03bb\u03bf\u03b9\u03ba\u03b9\u03c3\u03c4\u03ae\u03c2</speaker>\n            <p>\n               <lb /> \u039f\u1f50\u03ba \u1f14\u03b3\u03c9\u03b3\u03b5.\n<pb id=\"reitz.v.2.p.579\" /> \n            </p>\n         </sp>\n         <sp>\n            <speaker>\u039b\u03c5\u03ba\u1fd6\u03bd\u03bf\u03c2</speaker>\n            <p>\n               <lb /> \u1f48\u03c1\u03b8\u1ff6\u03c2 \u03b3\u1f70\u03c1 \u03bb\u03ad\u03b3\u03b5\u03b9\u03c2: \u03bf\u1f50 \u03b3\u1f70\u03c1 \u1f10\u03c0\u03b9\u03c4\u03c1\u03b5\u03c0\u03c4\u03ad\u03bf\u03bd \u03c3\u03bf\u03bb\u03bf\u03b9\u03ba\u03af\u03b6\u03bf\u03bd\u03c4\u03b9\n<lb />\u03c4\u1ff7 \u03c6\u03af\u03bb\u1ff3, \u1f00\u03bb\u03bb\u1f70 \u03b4\u03b9\u03b4\u03b1\u03ba\u03c4\u03ad\u03bf\u03bd \u1f45\u03c0\u03c9\u03c2 \u03c4\u03bf\u1fe6\u03c4\u03bf \u03bc\u1f74 \u03c4\u03b5\u03af\u03c3\u03b5\u03c4\u03b1\u03b9.\n<lb />\u03ba\u03b1\u1f76 \u03b5\u1f34 \u03c4\u03af\u03c2 \u03b3\u03b5 \u03bd\u1fe6\u03bd \u03c8\u03bf\u03c6\u03bf\u03af\u03b7 \u03c4\u1f74\u03bd \u03b8\u03cd\u03c1\u03b1\u03bd \u1f10\u03c3\u03b9\u1f7c\u03bd \u1f22 \u1f10\u03be\u03b9\u1f7c\u03bd\n<lb />\u03ba\u03cc\u03c0\u03c4\u03bf\u03b9, \u03c4\u03af \u03c6\u03ae\u03c3\u03bf\u03bc\u03ad\u03bd \u03c3\u03b5 \u03c0\u03b5\u03c0\u03bf\u03bd\u03b8\u03ad\u03bd\u03b1\u03b9;\n</p>\n         </sp>\n         <sp>\n            <speaker>\u03c3\u03bf\u03bb\u03bf\u03b9\u03ba\u03b9\u03c3\u03c4\u03ae\u03c2</speaker>\n            <p>\n               <lb /> \u1f18\u03bc\u1f72 \u03bc\u1f72\u03bd \u03bf\u1f50\u03b4\u03ad\u03bd, \u1f10\u03ba\u03b5\u1fd6\u03bd\u03bf\u03bd \u03b4\u1f72 \u1f10\u03c0\u03b5\u03c3\u03b5\u03bb\u03b8\u03b5\u1fd6\u03bd \u03b2\u03bf\u03cd\u03bb\u03b5\u03c3\u03b8\u03b1\u03b9 \u1f22 \u1f10\u03be\u03b9\u03ad\u03bd\u03b1\u03b9.\n</p>\n         </sp>\n         <sp>\n            <speaker>\u039b\u03c5\u03ba\u1fd6\u03bd\u03bf\u03c2</speaker>\n            <p>\n               <lb /> \u03a3\u1f72 \u03b4\u1f72 \u1f00\u03b3\u03bd\u03bf\u03bf\u1fe6\u03bd\u03c4\u03b1 \u03c4\u1f78\u03bd \u03ba\u03cc\u03c0\u03c4\u03bf\u03bd\u03c4\u03b1 \u1f24 \u03c8\u03bf\u03c6\u03bf\u1fe6\u03bd\u03c4\u03b1\n<lb />\u03bf\u1f50\u03b4\u1f72\u03bd \u1f45\u03bb\u03c9\u03c2 \u03c0\u03b5\u03c0\u03bf\u03bd\u03b8\u03ad\u03bd\u03b1\u03b9 \u03b4\u03cc\u03be\u03bf\u03bc\u03b5\u03bd \u1f00\u03c0\u03b1\u03af\u03b4\u03b5\u03c5\u03c4\u03bf\u03bd \u1f44\u03bd\u03c4\u03b1;\n</p>\n         </sp>\n         <sp>\n            <speaker>\u03c3\u03bf\u03bb\u03bf\u03b9\u03ba\u03b9\u03c3\u03c4\u03ae\u03c2</speaker>\n            <p>\n               <lb /> \u1f59\u03b2\u03c1\u03b9\u03c3\u03c4\u1f74\u03c2 \u03b5\u1f36.\n</p>\n         </sp>\n         <sp>\n            <speaker>\u039b\u03c5\u03ba\u1fd6\u03bd\u03bf\u03c2</speaker>\n            <p>\n               <lb /> \u03a4\u03af \u03bb\u03ad\u03b3\u03b5\u03b9\u03c2; \u1f51\u03b2\u03c1\u03b9\u03c3\u03c4\u1f74\u03c2 \u1f10\u03b3\u03ce; \u03bd\u1fe6\u03bd \u03b4\u1f74 \u03b3\u03b5\u03bd\u03ae\u03c3\u03bf\u03bc\u03b1\u03af\n<lb />\n               <pb id=\"reitz.v.2.p.580\" /> \u03c3\u03bf\u03b9 \u03b4\u03b9\u03b1\u03bb\u03b5\u03b3\u03cc\u03bc\u03b5\u03bd\u03bf\u03c2. \u1f14\u03bf\u03b9\u03ba\u03b5 \u03b4\u1f72 \u03c3\u03bf\u03bb\u03bf\u03b9\u03ba\u03af\u03c3\u03b1\u03b9 \u03c4\u1f78 \u03bd\u1fe6\u03bd \u03b4\u1f74 \u03b3\u03b5\u03bd\u03ae\u03c3\u03bf\u03bc\u03b1\u03b9,\n<lb />\u03c3\u1f7a \u03b4\u0313 \u03bf\u1f50\u03ba \u1f14\u03b3\u03bd\u03c9\u03c2.\n</p>\n         </sp>\n         <sp>\n            <speaker>\u03c3\u03bf\u03bb\u03bf\u03b9\u03ba\u03b9\u03c3\u03c4\u03ae\u03c2</speaker>\n            <p>\n               <lb />\n               </p></sp></body></text></TEI.2> <?xml version=\"1.0\" encoding=\"utf-8\"?>\n<TEI.2><text><body><sp><p><milestone unit=\"section\" n=\"10\" /> \u03a0\u03b1\u1fe6\u03c3\u03b1\u03b9 \u03c0\u03c1\u1f78\u03c2 \u03c4\u1fc6\u03c2 \u1f08\u03b8\u03b7\u03bd\u1fb6\u03c2: \u1f00\u03bb\u03bb\u0313 \u03b5\u1f30\u03c0\u03ad \u03c4\u03b9\n<lb />\u03c4\u03bf\u03b9\u03bf\u1fe6\u03c4\u03bf\u03bd, \u1f65\u03c3\u03c4\u03b5 \u03ba\u1f00\u03bc\u1f72 \u03bc\u03b1\u03b8\u03b5\u1fd6\u03bd.\n</p>\n         </sp>\n         <sp>\n            <speaker>\u039b\u03c5\u03ba\u1fd6\u03bd\u03bf\u03c2</speaker>\n            <p>\n               <lb /> \u039a\u03b1\u1f76 \u03c0\u1ff6\u03c2 \u1f04\u03bd \u03bc\u03ac\u03b8\u03bf\u03b9\u03c2;\n</p>\n         </sp>\n         <sp>\n            <speaker>\u03c3\u03bf\u03bb\u03bf\u03b9\u03ba\u03b9\u03c3\u03c4\u03ae\u03c2</speaker>\n            <p>\n               <lb /> \u0395\u1f34 \u03bc\u03bf\u03b9 \u03c0\u03ac\u03bd\u03c4\u03b1 \u1f10\u03c0\u03ad\u03bb\u03b8\u03bf\u03b9\u03c2, \u1f45\u03c3\u03b1 \u03c6\u1f74\u03c2 \u03c3\u03bf\u03bb\u03bf\u03b9\u03ba\u03af\u03c3\u03b1\u03c2\n<lb />\u1f10\u03bc\u1f72 \u03bb\u03b1\u03b8\u03b5\u1fd6\u03bd \u03ba\u03b1\u1f76 \u03c0\u03b1\u1fe4 \u1f45 \u03c4\u03b9 \u1f15\u03ba\u03b1\u03c3\u03c4\u03bf\u03bd \u03c3\u03b5\u03c3\u03bf\u03bb\u03bf\u03af\u03ba\u03b9\u03c3\u03c4\u03b1\u03b9.\n</p>\n         </sp>\n         <sp>\n            <speaker>\u039b\u03c5\u03ba\u1fd6\u03bd\u03bf\u03c2</speaker>\n            <p>\n               <lb /> \u039c\u03b7\u03b4\u03b1\u03bc\u1ff6\u03c2, \u1f66 \u1f04\u03c1\u03b9\u03c3\u03c4\u03b5: \u03bc\u03b1\u03ba\u03c1\u1f78\u03bd \u03b3\u1f70\u03c1 \u1f22\u03bd \u03c0\u03bf\u03b9\u03ae\u03c3\u03b1\u03b9\u03bc\u03b5\u03bd\n<lb />\u03c4\u1f78\u03bd \u03b4\u03b9\u03ac\u03bb\u03bf\u03b3\u03bf\u03bd. \u1f00\u03bb\u03bb\u1f70 \u03c0\u03b5\u03c1\u1f76 \u03bc\u1f72\u03bd \u03c4\u03bf\u03cd\u03c4\u03c9\u03bd \u1f14\u03be\u03b5\u03c3\u03c4\u03af \u03c3\u03bf\u03b9\n<lb />\u03ba\u03b1\u03b8\u0313 \u1f15\u03ba\u03b1\u03c3\u03c4\u03bf\u03bd \u03b1\u1f50\u03c4\u1ff6\u03bd \u03c0\u03c5\u03bd\u03b8\u03ac\u03bd\u03b5\u03c3\u03b8\u03b1\u03b9: \u03bd\u1fe6\u03bd \u03b4\u1f72 \u1f15\u03c4\u03b5\u1fe4 \u1f04\u03c4\u03c4\u03b1\n<lb />\u1f10\u03c0\u03ad\u03bb\u03b8\u03c9\u03bc\u03b5\u03bd, \u03b5\u1f30 \u03b4\u03bf\u03ba\u03b5\u1fd6, \u03ba\u03b1\u1f76 \u03c0\u03c1\u1ff6\u03c4\u03cc\u03bd \u03b3\u03b5 \u03b1\u1f50\u03c4\u1f78 \u03c4\u03bf\u1fe6\u03c4\u03bf \u03c4\u1f78 \u1f04\u03c4\u03c4\u03b1\n<lb />\u03bc\u1f74 \u03b4\u03b1\u03c3\u03ad\u03c9\u03c2, \u1f00\u03bb\u03bb\u1f70 \u03c8\u03b9\u03bb\u1ff6\u03c2 \u1f10\u03be\u03b5\u03bd\u03b5\u03b3\u03ba\u03b5\u1fd6\u03bd: <del status=\"unremarkable\">\u1f40\u03c1\u03b8\u1ff6\u03c2 \u03c6\u03b1\u03af\u03bd\u03b5\u03c4\u03b1\u03b9 \u1fe5\u03b7\u03b8\u1f72\u03bd\n<lb />\u03bc\u03b5\u03c4\u1f70 \u03c4\u03bf\u1fe6 \u1f15\u03c4\u03b5\u03c1\u03b1 \u03c3\u03c5\u03bd\u03c4\u03b9\u03b8\u03ad\u03bc\u03b5\u03bd\u03bf\u03bd:</del> \u03bc\u1f74 \u03b3\u1f70\u03c1 \u03bf\u1f55\u03c4\u03c9\u03c2 \u1f04\u03bb\u03bf\u03b3\u03bf\u03bd\n<lb />\u1f26\u03bd \u1f04\u03bd. \u1f14\u03c0\u03b5\u03b9\u03c4\u03b1 \u03c4\u1f78 \u03c4\u1fc6\u03c2 \u1f55\u03b2\u03c1\u03b5\u03c9\u03c2, \u1f25\u03bd \u03bc\u03b5 \u03c6\u1f74\u03c2 \u1f51\u03b2\u03c1\u03af\u03c3\u03b1\u03b9 \u03c3\u03b5, \u03b5\u1f30\n<lb />\u03bc\u1f74 \u03bf\u1f55\u03c4\u03c9 \u03bb\u03ad\u03b3\u03bf\u03b9\u03bc\u03b9, \u1f00\u03bb\u03bb\u0313 \u03b5\u1f30\u03c2 \u03c3\u03ad, \u03c6\u03b1\u03af\u03b7\u03bd \u1f34\u03b4\u03b9\u03bf\u03bd.\n<pb id=\"p.409\" />\n            </p>\n         </sp>\n         <sp>\n            <speaker>\u03c3\u03bf\u03bb\u03bf\u03b9\u03ba\u03b9\u03c3\u03c4\u03ae\u03c2</speaker>\n            <p>\n               <lb /> \u1f18\u03b3\u1f7c \u03bc\u1f72\u03bd \u03bf\u1f50\u03ba \u1f14\u03c7\u03c9 \u03b5\u1f30\u03c0\u03b5\u1fd6\u03bd.\n</p>\n         </sp>\n         <sp>\n            <speaker>\u039b\u03c5\u03ba\u1fd6\u03bd\u03bf\u03c2</speaker>\n            <p>\n               <lb /> \u1f4d\u03c4\u03b9 \u03c4\u1f78 \u03bc\u1f72\u03bd \u03c3\u1f72 \u1f51\u03b2\u03c1\u03af\u03b6\u03b5\u03b9\u03bd \u03c4\u1f78 \u03c3\u1ff6\u03bc\u03ac \u1f10\u03c3\u03c4\u03b9 \u03c4\u1f78 \u03c3\u1f78\u03bd\n<lb />\u1f24\u03c4\u03bf\u03b9 \u03c0\u03bb\u03b7\u03b3\u03b1\u1fd6\u03c2 \u1f22 \u03b4\u03b5\u03c3\u03bc\u03bf\u1fd6\u03c2 \u1f22 \u03ba\u03b1\u1f76 \u1f04\u03bb\u03bb\u1ff3 \u03c4\u03c1\u03cc\u03c0\u1ff3, \u03c4\u1f78 \u03b4\u1f72 \u1f10\u03c2 \u03c3\u03ad,\n<lb />\u1f45\u03c4\u03b1\u03bd \u03b5\u1f34\u03c2 \u03c4\u03b9 \u03c4\u1ff6\u03bd \u03c3\u1ff6\u03bd \u03b3\u03af\u03b3\u03bd\u03b7\u03c4\u03b1\u03b9 \u1f21 \u1f55\u03b2\u03c1\u03b9\u03c2: \u03ba\u03b1\u1f76 \u03b3\u1f70\u03c1 \u1f45\u03c3\u03c4\u03b9\u03c2 \u03b3\u03c5\u03bd\u03b1\u1fd6\u03ba\u03b1 <pb id=\"reitz.v.2.p.581\" />\n               <lb />\u03c6\u03af\u03bb\u03bf\u03bd \u03ba\u03b1\u1f76 \u1f45\u03c3\u03c4\u03b9\u03c2 \u03b3\u03b5 \u03bf\u1f30\u03ba\u03ad\u03c4\u03b7\u03bd. \u03c0\u03bb\u1f74\u03bd \u03b3\u1f70\u03c1 \u03c0\u03b5\u03c1\u1f76 \u03c0\u03c1\u03b1\u03b3\u03bc\u03ac\u03c4\u03c9\u03bd\n<lb />\u03bf\u1f55\u03c4\u03c9\u03c2 \u1f14\u03c7\u03b5\u03b9 \u03c3\u03bf\u03b9: \u1f10\u03c0\u03b5\u1f76 \u03c4\u1f78 \u1f10\u03c2 \u03c0\u03c1\u1fb6\u03b3\u03bc\u03b1 \u1f51\u03b2\u03c1\u03af\u03b6\u03b5\u03b9\u03bd \u03bb\u03ad\u03bb\u03b5\u03ba\u03c4\u03b1\u03b9,\n<lb />\u03bf\u1f37\u03bf\u03bd \u1f10\u03c2 \u03c4\u1f74\u03bd \u03c0\u03b1\u03c1\u03bf\u03b9\u03bc\u03af\u03b1\u03bd, \u1f61\u03c2 \u1f41 \u03a0\u03bb\u03ac\u03c4\u03c9\u03bd \u03c6\u03b7\u03c3\u1f76\u03bd \u1f10\u03bd \u03c4\u1ff7 \u03a3\u03c5\u03bc\u03c0\u03bf\u03c3\u03af\u1ff3.\n</p>\n         </sp>\n         <sp>\n            <speaker>\u03c3\u03bf\u03bb\u03bf\u03b9\u03ba\u03b9\u03c3\u03c4\u03ae\u03c2</speaker>\n            <p>\n               <lb /> \u039a\u03b1\u03c4\u03b1\u03bd\u03bf\u1ff6 \u03c4\u1f78 \u03b4\u03b9\u03ac\u03c6\u03bf\u03c1\u03bf\u03bd.\n</p>\n         </sp>\n         <sp>\n            <speaker>\u039b\u03c5\u03ba\u1fd6\u03bd\u03bf\u03c2</speaker>\n            <p>\n               <lb /> \u1f0e\u1fe4 \u03bf\u1f56\u03bd \u03ba\u03b1\u1f76 \u03c4\u03bf\u1fe6\u03c4\u03bf \u03ba\u03b1\u03c4\u03b1\u03bd\u03bf\u03b5\u1fd6\u03c2, \u1f45\u03c4\u03b9 \u03c4\u1f78 \u03c4\u03b1\u1fe6\u03c4\u03ac\n<lb />\u1f51\u03c0\u03b1\u03bb\u03bb\u03ac\u03c4\u03c4\u03b5\u03b9\u03bd \u03c3\u03bf\u03bb\u03bf\u03b9\u03ba\u03af\u03b6\u03b5\u03b9\u03bd \u03ba\u03b1\u03bb\u03bf\u1fe6\u03c3\u03b9\u03bd;\n</p>\n         </sp>\n         <sp>\n            <speaker>\u03c3\u03bf\u03bb\u03bf\u03b9\u03ba\u03b9\u03c3\u03c4\u03ae\u03c2</speaker>\n            <p>\n               <lb /> \u1f08\u03bb\u03bb\u1f70 \u03b4\u1f72 \u03c4\u1f78 \u1f51\u03c0\u03b1\u03bb\u03bb\u03ac\u03c4\u03c4\u03b5\u03b9\u03bd \u03b5\u1f34 \u03c4\u03b9\u03c2 \u1f10\u03bd\u03b1\u03bb\u03bb\u03ac\u03c4\u03c4\u03b5\u03b9\u03bd\n<lb />\u03bb\u03ad\u03b3\u03b5\u03b9, \u03c4\u03af \u03c3\u03bf\u03b9 \u03b4\u03cc\u03be\u03b5\u03b9 \u03bb\u03ad\u03b3\u03b5\u03b9\u03bd;\n</p>\n         </sp>\n         <sp>\n            <speaker>\u03c3\u03bf\u03bb\u03bf\u03b9\u03ba\u03b9\u03c3\u03c4\u03ae\u03c2</speaker>\n            <p>\n               <lb /> \u1f18\u03bc\u03bf\u1f76 \u03bc\u1f72\u03bd \u03c4\u03b1\u1f50\u03c4\u1f78\u03bd \u03bb\u03ad\u03b3\u03b5\u03b9\u03bd \u03b4\u03cc\u03be\u03b5\u03b9.\n</p>\n         </sp>\n         <sp>\n            <speaker>\u039b\u03c5\u03ba\u1fd6\u03bd\u03bf\u03c2</speaker>\n            <p>\n               <lb /> \u039a\u03b1\u1f76 \u03c0\u1ff6\u03c2 \u1f02\u03bd \u03b5\u1f34\u03b7 \u03c4\u03b1\u1f50\u03c4\u1f78\u03bd \u03c4\u1ff7 \u1f51\u03c0\u03b1\u03bb\u03bb\u03ac\u03c4\u03c4\u03b5\u03b9\u03bd \u03c4\u1f78\n<lb />\u1f10\u03bd\u03b1\u03bb\u03bb\u03ac\u03c4\u03c4\u03b5\u03b9\u03bd, \u03b5\u1f34\u03c0\u03b5\u03c1 \u03c4\u1f78 \u03bc\u1f72\u03bd \u1f11\u03c4\u03ad\u03c1\u03bf\u03c5 \u03c0\u03c1\u1f78\u03c2 \u1f15\u03c4\u03b5\u03c1\u03bf\u03bd \u03b3\u03af\u03b3\u03bd\u03b5\u03c4\u03b1\u03b9,\n<lb />\u03c4\u03bf\u1fe6 \u03bc\u1f74 \u1f40\u03c1\u03b8\u03bf\u1fe6 \u03c0\u03c1\u1f78\u03c2 \u03c4\u1f78 \u1f40\u03c1\u03b8\u03cc\u03bd, \u03c4\u1f78 \u03b4\u1f72 \u03c4\u03bf\u1fe6 \u03bc\u1f74 \u1f44\u03bd\u03c4\u03bf\u03c2 \u03c0\u03c1\u1f78\u03c2 \u03c4\u1f78 \u1f44\u03bd;\n</p>\n         </sp>\n         <sp>\n            <speaker>\u03c3\u03bf\u03bb\u03bf\u03b9\u03ba\u03b9\u03c3\u03c4\u03ae\u03c2</speaker>\n            <p>\n               <lb /> \u039a\u03b1\u03c4\u03ad\u03bc\u03b1\u03b8\u03bf\u03bd \u1f45\u03c4\u03b9 \u03c4\u1f78 \u03bc\u1f72\u03bd \u1f51\u03c0\u03b1\u03bb\u03bb\u03ac\u03c4\u03c4\u03b5\u03b9\u03bd \u03c4\u1f78 \u03bc\u1f74 \u03ba\u03cd\u03c1\u03b9\u03bf\u03bd\n<lb />\u1f00\u03bd\u03c4\u1f76 \u03c4\u03bf\u1fe6 \u03ba\u03c5\u03c1\u03af\u03bf\u03c5 \u03bb\u03ad\u03b3\u03b5\u03b9\u03bd \u1f10\u03c3\u03c4\u03af, \u03c4\u1f78 \u03b4\u0313 \u1f10\u03bd\u03b1\u03bb\u03bb\u03ac\u03c4\u03c4\u03b5\u03b9\u03bd \u03c0\u03bf\u03c4\u1f72\n<lb />\u03bc\u1f72\u03bd \u03c4\u1ff7 \u03ba\u03c5\u03c1\u03af\u1ff3, \u03c0\u03bf\u03c4\u1f72 \u03b4\u1f72 \u03c4\u1ff7 \u03bc\u1f74 \u03ba\u03c5\u03c1\u03af\u1ff3 \u03c7\u03c1\u1fc6\u03c3\u03b8\u03b1\u03b9.\n</p>\n         </sp>\n         <sp>\n            <speaker>\u039b\u03c5\u03ba\u1fd6\u03bd\u03bf\u03c2</speaker>\n            <p>\n               <lb /> \u1f1c\u03c7\u03b5\u03b9 \u03c4\u03b9\u03bd\u1f70 \u03ba\u03b1\u1f76 \u03c4\u03b1\u1fe6\u03c4\u03b1 \u03ba\u03b1\u03c4\u03b1\u03bd\u03cc\u03b7\u03c3\u03b9\u03bd \u03bf\u1f50\u03ba \u1f04\u03c7\u03b1\u03c1\u03b9\u03bd,\n<lb />\u03c4\u1f78 \u03b4\u1f72 \u03c3\u03c0\u03bf\u03c5\u03b4\u03ac\u03b6\u03b5\u03b9\u03bd \u03c0\u03c1\u03cc\u03c2 \u03c4\u03b9\u03bd\u03b1 \u03c4\u1f74\u03bd \u03bf\u1f30\u03ba\u03b5\u03af\u03b1\u03bd \u1f60\u03c6\u03ad\u03bb\u03b5\u03b9\u03b1\u03bd \u03c4\u03bf\u1fe6 <pb id=\"reitz.v.2.p.582\" />\n               <lb />\u03c3\u03c0\u03bf\u03c5\u03b4\u03ac\u03b6\u03bf\u03bd\u03c4\u03bf\u03c2 \u1f10\u03bc\u03c6\u03b1\u03af\u03bd\u03b5\u03b9, \u03c4\u1f78 \u03b4\u1f72 \u03c0\u03b5\u03c1\u03af \u03c4\u03b9\u03bd\u03b1 \u03c4\u1f74\u03bd \u1f10\u03ba\u03b5\u03af\u03bd\u03bf\u03c5 \u03c0\u03b5\u03c1\u1f76\n<lb />\u1f45\u03bd \u03c3\u03c0\u03bf\u03c5\u03b4\u03ac\u03b6\u03b5\u03b9. \u03ba\u03b1\u1f76 \u03c4\u03b1\u1fe6\u03c4\u03b1 \u1f34\u03c3\u03c9\u03c2 \u03bc\u1f72\u03bd \u1f51\u03c0\u03bf\u03c3\u03c5\u03b3\u03ba\u03ad\u03c7\u03c5\u03c4\u03b1\u03b9, \u1f34\u03c3\u03c9\u03c2\n<lb />\u03b4\u1f72 \u03ba\u03b1\u1f76 \u1f00\u03ba\u03c1\u03b9\u03b2\u03bf\u1fe6\u03c4\u03b1\u03b9 \u03c0\u03b1\u03c1\u03ac \u03c4\u03b9\u03c3\u03af: \u03b2\u03ad\u03bb\u03c4\u03b9\u03bf\u03bd \u03b4\u1f72 \u03c4\u1f78 \u1f00\u03ba\u03c1\u03b9\u03b2\u03bf\u1fe6\u03bd \u1f11\u03ba\u03ac\u03c3\u03c4\u1ff3.\n</p>\n         </sp>\n         <sp>\n            <speaker>\u03c3\u03bf\u03bb\u03bf\u03b9\u03ba\u03b9\u03c3\u03c4\u03ae\u03c2</speaker>\n            <p>\n               <lb /> \u1f48\u03c1\u03b8\u1ff6\u03c2 \u03b3\u1f70\u03c1 \u03bb\u03ad\u03b3\u03b5\u03b9\u03c2.\n</p>\n         </sp>\n         <sp>\n            <speaker>\u039b\u03c5\u03ba\u1fd6\u03bd\u03bf\u03c2</speaker>\n            <p>\n               <lb />\n               </p></sp></body></text></TEI.2> <?xml version=\"1.0\" encoding=\"utf-8\"?>\n<TEI.2><text><body><sp><p><milestone unit=\"section\" n=\"11\" /> \u03a4\u03cc \u03b3\u03b5 \u03bc\u1f74\u03bd \u03ba\u03b1\u03b8\u03ad\u03b6\u03b5\u03c3\u03b8\u03b1\u03b9 \u03ba\u03b1\u1f76\n<lb />\u03c4\u1f78 \u03ba\u03ac\u03b8\u03b9\u03c3\u03bf\u03bd \u03c4\u03bf\u1fe6 \u03ba\u03ac\u03b8\u03b7\u03c3\u03bf \u1f06\u1fe4 \u03bf\u1f36\u03c3\u03b8\u0313 \u1f45\u03c4\u03b9 \u03b4\u03b9\u03b5\u03bd\u03ae\u03bd\u03bf\u03c7\u03b5\u03bd;\n<pb id=\"p.410\" />\n            </p>\n         </sp>\n         <sp>\n            <speaker>\u03c3\u03bf\u03bb\u03bf\u03b9\u03ba\u03b9\u03c3\u03c4\u03ae\u03c2</speaker>\n            <p>\n               <lb /> \u039f\u1f50\u03ba \u03bf\u1f36\u03b4\u03b1. \u03c4\u1f78 \u03ba\u03b1\u03b8\u03ad\u03c3\u03b8\u03b7\u03c4\u03b9 \u1f24\u03ba\u03bf\u03c5\u03cc\u03bd \u03c3\u03bf\u03c5 \u03bb\u03b5\u03b3\u03bf\u03bd\u03c4\u03bf\u03c2 \u1f61\u03c2 \u1f14\u03c3\u03c4\u03b9\u03bd \u1f14\u03ba\u03c6\u03c5\u03bb\u03bf\u03bd.\n</p>\n         </sp>\n         <sp>\n            <speaker>\u039b\u03c5\u03ba\u1fd6\u03bd\u03bf\u03c2</speaker>\n            <p>\n               <lb /> \u039a\u03b1\u1f76 \u1f40\u03c1\u03b8\u1ff6\u03c2 \u03b3\u03b5 \u1f24\u03ba\u03bf\u03c5\u03c3\u03b1\u03c2. \u1f00\u03bb\u03bb\u1f70 \u03c4\u1f78 \u03ba\u03ac\u03b8\u03b9\u03c3\u03bf\u03bd \u03c4\u03bf\u1fe6\n<lb />\u03ba\u03ac\u03b8\u03b7\u03c3\u03bf \u03b4\u03b9\u03b1\u03c6\u03ad\u03c1\u03b5\u03b9\u03bd \u03c6\u03b7\u03bc\u03af.\n</p>\n         </sp>\n         <sp>\n            <speaker>\u03c3\u03bf\u03bb\u03bf\u03b9\u03ba\u03b9\u03c3\u03c4\u03ae\u03c2</speaker>\n            <p>\n               <lb /> \u039a\u03b1\u1f76 \u03c4\u1ff7 \u03c0\u03bf\u03c4\u0313 \u1f02\u03bd \u03b5\u1f34\u03b7 \u03b4\u03b9\u03b1\u03c6\u03ad\u03c1\u03bf\u03bd;\n</p>\n         </sp>\n         <sp>\n            <speaker>\u039b\u03c5\u03ba\u1fd6\u03bd\u03bf\u03c2</speaker>\n            <p>\n               <lb /> \u03a4\u1ff7 \u03c4\u1f78 \u03bc\u1f72\u03bd \u03c0\u03c1\u1f78\u03c2 \u03c4\u1f78\u03bd \u1f11\u03c3\u03c4\u1ff6\u03c4\u03b1 \u03bb\u03ad\u03b3\u03b5\u03c3\u03b8\u03b1\u03b9 \u03c4\u1f78 \u03ba\u03ac\u03b8\u03b9\u03c3\u03bf\u03bd,\n<lb />\u03c4\u1f78 \u03b4\u1f72 \u03c0\u03c1\u1f78\u03c2 \u03c4\u1f78\u03bd \u03ba\u03b1\u03b8\u03b5\u03b6\u03cc\u03bc\u03b5\u03bd\u03bf\u03bd:\n<lb />\u1f27\u03c2\u1fbf, \u1f66 \u03be\u03b5\u1fd6\u03bd\u0313, \u1f21\u03bc\u03b5\u1fd6\u03c2 \u03b4\u1f72 \u03ba\u03b1\u1f76 \u1f04\u03bb\u03bb\u03bf\u03b8\u03b9 \u03b4\u03ae\u03bf\u03bc\u03b5\u03bd \u1f15\u03b4\u03c1\u03b7\u03bd,\n<lb />\u1f00\u03bd\u03c4\u1f76 \u03c4\u03bf\u1fe6 \u03bc\u03ad\u03bd\u03b5 \u03ba\u03b1\u03b8\u03b5\u03b6\u03cc\u03bc\u03b5\u03bd\u03bf\u03c2. \u03c0\u03ac\u03bb\u03b9\u03bd \u03bf\u1f56\u03bd \u03b5\u1f30\u03c1\u03ae\u03c3\u03b8\u03c9 \u1f45\u03c4\u03b9 \u03c4\u1f78\n<lb />\u03c4\u03b1\u1fe6\u03c4\u03b1 \u03c0\u03b1\u03c1\u03b1\u03bb\u03bb\u03ac\u03c4\u03c4\u03b5\u03b9\u03bd \u1f01\u03bc\u03b1\u03c1\u03c4\u03ac\u03bd\u03b5\u03b9\u03bd \u1f10\u03c3\u03c4\u03af. \u03c4\u1f78 \u03b4\u1f72 \u03ba\u03b1\u03b8\u03af\u03b6\u03c9 \u03c4\u03bf\u1fe6\n<lb />\n               <pb id=\"reitz.v.2.p.583\" /> \u1fbf\u03ba\u03b1\u03b8\u03ad\u03b6\u03bf\u03bc\u03b1\u03b9 \u1f06\u03c1\u03ac \u03c3\u03bf\u03b9 \u03b4\u03bf\u03ba\u03b5\u1fd6 \u03bc\u03b9\u03ba\u03c1\u1ff7 \u03c4\u03b9\u03bd\u03b9 \u03b4\u03b9\u03b1\u03c6\u03ad\u03c1\u03b5\u03b9\u03bd; \u03b5\u1f34\u03c0\u03b5\u03c1 \u03c4\u1f78\n<lb />\u03bc\u1f72\u03bd \u03ba\u03b1\u1f76 \u1f15\u03c4\u03b5\u03c1\u03bf\u03bd \u03b4\u03c1\u1ff6\u03bc\u03b5\u03bd, \u03c4\u1f78 \u03ba\u03b1\u03b8\u03af\u03b6\u03b5\u03b9\u03bd \u03bb\u03ad\u03b3\u03c9, \u03c4\u1f78 \u03b4\u1f72 \u03bc\u03cc\u03bd\u03bf\u03c5\u03c2\n<lb />\u1f21\u03bc\u1fb6\u03c2 \u03b1\u1f50\u03c4\u03bf\u1f7a\u03c2 \u03c4\u1f78 \u03ba\u03b1\u03b8\u03ad\u03b6\u03b5\u03c3\u03b8\u03b1\u03b9.\n</p>\n         </sp>\n         <sp>\n            <speaker>\u03c3\u03bf\u03bb\u03bf\u03b9\u03ba\u03b9\u03c3\u03c4\u03ae\u03c2</speaker>\n            <p>\n               <lb />\n               </p></sp></body></text></TEI.2> <?xml version=\"1.0\" encoding=\"utf-8\"?>\n<TEI.2><text><body><sp><p><milestone unit=\"section\" n=\"12\" /> \u039a\u03b1\u1f76 \u03c4\u03b1\u1fe6\u03c4\u03b1 \u1f31\u03ba\u03b1\u03bd\u1ff6\u03c2 \u03b4\u03b9\u03b5\u03bb\u03ae\u03bb\u03c5\u03b8\u03b1\u03c2, \u03ba\u03b1\u1f76 \u03b4\u1f74\n<lb />\u03bb\u03ad\u03b3\u03b5: \u03bf\u1f55\u03c4\u03c9 \u03b3\u03ac\u03c1 \u03c3\u03b5 \u03b4\u03b5\u1fd6 \u03c0\u03c1\u03bf\u03b4\u03b9\u03b4\u03ac\u03c3\u03ba\u03b5\u03b9\u03bd.\n</p>\n         </sp>\n         <sp>\n            <speaker>\u039b\u03c5\u03ba\u1fd6\u03bd\u03bf\u03c2</speaker>\n            <p>\n               <lb /> \u1f19\u03c4\u03ad\u03c1\u03c9\u03c2 \u03b3\u1f70\u03c1 \u03bb\u03ad\u03b3\u03bf\u03bd\u03c4\u03bf\u03c2 \u03bf\u1f50 \u03ba\u03b1\u03c4\u03b1\u03bd\u03bf\u03b5\u1fd6\u03c2; \u03bf\u1f50\u03ba \u03bf\u1f36\u03c3\u03b8\u03b1\n<lb />\u03bf\u1f37\u03cc\u03bd \u1f10\u03c3\u03c4\u03b9 \u03be\u03c5\u03b3\u03b3\u03c1\u03b1\u03c6\u03b5\u1f7a\u03c2 \u1f00\u03bd\u03ae\u03c1;\n</p>\n         </sp>\n         <sp>\n            <speaker>\u03c3\u03bf\u03bb\u03bf\u03b9\u03ba\u03b9\u03c3\u03c4\u03ae\u03c2</speaker>\n            <p>\n               <lb /> \u03a0\u03ac\u03bd\u03c5 \u03bf\u1f36\u03b4\u03b1 \u03bd\u1fe6\u03bd \u03b3\u03ad \u03c3\u03bf\u03c5 \u1f00\u03ba\u03bf\u03cd\u03c3\u03b1\u03c2 \u03c4\u03b1\u1fe6\u03c4\u03b1 \u03bb\u03ad\u03b3\u03bf\u03bd\u03c4\u03bf\u03c2.\n</p>\n         </sp>\n         <sp>\n            <speaker>\u039b\u03c5\u03ba\u1fd6\u03bd\u03bf\u03c2</speaker>\n            <p>\n               <lb /> \u1f18\u03c0\u03b5\u1f76 \u03ba\u03b1\u1f76 \u03c4\u1f78 \u03ba\u03b1\u03c4\u03b1\u03b4\u03bf\u03c5\u03bb\u03bf\u1fe6\u03bd \u03c3\u1f7a \u03bc\u1f72\u03bd \u1f34\u03c3\u03c9\u03c2 \u03c4\u03b1\u1f50\u03c4\u1f78\u03bd\n<lb />\u03c4\u1ff7 \u03ba\u03b1\u03c4\u03b1\u03b4\u03bf\u03c5\u03bb\u03bf\u1fe6\u03c3\u03b8\u03b1\u03b9 \u03bd\u03b5\u03bd\u03cc\u03bc\u03b9\u03ba\u03b1\u03c2, \u1f10\u03b3\u1f7c \u03b4\u1f72 \u03bf\u1f36\u03b4\u03b1 \u03b4\u03b9\u03b1\u03c6\u03bf\u03c1\u1f70\u03bd \u03bf\u1f50\u03ba \u1f40\u03bb\u03af\u03b3\u03b7\u03bd \u1f14\u03c7\u03bf\u03bd.\n</p>\n         </sp>\n         <sp>\n            <speaker>\u03c3\u03bf\u03bb\u03bf\u03b9\u03ba\u03b9\u03c3\u03c4\u03ae\u03c2</speaker>\n            <p>\n               <lb /> \u03a4\u03af\u03bd\u03b1 \u03c4\u03b1\u03cd\u03c4\u03b7\u03bd;\n</p>\n         </sp>\n         <sp>\n            <speaker>\u039b\u03c5\u03ba\u1fd6\u03bd\u03bf\u03c2</speaker>\n            <p>\n               <lb /> \u1f4d\u03c4\u03b9 \u03c4\u1f78 \u03bc\u1f72\u03bd \u1f11\u03c4\u03ad\u03c1\u1ff3 \u03c4\u1f78 \u03ba\u03b1\u03c4\u03b1\u03b4\u03bf\u03c5\u03bb\u03bf\u1fe6\u03bd, \u03c4\u1f78 \u03b4\u0313 \u1f11\u03b1\u03c5\u03c4\u1ff7 \u03b3\u03af\u03b3\u03bd\u03b5\u03c4\u03b1\u03b9.\n</p>\n         </sp>\n         <sp>\n            <speaker>\u03c3\u03bf\u03bb\u03bf\u03b9\u03ba\u03b9\u03c3\u03c4\u03ae\u03c2</speaker>\n            <p>\n               <lb /> \u039a\u03b1\u03bb\u1ff6\u03c2 \u03bb\u03ad\u03b3\u03b5\u03b9\u03c2.\n</p>\n         </sp>\n         <sp>\n            <speaker>\u039b\u03c5\u03ba\u1fd6\u03bd\u03bf\u03c2</speaker>\n            <p>\n               <lb /> \u039a\u03b1\u1f76 \u1f04\u03bb\u03bb\u03b1 \u03b4\u03ad \u03c3\u03bf\u03b9 \u03c0\u03bf\u03bb\u03bb\u1f70 \u1f51\u03c0\u03ac\u03c1\u03c7\u03b5\u03b9 \u03bc\u03b1\u03bd\u03b8\u03ac\u03bd\u03b5\u03b9\u03bd,\n<lb />\u03b5\u1f34\u03c0\u03b5\u03c1 \u03bc\u1f74 \u03b1\u1f50\u03c4\u1f78\u03c2 \u03b5\u1f30\u03b4\u03ad\u03bd\u03b1\u03b9 \u03bf\u1f50\u03ba \u03b5\u1f30\u03b4\u1f7c\u03c2 \u03b4\u03cc\u03be\u03b5\u03b9\u03c2\n</p>\n         </sp>\n         <sp>\n            <speaker>\u03c3\u03bf\u03bb\u03bf\u03b9\u03ba\u03b9\u03c3\u03c4\u03ae\u03c2</speaker>\n            <p>\n               <lb /> \u1f08\u03bb\u03bb\u0313 \u03bf\u1f50\u03ba \u1f02\u03bd \u03b4\u03cc\u03be\u03b1\u03b9\u03bc\u03b9.\n</p>\n         </sp>\n         <sp>\n            <speaker>\u039b\u03c5\u03ba\u1fd6\u03bd\u03bf\u03c2</speaker>\n            <p>\n               <lb /> \u039f\u1f50\u03ba\u03bf\u1fe6\u03bd \u03c4\u1f70 \u03bb\u03bf\u03b9\u03c0\u1f70 \u1f10\u03c3\u03b1\u1fe6\u03b8\u03b9\u03c2 \u1f00\u03bd\u03b1\u03b2\u03b1\u03bb\u03ce\u03bc\u03b5\u03b8\u03b1, \u03bd\u1fe6\u03bd\n<lb />\u03b4\u1f72 \u03b4\u03b9\u03b1\u03bb\u03cd\u03c3\u03c9\u03bc\u03b5\u03bd \u03c4\u1f78\u03bd \u03b4\u03b9\u03ac\u03bb\u03bf\u03b3\u03bf\u03bd.\n</p>\n         </sp>\n      </body>\n   </text>\n</TEI.2>"}]}