{"name": "Juppiter Confuatus", "author": "Lucian", "numBooks": 1, "booksRaw": [{"bookNumber": 1, "bookText": "<?xml version=\"1.0\" encoding=\"utf-8\"?>\n<TEI.2><text><body><div1 org=\"uniform\" sample=\"complete\"><sp><p><milestone unit=\"section\" n=\"1\" /> \u1f10\u03b3\u1f7c \u03b4\u03ad, \u03c9 \u0396\u03b5\u1fe6, \u03c4\u1f70 \u03bc\u1f72\u03bd \u03c4\u03bf\u03b9\u03b1\u1fe6\u03c4\u03b1 \u03bf\u1f51\u03ba \u1f10\u03bd\u03bf\u03c7\u03bb\u03ae\u03c3\u03c9\n\u03c3\u03b5 \u03c0\u03bb\u03bf\u1fe6\u03c4\u03bf\u03bd \u1f22 \u03c7\u03c1\u03c5\u03c3\u1f78\u03bd \u1f22 \u03b2\u03b1\u03c3\u03b9\u03bb\u03b5\u03af\u03b1\u03bd \u03b1\u1f30\u03c4\u1ff6\u03bd, \u1f05\u03c0\u03b5\u03c1\n\u03b5\u1f50\u03ba\u03c4\u03b1\u03b9\u03cc\u03c4\u03b1\u03c4\u03b1 \u03c4\u03bf\u1fd6\u03c2 \u03c0\u03bf\u03bb\u03bb\u03bf\u1fd6\u03c2, \u03c3\u03bf\u1f76 \u03b4\u1fbd \u03bf\u1f50 \u03c0\u03ac\u03bd\u03c5 \u1fe5\u1fb4\u03b4\u03b9\u03b1 \u03c0\u03b1\u03c1\u03b1\u03c3\u03c7\u03b5\u1fd6\u03bd \u1f41\u03c1\u1ff6 \u03b3\u03bf\u1fe6\u03bd \u03c3\u03b5 \u03c4\u1f70 \u03c0\u03bf\u03bb\u03bb\u1f70 \u03c0\u03b1\u03c1\u03b1\u03ba\u03bf\u03cd\u03bf\u03bd\u03c4\u03b1\n\u03b5\u1f50\u03c7\u03bf\u03bc\u03ad\u03bd\u03c9\u03bd \u03b1\u1f50\u03c4\u1ff6\u03bd. \u1f13\u03bd \u03b4\u03ad, \u03ba\u03b1\u1f76 \u03c4\u03bf\u1fe6\u03c4\u03bf \u1fe5\u1fb7\u03c3\u03c4\u03bf\u03bd, \u1f10\u03b2\u03bf\u03c5\u03bb\u03cc\u03bc\u03b7\u03bd \u03c0\u03b1\u03c1\u1f70 \u03c3\u03bf\u1fe6 \u03bc\u03bf\u03b9 \u03b3\u03b5\u03bd\u03ad\u03c3\u03b8\u03b1\u03b9.\n</p>\n            </sp>\n            <sp>\n               <speaker>\u0396\u03b5\u03cd\u03c2</speaker>\n               <p>\n\u03c4\u03af  \u03c4\u03bf\u1fe6\u03c4\u03cc \u1f10\u03c3\u03c4\u03b9\u03bd, \u1f66 \u039a\u03c5\u03bd\u03af\u03c3\u03ba\u03b5; \u03bf\u1f50 \u03b3\u1f70\u03c1 \u1f00\u03c4\u03c5\u03c7\u03ae\u03c3\u03b5\u03b9\u03c2, \u03ba\u03b1\u1f76 \u03bc\u03ac\u03bb\u03b9\u03c3\u03c4\u03b1 \u03bc\u03b5\u03c4\u03c1\u03af\u03c9\u03bd, \u1f61\u03c2 \u03c6\u03ae\u03c2, \u03b4\u03b5\u03cc\u03bc\u03b5\u03bd\u03bf\u03c2.\n</p>\n            </sp>\n            <sp>\n               <speaker>\u039a\u03c5\u03bd\u03af\u03c3\u03ba\u03bf\u03c2</speaker>\n               <p>\n\u1f00\u03c0\u03cc\u03ba\u03c1\u03b9\u03bd\u03b1\u03af \u03bc\u03bf\u03b9 \u03c0\u03c1\u03cc\u03c2 \u03c4\u03b9\u03bd\u03b1 \u03bf\u1f50 \u03c7\u03b1\u03bb\u03b5\u03c0\u1f74\u03bd \u1f10\u03c1\u03ce\u03c4\u03b7\u03c3\u03b9\u03bd.\n</p>\n            </sp>\n            <sp>\n               <speaker>\u0396\u03b5\u03cd\u03c2</speaker>\n               <p>\n\u03bc\u03b9\u03ba\u03c1\u03ac \u03b3\u03b5 \u1f61\u03c2 \u1f00\u03bb\u03b7\u03b8\u1ff6\u03c2 \u1f21 \u03b5\u1f50\u03c7\u1f74 \u03ba\u03b1\u1f76 \u03c0\u03c1\u03cc\u03c7\u03b5\u03b9\u03c1\u03bf\u03c2:\n\u1f65\u03c3\u03c4\u03b5 \u1f10\u03c1\u03ce\u03c4\u03b1 \u1f41\u03c0\u03cc\u03c3\u03b1 \u1f02\u03bd \u1f10\u03b8\u03ad\u03bb\u1fc3\u03c2.\n</p>\n            </sp>\n            <sp>\n               <speaker>\u039a\u03c5\u03bd\u03af\u03c3\u03ba\u03bf\u03c2</speaker>\n               <p> \u1f30\u03b4\u03bf\u1f7a \u03c4\u03b1\u1fe6\u03c4\u03b1, \u1f66 \u0396\u03b5\u1fe6: \u1f00\u03bd\u03ad\u03b3\u03bd\u03c9\u03c2 \u03b3\u1f70\u03c1 \u03b4\u1fc6\u03bb\u03bf\u03bd \u1f45\u03c4\u03b9 \u03ba\u03b1\u1f76\n\u03c3\u1f7a \u03c4\u1f70 \u1f49\u03bc\u03ae\u03c1\u03bf\u03c5 \u03ba\u03b1\u1f76 \u1f29\u03c3\u03b9\u03cc\u03b4\u03bf\u03c5 \u03c0\u03bf\u03b9\u03ae\u03bc\u03b1\u03c4\u03b1: \u03b5\u1f30\u03c0\u1f72 \u03bf\u1f56\u03bd \u03bc\u03bf\u03b9 \u03b5\u1f30 \u1f00\u03bb\u03b7\u03b8\u1fc6 \u1f10\u03c3\u03c4\u03b9\u03bd \u1f03 \u03c0\u03b5\u03c1\u1f76 \u03c4\u1fc6\u03c2 \u0395\u1f31\u03bc\u03b1\u03c1\u03bc\u03ad\u03bd\u03b7\u03c2 \u03ba\u03b1\u1f76 \u03c4\u1ff6\u03bd \u039c\u03bf\u03b9\u03c1\u1ff6\u03bd \u1f10\u03ba\u03b5\u1fd6\u03bd\u03bf\u03b9 \u1f10\u03c1\u03c1\u03b1\u03c8\u1ff3\u03b4\u03ae\u03ba\u03b1\u03c3\u03b9\u03bd, \u1f04\u03c6\u03c5\u03ba\u03c4\u03b1\n\u03b5\u1f36\u03bd\u03b1\u03b9 \u1f41\u03c0\u03cc\u03c3\u03b1 \u1f02\u03bd \u03b1\u1f57\u03c4\u03b1\u03b9 \u1f10\u03c0\u03b9\u03bd\u03ae\u03c3\u03c9\u03c3\u03b9\u03bd \u03b3\u03b5\u03b9\u03bd\u03bf\u03bc\u03ad\u03bd\u1ff3 \u1f11\u03ba\u03ac\u03c3\u03c4\u1ff3;\n<pb id=\"v.2.p.62\" />\n               </p>\n            </sp>\n            <sp>\n               <speaker>\u0396\u03b5\u03cd\u03c2</speaker>\n               <p> \u03ba\u03b1\u1f76 \u03c0\u03ac\u03bd\u03c5 \u1f00\u03bb\u03b7\u03b8\u1fc6 \u03c4\u03b1\u1fe6\u03c4\u03b1: \u03bf\u1f50\u03b4\u1f72\u03bd \u03b3\u03ac\u03c1 \u1f10\u03c3\u03c4\u03b9\u03bd \u1f45 \u03c4\u03b9\n\u03bc\u1f74 \u03b1\u1f31 \u039c\u03bf\u1fd6\u03c1\u03b1\u03b9 \u03b4\u03b9\u03b1\u03c4\u03ac\u03c4\u03c4\u03bf\u03c5\u03c3\u03b9\u03bd, \u1f00\u03bb\u03bb\u1f70 \u03c0\u03ac\u03bd\u03c4\u03b1 \u1f41\u03c0\u03cc\u03c3\u03b1 \u03b3\u03af\u03bd\u03b5\u03c4\u03b1\u03b9, \u1f51\u03c0\u1f78 \u03c4\u1ff7 \u03c4\u03bf\u03cd\u03c4\u03c9\u03bd \u1f00\u03c4\u03c1\u03ac\u03ba\u03c4\u1ff3 \u03c3\u03c4\u03c1\u03b5\u03c6\u03cc\u03bc\u03b5\u03bd\u03b1\n\u03b5\u1f50\u03b8\u1f7a\u03c2 \u1f10\u03be \u1f00\u03c1\u03c7\u1fc6\u03c2 \u1f15\u03ba\u03b1\u03c3\u03c4\u03bf\u03bd \u1f10\u03c0\u03b9\u03ba\u03b5\u03ba\u03bb\u03c9\u03c3\u03bc\u03ad\u03bd\u03b7\u03bd \u1f14\u03c7\u03b5\u03b9 \u03c4\u1f74\u03bd \u1f00\u03c0\u03cc\u03b2\u03b1\u03c3\u03b9\u03bd, \u03ba\u03b1\u1f76 \u03bf\u1f50 \u03b8\u03ad\u03bc\u03b9\u03c2 \u1f04\u03bb\u03bb\u03c9\u03c2 \u03b3\u03b5\u03bd\u03ad\u03c3\u03b8\u03b1\u03b9.\n</p>\n            </sp>\n            <sp>\n               <speaker>\u039a\u03c5\u03bd\u03af\u03c3\u03ba\u03bf\u03c2</speaker>\n               <p>\n                  </p></sp></div1></body></text></TEI.2> <?xml version=\"1.0\" encoding=\"utf-8\"?>\n<TEI.2><text><body><div1 org=\"uniform\" sample=\"complete\"><sp><p><milestone unit=\"section\" n=\"2\" /> \u03bf\u1f50\u03ba\u03bf\u1fe6\u03bd \u1f41\u03c0\u03cc\u03c4\u03b1\u03bd \u1f41 \u03b1\u1f50\u03c4\u1f78\u03c2 \u1f4d\u03bc\u03b7\u03c1\u03bf\u03c2 \u1f10\u03bd \u1f11\u03c4\u03ad\u03c1\u1ff3 \u03bc\u03ad\u03c1\u03b5\u03b9 \u03c4\u1fc6\u03c2 \u03c0\u03bf\u03b9\u03ae\u03c3\u03b5\u03c9\u03c2 \u03bb\u03ad\u03b3\u1fc3,\n\u03bc\u1f74 \u03ba\u03b1\u1f76 \u1f51\u03c0\u1f72\u03c1 \u03bc\u03bf\u1fd6\u03c1\u03b1\u03bd \u03b4\u03cc\u03bc\u03bf\u03bd \u1f0c\u03ca\u03b4\u03bf\u03c2 \u03ba\u03b1\u1f76 \u03c4\u1f70 \u03c4\u03bf\u03b9\u03b1\u1fe6\u03c4\u03b1, \u03bb\u03b7\u03c1\u03b5\u1fd6\u03bd, \u03b4\u03b7\u03bb\u03b1\u03b4\u1f74 \u03c6\u03ae\u03c3\u03bf\u03bc\u03b5\u03bd \u03c4\u03cc\u03c4\u03b5\n\u03b1\u1f50\u03c4\u03cc\u03bd;\n</p>\n            </sp>\n            <sp>\n               <speaker>\u0396\u03b5\u03cd\u03c2</speaker>\n               <p> \u03ba\u03b1\u1f76 \u03bc\u03ac\u03bb\u03b1: \u03bf\u1f50\u03b4\u1f72\u03bd \u03b3\u1f70\u03c1 \u03bf\u1f55\u03c4\u03c9 \u03b3\u03ad\u03bd\u03bf\u03b9\u03c4\u1fbd \u1f02\u03bd \u1f14\u03be\u03c9 \u03c4\u03bf\u1fe6 \u03bd\u03cc\u03bc\u03bf\u03c5 \u03c4\u1ff6\u03bd \u039c\u03bf\u03b9\u03c1\u1ff6\u03bd, \u03bf\u1f50\u03b4\u1f72 \u1f51\u03c0\u1f72\u03c1 \u03c4\u1f78 \u03bb\u03af\u03bd\u03bf\u03bd. \u03bf\u1f31 \u03c0\u03bf\u03b9\u03b7\u03c4\u03b1\u1f76 \u03b4\u1f72 \u1f41\u03c0\u03cc\u03c3\u03b1 \u03bc\u1f72\u03bd \u1f02\u03bd \u1f10\u03ba \u03c4\u1ff6\u03bd \u039c\u03bf\u03c5\u03c3\u1ff6\u03bd \u03ba\u03b1\u03c4\u03b5\u03c7\u03cc\u03bc\u03b5\u03bd\u03bf\u03b9 \u1f81\u03b4\u03c9\u03c3\u03b9\u03bd, \u1f00\u03bb\u03b7\u03b8\u1fc6 \u03c4\u03b1\u1fe6\u03c4\u03ac \u1f10\u03c3\u03c4\u03b9\u03bd \u1f41\u03c0\u03cc\u03c4\u03b1\u03bd \u03b4\u1f72 \u1f00\u03c6\u1ff6\u03c3\u03b9\u03bd \u03b1\u1f50\u03c4\u03bf\u1f7a\u03c2 \u03b1\u1f31 \u03b8\u03b5\u03b1\u1f76 \u03ba\u03b1\u1f76 \u03ba\u03b1\u03b8\u1fbd \u03b1\u1f51\u03c4\u03bf\u1f7a\u03c2 \u03c0\u03bf\u03b9\u1ff6\u03c3\u03b9, \u03c4\u03cc\u03c4\u03b5 \u03b4\u1f74 \u03ba\u03b1\u1f76 \u03c3\u03c6\u03ac\u03bb\u03bb\u03bf\u03bd\u03c4\u03b1\u03b9 \u03ba\u03b1\u1f76 \u1f51\u03c0\u03b5\u03bd\u03b1\u03bd\u03c4\u03af\u03b1 \u03c4\u03bf\u1fd6\u03c2 \u03c0\u03c1\u03cc\u03c4\u03b5\u03c1\u03bf\u03bd \u03b4\u03b9\u03b5\u03be\u03af\u03b1\u03c3\u03b9: \u03ba\u03b1\u1f76 \u03c3\u03c5\u03b3\u03b3\u03bd\u03ce\u03bc\u03b7, \u03b5\u1f30 \u1f04\u03bd\u03b8\u03c1\u03c9\u03c0\u03bf\u03b9 \u1f44\u03bd\u03c4\u03b5\u03c2 \u1f00\u03b3\u03bd\u03bf\u03bf\u1fe6\u03c3\u03b9 \u03c4\u1f00\u03bb\u03b7\u03b8\u03ad\u03c2, \u1f00\u03c0\u03b5\u03bb\u03b8\u03cc\u03bd\u03c4\u03bf\u03c2 \u1f10\u03ba\u03b5\u03af\u03bd\u03bf\u03c5 \u1f43 \u03c4\u03ad\u03c9\u03c2 \u03c0\u03b1\u03c1\u1f78\u03bd \u1f10\u03c1\u03c1\u03b1\u03c8\u1ff4\u03b4\u03b5\u03b9 \u03b4\u03b9\u1fbd \u03b1\u1f50\u03c4\u1ff6\u03bd.\n</p>\n            </sp>\n            <sp>\n               <speaker>\u039a\u03c5\u03bd\u03af\u03c3\u03ba\u03bf\u03c2</speaker>\n               <p> \u1f00\u03bb\u03bb\u1f70 \u03c4\u03bf\u1fe6\u03c4\u03bf \u03bc\u1f72\u03bd \u03bf\u1f55\u03c4\u03c9 \u03c6\u03ae\u03c3\u03bf\u03bc\u03b5\u03bd. \u1f14\u03c4\u03b9 \u03b4\u1f72 \u03ba\u1f00\u03ba\u03b5\u1fd6\u03bd\u03cc \u03bc\u03bf\u03b9 \u1f00\u03c0\u03cc\u03ba\u03c1\u03b9\u03bd\u03b1\u03b9: \u03bf\u1f50 \u03c4\u03c1\u03b5\u1fd6\u03c2 \u03b1\u1f31 \u039c\u03bf\u1fd6\u03c1\u03b1\u03af \u03b5\u1f30\u03c3\u03b9, \u039a\u03bb\u03c9\u03b8\u1f7c \u03ba\u03b1\u1f76 \u039b\u03ac\u03c7\u03b5\u03c3\u03b9\u03c2, \u03bf\u1f36\u03bc\u03b1\u03b9, \u03ba\u03b1\u1f76 \u1f0c\u03c4\u03c1\u03bf\u03c0\u03bf\u03c2;\n</p>\n            </sp>\n            <sp>\n               <speaker>\u0396\u03b5\u03cd\u03c2</speaker>\n               <p> \u03c0\u03ac\u03bd\u03c5 \u03bc\u1f72\u03bd \u03bf\u1f56\u03bd.\n<pb id=\"v.2.p.64\" />\n               </p>\n            </sp>\n            <sp>\n               <speaker>\u039a\u03c5\u03bd\u03af\u03c3\u03ba\u03bf\u03c2</speaker>\n               <p>:\n</p></sp></div1></body></text></TEI.2> <?xml version=\"1.0\" encoding=\"utf-8\"?>\n<TEI.2><text><body><div1 org=\"uniform\" sample=\"complete\"><sp><p><milestone unit=\"section\" n=\"3\" /> \u1f21 \u0395\u1f31\u03bc\u03b1\u03c1\u03bc\u03ad\u03bd\u03b7 \u03c4\u03bf\u03af\u03bd\u03c5\u03bd \u03ba\u03b1\u1f76 \u1f21 \u03a4\u03cd\u03c7\u03b7 \u2014\n\u03c0\u03bf\u03bb\u03c5\u03b8\u03c1\u03cd\u03bb\u03b7\u03c4\u03bf\u03b9 \u03b3\u1f70\u03c1 \u03c0\u03ac\u03bd\u03c5 \u03ba\u03b1\u1f76 \u03b1\u1f57\u03c4\u03b1\u03b9  \u2014 \u03c4\u03af\u03bd\u03b5\u03c2 \u03c0\u03cc\u03c4\u1fbd \u03b5\u1f30\u03c3\u1f76\u03bd\n\u1f24 \u03c4\u03af \u03b4\u03cd\u03bd\u03b1\u03c4\u03b1\u03b9 \u03b1\u1f50\u03c4\u1ff6\u03bd \u1f11\u03ba\u03b1\u03c4\u03ad\u03c1\u03b1; \u03c0\u03cc\u03c4\u03b5\u03c1\u03bf\u03bd \u03c4\u1f70 \u1f34\u03c3\u03b1 \u03c4\u03b1\u1fd6\u03c2 \u039c\u03bf\u03af\u03c1\u03b1\u03b9\u03c2 \u1f24 \u03c4\u03b9 \u03ba\u03b1\u1f76 \u1f51\u03c0\u1f72\u03c1 \u1f10\u03ba\u03b5\u03af\u03bd\u03b1\u03c2; \u1f00\u03ba\u03bf\u03cd\u03c9 \u03b3\u03bf\u1fe6\u03bd \u1f01\u03c0\u03ac\u03bd\u03c4\u03c9\u03bd \u03bb\u03b5\u03b3\u03cc\u03bd\u03c4\u03c9\u03bd, \u03bc\u03b7\u03b4\u1f72\u03bd \u03b5\u1f36\u03bd\u03b1\u03b9 \u03a4\u03cd\u03c7\u03b7\u03c2 \u03ba\u03b1\u1f76 \u0395\u1f31\u03bc\u03b1\u03c1\u03bc\u03ad\u03bd\u03b7\u03c2 \u03b4\u03c5\u03bd\u03b1\u03c4\u03ce\u03c4\u03b5\u03c1\u03bf\u03bd.\n</p>\n            </sp>\n            <sp>\n               <speaker>\u0396\u03b5\u03cd\u03c2</speaker>\n               <p>\n\u03bf\u1f50 \u03b8\u03ad\u03bc\u03b9\u03c2 \u1f05\u03c0\u03b1\u03bd\u03c4\u03ac \u03c3\u03b5 \u03b5\u1f30\u03b4\u03ad\u03bd\u03b1\u03b9, \u1f66 \u039a\u03c5\u03bd\u03af\u03c3\u03ba\u03b5: \u03c4\u03af\u03bd\u03bf\u03c2\n\u03b4\u1fbd \u03bf\u1f56\u03bd \u1f15\u03bd\u03b5\u03ba\u03b1 \u1f20\u03c1\u03ce\u03c4\u03b7\u03c3\u03b1\u03c2 \u03c4\u1f78 \u03c0\u03b5\u03c1\u1f76 \u03c4\u1ff6\u03bd \u039c\u03bf\u03b9\u03c1\u1ff6\u03bd;\n</p>\n            </sp>\n            <sp>\n               <speaker>\u039a\u03c5\u03bd\u03af\u03c3\u03ba\u03bf\u03c2</speaker>\n               <p>\n                  </p></sp></div1></body></text></TEI.2> <?xml version=\"1.0\" encoding=\"utf-8\"?>\n<TEI.2><text><body><div1 org=\"uniform\" sample=\"complete\"><sp><p><milestone unit=\"section\" n=\"4\" /> \u1f22\u03bd \u03c0\u03c1\u03cc\u03c4\u03b5\u03c1\u03cc\u03bd \u03bc\u03bf\u03b9, \u1f66 \u0396\u03b5\u1fe6, \u03ba\u1f00\u03ba\u03b5\u1fd6\u03bd\u03bf \u03b5\u1f34\u03c0\u1fc3\u03c2, \u03b5\u1f30 \u03ba\u03b1\u1f76 \u1f51\u03bc\u1ff6\u03bd \u03b1\u1f57\u03c4\u03b1\u03b9 \u1f04\u03c1\u03c7\u03bf\u03c5\u03c3\u03b9 \u03ba\u03b1\u1f76 \u1f00\u03bd\u03ac\u03b3\u03ba\u03b7 \u1f51\u03bc\u1fd6\u03bd \u1f20\u03c1\u03c4\u1fc6\u03c3\u03b8\u03b1\u03b9 \u1f00\u03c0\u1f78 \u03c4\u03bf\u1fe6 \u03bb\u03af\u03bd\u03bf\u03c5 \u03b1\u1f50\u03c4\u1ff6\u03bd.\n</p>\n            </sp>\n            <sp>\n               <speaker>\u0396\u03b5\u03cd\u03c2</speaker>\n               <p> \u1f00\u03bd\u03ac\u03b3\u03ba\u03b7, \u1f66 \u039a\u03c5\u03bd\u03af\u03c3\u03ba\u03b5. \u03c4\u03af \u03b4\u1fbd \u03bf\u1f56\u03bd \u1f10\u03bc\u03b5\u03b9\u03b4\u03af\u03b1\u03c3\u03b1\u03c2;\n</p>\n            </sp>\n            <sp>\n               <speaker>\u039a\u03c5\u03bd\u03af\u03c3\u03ba\u03bf\u03c2</speaker>\n               <p> \u1f00\u03bd\u03b5\u03bc\u03bd\u03ae\u03c3\u03b8\u03b7\u03bd \u1f10\u03ba\u03b5\u03af\u03bd\u03c9\u03bd \u03c4\u1ff6\u03bd \u1f49\u03bc\u03ae\u03c1\u03bf\u03c5 \u1f10\u03c0\u1ff6\u03bd, \u1f10\u03bd \u03bf\u1f37\u03c2 \u03c0\u03b5\u03c0\u03bf\u03af\u03b7\u03c3\u03b1\u03b9 \u03b1\u1f50\u03c4\u1ff7 \u1f10\u03bd \u03c4\u1fc7 \u1f10\u03ba\u03ba\u03bb\u03b7\u03c3\u03af\u1fb3 \u03c4\u1ff6\u03bd \u03b8\u03b5\u1ff6\u03bd\n\u03b4\u03b7\u03bc\u03b7\u03b3\u03bf\u03c1\u1ff6\u03bd, \u1f41\u03c0\u03cc\u03c4\u03b5 \u1f20\u03c0\u03b5\u03af\u03bb\u03b5\u03b9\u03c2 \u03b1\u1f50\u03c4\u03bf\u1fd6\u03c2 \u1f61\u03c2 \u1f00\u03c0\u1f78 \u03c3\u03b5\u03b9\u03c1\u1fb6\u03c2 \u03c4\u03b9\u03bd\u03bf\u03c2 \u03c7\u03c1\u03c5\u03c3\u1fc6\u03c2 \u1f00\u03bd\u03b1\u03c1\u03c4\u03b7\u03c3\u03cc\u03bc\u03b5\u03bd\u03bf\u03c2 \u03c4\u1f70 \u03c0\u03ac\u03bd\u03c4\u03b1: \u1f14\u03c6\u03b7\u03c3\u03b8\u03b1 \u03b3\u1f70\u03c1 \u03b1\u1f50\u03c4\u1f78\u03c2 \u03bc\u1f72\u03bd \u03c4\u1f74\u03bd \u03c3\u03b5\u03b9\u03c1\u1f70\u03bd \u03ba\u03b1\u03b8\u03ae\u03c3\u03b5\u03b9\u03bd \u1f10\u03be \u03bf\u1f50\u03c1\u03b1\u03bd\u03bf\u1fe6, \u03c4\u03bf\u1f7a\u03c2 \u03b8\u03b5\u03bf\u1f7a\u03c2 \u03b4\u1f72 \u1f05\u03bc\u03b1 \u03c0\u03ac\u03bd\u03c4\u03b1\u03c2, \u03b5\u1f30 \u03b2\u03bf\u03cd\u03bb\u03bf\u03b9\u03bd\u03c4\u03bf,\n\u1f10\u03ba\u03ba\u03c1\u03b5\u03bc\u03b1\u03bc\u03ad\u03bd\u03bf\u03c5\u03c2 \u03ba\u03b1\u03c4\u03b1\u03c3\u03c0\u1fb6\u03bd \u03b2\u03b9\u03ac\u03c3\u03b5\u03c3\u03b8\u03b1\u03b9 \u03bf\u1f50 \u03bc\u1f74\u03bd \u03ba\u03b1\u03c4\u03b1\u03c3\u03c0\u03ac\u03c3\u03b5\u03b9\u03bd \u03b3\u03b5, \u03c3\u1f7a ^ \u03b4\u03ad, \u1f41\u03c0\u03cc\u03c4\u03b1\u03bd \u1f10\u03b8\u03b5\u03bb\u03ae\u03c3\u1fc3\u03c2, \u1fe5\u1fb3\u03b4\u03af\u03c9\u03c2 \u1f05\u03c0\u03b1\u03bd\u03c4\u03b1\u03c2\n\u03b1\u1f50\u03c4\u1fc7 \u03ba\u03b5\u03bd \u03b3\u03b1\u03af\u1fc3 \u1f10\u03c1\u03cd\u03c3\u03b1\u03b9 \u03b1\u1f50\u03c4\u1fc7 \u03c4\u03b5 \u03b8\u03b1\u03bb\u03ac\u03c3\u03c3\u1fc3. \u03c4\u03cc\u03c4\u03b5 \u03bc\u1f72\u03bd \u03bf\u1f56\u03bd \u03b8\u03b1\u03c5\u03bc\u03ac\u03c3\u03b9\u03bf\u03c2 \u1f10\u03b4\u03cc\u03ba\u03b5\u03b9\u03c2 \u03bc\u03bf\u03b9 \u03c4\u1f74\u03bd \u03b2\u03af\u03b1\u03bd \u03ba\u03b1\u1f76\n\u1f51\u03c0\u03ad\u03c6\u03c1\u03b9\u03c4\u03c4\u03bf\u03bd \u03bc\u03b5\u03c4\u03b1\u03be\u1f7a \u1f00\u03ba\u03bf\u03cd\u03c9\u03bd \u03c4\u1ff6\u03bd \u1f10\u03c0\u1ff6\u03bd \u03bd\u1fe6\u03bd \u03b4\u1f72\n\u03b1\u1f50\u03c4\u03cc\u03bd \u03c3\u03b5 \u1f24\u03b4\u03b7 \u1f41\u03c1\u1ff6 \u03bc\u03b5\u03c4\u1f70 \u03c4\u1fc6\u03c2 \u03c3\u03b5\u03b9\u03c1\u1fb6\u03c2 \u03ba\u03b1\u1f76 \u03c4\u1ff6\u03bd \u1f00\u03c0\u03b5\u03b9\u03bb\u1ff6\u03bd \u1f00\u03c0\u1f78 \u03bb\u03b5\u03c0\u03c4\u03bf\u1fe6 \u03bd\u03ae\u03bc\u03b1\u03c4\u03bf\u03c2, \u1f61\u03c2 \u03c6\u03ae\u03c2,\n<pb id=\"v.2.p.66\" /> \u03ba\u03c1\u03b5\u03bc\u03ac\u03bc\u03b5\u03bd\u03bf\u03bd. \u03b4\u03bf\u03ba\u03b5\u1fd6 \u03b3\u03bf\u1fe6\u03bd \u03bc\u03bf\u03b9 \u03b4\u03b9\u03ba\u03b1\u03b9\u03cc\u03c4\u03b5\u03c1\u03bf\u03bd \u1f02\u03bd \u1f21 \u039a\u03bb\u03c9\u03b8\u1f7c\n\u03bc\u03b5\u03b3\u03b1\u03bb\u03b1\u03c5\u03c7\u03ae\u03c3\u03b1\u03c3\u03b8\u03b1\u03b9, \u1f61\u03c2 \u03ba\u03b1\u1f76 \u03c3\u1f72 \u03b1\u1f50\u03c4\u1f78\u03bd \u1f00\u03bd\u03ac\u03c3\u03c0\u03b1\u03c3\u03c4\u03bf\u03bd\n\u03b1\u1f30\u03c9\u03c1\u03bf\u1fe6\u03c3\u03b1 \u1f10\u03ba \u03c4\u03bf\u1fe6 \u1f00\u03c4\u03c1\u03ac\u03ba\u03c4\u03bf\u03c5 \u03ba\u03b1\u03b8\u03ac\u03c0\u03b5\u03c1 \u03bf\u1f31 \u1f01\u03bb\u03b9\u03b5\u1fd6\u03c2 \u1f10\u03ba \u03c4\u03bf\u1fe6 \u03ba\u03b1\u03bb\u03ac\u03bc\u03bf\u03c5 \u03c4\u1f70 \u1f30\u03c7\u03b8\u03cd\u03b4\u03b9\u03b1.\n</p>\n            </sp>\n            <sp>\n               <speaker>\u0396\u03b5\u03cd\u03c2</speaker>\n               <p>\n                  </p></sp></div1></body></text></TEI.2> <?xml version=\"1.0\" encoding=\"utf-8\"?>\n<TEI.2><text><body><div1 org=\"uniform\" sample=\"complete\"><sp><p><milestone unit=\"section\" n=\"5\" /> \u03bf\u1f50\u03ba \u03bf\u1f36\u03b4\u1fbd \u1f45 \u03c4\u03b9 \u03c3\u03bf\u03b9 \u03c4\u03b1\u03c5\u03c4\u1f76 \u03b2\u03bf\u03cd\u03bb\u03b5\u03c4\u03b1\u03b9 \u03c4\u1f70 \u1f10\u03c1\u03c9\u03c4\u03ae\u03bc\u03b1\u03c4\u03b1.\n</p>\n            </sp>\n            <sp>\n               <speaker>\u039a\u03c5\u03bd\u03af\u03c3\u03ba\u03bf\u03c2</speaker>\n               <p> \u1f10\u03ba\u03b5\u1fd6\u03bd\u03bf, \u1f66 \u0396\u03b5\u1fe6: \u03ba\u03b1\u1f76 \u03c0\u03c1\u1f78\u03c2 \u03c4\u1ff6\u03bd \u039c\u03bf\u03b9\u03c1\u1ff6\u03bd \u03ba\u03b1\u1f76 \u03c4\u1fc6\u03c2 \u0395\u1f31\u03bc\u03b1\u03c1\u03bc\u03ad\u03bd\u03b7\u03c2 \u03bc\u1f74 \u03c4\u03c1\u03b1\u03c7\u03ad\u03c9\u03c2 \u03bc\u03b7\u03b4\u1f72 \u03c0\u03c1\u1f78\u03c2 \u1f40\u03c1\u03b3\u1f74\u03bd \u1f00\u03ba\u03bf\u03cd\u03c3\u1fc3\u03c2 \u03bc\u03bf\u03c5 \u03c4\u1f00\u03bb\u03b7\u03b8\u1fc6 \u03bc\u03b5\u03c4\u1f70 \u03c0\u03b1\u03c1\u03c1\u03b7\u03c3\u03af\u03b1\u03c2 \u03bb\u03ad\u03b3\u03bf\u03bd\u03c4\u03bf\u03c2. \u03b5\u1f30 \u03b3\u1f70\u03c1\n\u03bf\u1f55\u03c4\u03c9\u03c2 \u1f14\u03c7\u03b5\u03b9 \u03c4\u03b1\u1fe6\u03c4\u03b1 \u03ba\u03b1\u1f76 \u03c0\u03ac\u03bd\u03c4\u03c9\u03bd \u03b1\u1f31 \u039c\u03bf\u1fd6\u03c1\u03b1\u03b9 \u03ba\u03c1\u03b1\u03c4\u03bf\u1fe6\u03c3\u03b9\n\u03ba\u03b1\u1f76 \u03bf\u1f50\u03b4\u1f72\u03bd \u1f02\u03bd \u1f51\u03c0\u1fbd \u03bf\u1f50\u03b4\u03b5\u03bd\u1f78\u03c2 \u1f14\u03c4\u03b9 \u1f00\u03bb\u03bb\u03b1\u03b3\u03b5\u03af\u03b7 \u03c4\u1ff6\u03bd \u1f05\u03c0\u03b1\u03be \u03b4\u03bf\u03be\u03ac\u03bd\u03c4\u03c9\u03bd \u03b1\u1f50\u03c4\u03b1\u1fd6\u03c2, \u03c4\u03af\u03bd\u03bf\u03c2 \u1f15\u03bd\u03b5\u03ba\u03b1 \u1f51\u03bc\u1fd6\u03bd \u03bf\u1f31 \u1f04\u03bd\u03b8\u03c1\u03c9\u03c0\u03bf\u03b9 \u03b8\u03cd\u03bf\u03bc\u03b5\u03bd \u03ba\u03b1\u1f76 \u1f11\u03ba\u03b1\u03c4\u03cc\u03bc\u03b2\u03b1\u03c2 \u03c0\u03c1\u03bf\u03c3\u03ac\u03b3\u03bf\u03bc\u03b5\u03bd \u03b5\u1f50\u03c7\u03cc\u03bc\u03b5\u03bd\u03bf\u03b9 \u03b3\u03b5\u03bd\u03ad\u03c3\u03b8\u03b1\u03b9 \u1f21\u03bc\u1fd6\u03bd \u03c0\u03b1\u03c1\u1fbd \u1f51\u03bc\u1ff6\u03bd \u03c4\u1f00\u03b3\u03b1\u03b8\u03ac; \u03bf\u1f50\u03c7 \u1f41\u03c1\u1ff6 \u03b3\u1f70\u03c1\n\u1f45 \u03c4\u03b9 \u1f02\u03bd \u1f00\u03c0\u03bf\u03bb\u03b1\u03cd\u03c3\u03b1\u03b9\u03bc\u03b5\u03bd \u03c4\u1fc6\u03c2 \u1f10\u03c0\u03b9\u03bc\u03b5\u03bb\u03b5\u03af\u03b1\u03c2 \u03c4\u03b1\u03cd\u03c4\u03b7\u03c2,\n\u03b5\u1f30 \u03bc\u03ae\u03c4\u03b5 \u03c4\u1ff6\u03bd \u03c6\u03b1\u03cd\u03bb\u03c9\u03bd \u1f00\u03c0\u03bf\u03c4\u03c1\u03bf\u03c0\u1f70\u03c2 \u03b5\u1f51\u03c1\u03ad\u03c3\u03b8\u03b1\u03b9 \u03b4\u03c5\u03bd\u03b1\u03c4\u1f78\u03bd \u1f21\u03bc\u1fd6\u03bd \u1f10\u03ba \u03c4\u1ff6\u03bd \u03b5\u1f50\u03c7\u1ff6\u03bd \u03bc\u03ae\u03c4\u03b5 \u1f00\u03b3\u03b1\u03b8\u03bf\u1fe6 \u03c4\u03b9\u03bd\u03bf\u03c2 \u03b8\u03b5\u03bf\u03c3\u03b4\u03cc\u03c4\u03bf\u03c5 \u1f10\u03c0\u03b9\u03c4\u03c5\u03c7\u03b5\u1fd6\u03bd.\n</p>\n            </sp>\n            <sp>\n               <speaker>\u0396\u03b5\u03cd\u03c2</speaker>\n               <p>\n                  </p></sp></div1></body></text></TEI.2> <?xml version=\"1.0\" encoding=\"utf-8\"?>\n<TEI.2><text><body><div1 org=\"uniform\" sample=\"complete\"><sp><p><milestone unit=\"section\" n=\"6\" /> \u03bf\u1f36\u03b4\u03b1 \u1f45\u03b8\u03b5\u03bd \u03c3\u03bf\u03b9 \u03c4\u1f70 \u03ba\u03bf\u03bc\u03c8\u1f70 \u03c4\u03b1\u1fe6\u03c4\u03b1 \u1f10\u03c1\u03c9\u03c4\u03ae\u03bc\u03b1\u03c4\u03ac \u1f10\u03c3\u03c4\u03b9\u03bd, \u03c0\u03b1\u03c1\u1f70 \u03c4\u1ff6\u03bd \u03ba\u03b1\u03c4\u03b1\u03c1\u03ac\u03c4\u03c9\u03bd \u03c3\u03bf\u03c6\u03b9\u03c3\u03c4\u1ff6\u03bd, \u03bf\u1f33 \u03bc\u03b7\u03b4\u1f72 \u03c0\u03c1\u03bf\u03bd\u03bf\u03b5\u1fd6\u03bd \u1f21\u03bc\u1fb6\u03c2 \u03c4\u1ff6\u03bd \u1f00\u03bd\u03b8\u03c1\u03ce\u03c0\u03c9\u03bd \u03c6\u03b1\u03c3\u1f76\u03bd \u1f10\u03ba\u03b5\u1fd6\u03bd\u03bf\u03b9 \u03b3\u03bf\u1fe6\u03bd\n\u03c4\u1f70 \u03c4\u03bf\u03b9\u03b1\u1fe6\u03c4\u03b1 \u1f10\u03c1\u03c9\u03c4\u1ff6\u03c3\u03b9\u03bd \u1f51\u03c0\u1fbd \u1f00\u03c3\u03b5\u03b2\u03b5\u03af\u03b1\u03c2, \u1f00\u03c0\u03bf\u03c4\u03c1\u03ad\u03c0\u03bf\u03bd\u03c4\u03b5\u03c2 \u03ba\u03b1\u1f76 \u03c4\u03bf\u1f7a\u03c2 \u1f04\u03bb\u03bb\u03bf\u03c5\u03c2 \u03b8\u03cd\u03b5\u03b9\u03bd \u03ba\u03b1\u1f76 \u03b5\u1f54\u03c7\u03b5\u03c3\u03b8\u03b1\u03b9 \u1f61\u03c2 \u03b5\u1f30\u03ba\u03b1\u1fd6\u03bf\u03bd\n\u1f44\u03bd: \u1f21\u03bc\u1fb6\u03c2 \u03b3\u1f70\u03c1 \u03bf\u1f54\u03c4\u1fbd \u1f10\u03c0\u03b9\u03bc\u03b5\u03bb\u03b5\u1fd6\u03c3\u03b8\u03b1\u03b9 \u03c4\u1ff6\u03bd \u03c0\u03c1\u03b1\u03c4\u03c4\u03bf\u03bc\u03ad\u03bd\u03c9\u03bd \u03c0\u03b1\u03c1\u1fbd \u1f51\u03bc\u1fd6\u03bd \u03bf\u1f54\u03b8\u1fbd \u1f45\u03bb\u03c9\u03c2 \u03c4\u03b9 \u03b4\u03cd\u03bd\u03b1\u03c3\u03b8\u03b1\u03b9 \u03c0\u03c1\u1f78\u03c2 \u03c4\u1f70 \u1f10\u03bd \u03c4\u1fc7\n\u03b3\u1fc7 \u03c0\u03c1\u03ac\u03b3\u03bc\u03b1\u03c4\u03b1. \u03c0\u03bb\u1f74\u03bd \u03bf\u1f50 \u03c7\u03b1\u03b9\u03c1\u03ae\u03c3\u03bf\u03c5\u03c3\u03af \u03b3\u03b5 \u03c4\u1f70 \u03c4\u03bf\u03b9\u03b1\u1fe6\u03c4\u03b1 \u03b4\u03b9\u03b5\u03be\u03b9\u03cc\u03bd\u03c4\u03b5\u03c2.\n</p>\n            </sp>\n            <sp>\n               <speaker>\u039a\u03c5\u03bd\u03af\u03c3\u03ba\u03bf\u03c2</speaker>\n               <p>\n\u03bf\u1f50 \u03bc\u1f70 \u03c4\u1f78\u03bd \u03c4\u1fc6\u03c2 \u039a\u03bb\u03c9\u03b8\u03bf\u1fe6\u03c2 \u1f04\u03c4\u03c1\u03b1\u03ba\u03c4\u03bf\u03bd, \u1f66 \u0396\u03b5\u1fe6, \u03bf\u1f50\u03c7\n\u1f51\u03c0\u1fbd \u1f10\u03ba\u03b5\u03af\u03bd\u03c9\u03bd \u1f00\u03bd\u03b1\u03c0\u03b5\u03b9\u03c3\u03b8\u03b5\u1f76\u03c2 \u03c4\u03b1\u1fe6\u03c4\u03ac \u03c3\u03b5 \u1f20\u03c1\u03ce\u03c4\u03b7\u03c3\u03b1, \u1f41 \u03b4\u1f72\n<pb id=\"v.2.p.68\" /> \u03bb\u03cc\u03b3\u03bf\u03c2 \u03b1\u1f50\u03c4\u1f78\u03c2 \u03bf\u1f50\u03ba \u03bf\u1f36\u03b4\u1fbd \u1f45\u03c0\u03c9\u03c2 \u1f21\u03bc\u1fd6\u03bd \u03c0\u03c1\u03bf\u03ca\u1f7c\u03bd \u03b5\u1f30\u03c2 \u03c4\u03bf\u1fe6\u03c4\u03bf \u1f00\u03c0\u03ad\u03b2\u03b7, \u03c0\u03b5\u03c1\u03b9\u03c4\u03c4\u1f70\u03c2 \u03b5\u1f36\u03bd\u03b1\u03b9 \u03c4\u1f70\u03c2 \u03b8\u03c5\u03c3\u03af\u03b1\u03c2. \u03b1\u1f56\u03b8\u03b9\u03c2 \u03b4\u1fbd, \u03b5\u1f30 \u03b4\u03bf\u03ba\u03b5\u1fd6, \u03b4\u03b9\u1f70 \u03b2\u03c1\u03b1\u03c7\u03ad\u03c9\u03bd \u1f10\u03c1\u03ae\u03c3\u03bf\u03bc\u03b1\u03af \u03c3\u03b5, \u03c3\u1f7a \u03b4\u1f72 \u03bc\u1f74 \u1f40\u03ba\u03bd\u03ae\u03c3\u1fc3\u03c2 \u1f00\u03c0\u03bf\u03ba\u03c1\u03af\u03bd\u03b1\u03c3\u03b8\u03b1\u03b9, \u03ba\u03b1\u1f76 \u1f45\u03c0\u03c9\u03c2 \u1f00\u03c3\u03c6\u03b1\u03bb\u03ad\u03c3\u03c4\u03b5\u03c1\u03bf\u03bd\n\u1f00\u03c0\u03bf\u03ba\u03c1\u03b9\u03bd\u1fc7.\n</p>\n            </sp>\n            <sp>\n               <speaker>\u0396\u03b5\u03cd\u03c2</speaker>\n               <p> \u1f10\u03c1\u03ce\u03c4\u03b1, \u03b5\u1f34 \u03c3\u03bf\u03b9 \u03c3\u03c7\u03bf\u03bb\u1f74 \u03c4\u1f70 \u03c4\u03bf\u03b9\u03b1\u1fe6\u03c4\u03b1 \u03bb\u03b7\u03c1\u03b5\u1fd6\u03bd.\n</p>\n            </sp>\n            <sp>\n               <speaker>\u039a\u03c5\u03bd\u03af\u03c3\u03ba\u03bf\u03c2</speaker>\n               <p>\n                  </p></sp></div1></body></text></TEI.2> <?xml version=\"1.0\" encoding=\"utf-8\"?>\n<TEI.2><text><body><div1 org=\"uniform\" sample=\"complete\"><sp><p><milestone unit=\"section\" n=\"7\" /> \u03c0\u03ac\u03bd\u03c4\u03b1 \u03c6\u1f74\u03c2 \u1f10\u03ba \u03c4\u1ff6\u03bd \u039c\u03bf\u03b9\u03c1\u1ff6\u03bd \u03b3\u03af\u03b3\u03bd\u03b5\u03c3\u03b8\u03b1\u03b9;\n</p>\n            </sp>\n            <sp>\n               <speaker>\u0396\u03b5\u03cd\u03c2</speaker>\n               <p> \u03c6\u03b7\u03bc\u1f76 \u03b3\u03ac\u03c1.\n</p>\n            </sp>\n            <sp>\n               <speaker>\u039a\u03c5\u03bd\u03af\u03c3\u03ba\u03bf\u03c2</speaker>\n               <p>\n\u1f51\u03bc\u1fd6\u03bd \u03b4\u1f72 \u03b4\u03c5\u03bd\u03b1\u03c4\u1f78\u03bd \u1f00\u03bb\u03bb\u03ac\u03c4\u03c4\u03b5\u03b9\u03bd \u03c4\u03b1\u1fe6\u03c4\u03b1 \u03ba\u03b1\u1f76 \u1f00\u03bd\u03b1\u03ba\u03bb\u03ce\u03b8\u03b5\u03b9\u03bd;\n</p>\n            </sp>\n            <sp>\n               <speaker>\u0396\u03b5\u03cd\u03c2</speaker>\n               <p>\n\u03bf\u1f50\u03b4\u03b1\u03bc\u1ff6\u03c2.\n</p>\n            </sp>\n            <sp>\n               <speaker>\u039a\u03c5\u03bd\u03af\u03c3\u03ba\u03bf\u03c2</speaker>\n               <p> \u03b2\u03bf\u03cd\u03bb\u03b5\u03b9 \u03bf\u1f56\u03bd \u1f10\u03c0\u03b1\u03b3\u03ac\u03b3\u03c9 \u03ba\u03b1\u1f76 \u03c4\u1f78 \u03bc\u03b5\u03c4\u1f70 \u03c4\u03bf\u1fe6\u03c4\u03bf, \u1f22 \u03b4\u1fc6\u03bb\u03bf\u03bd, \u03ba\u1f02\u03bd \u03bc\u1f74 \u03b5\u1f34\u03c0\u03c9 \u03b1\u1f50\u03c4\u03cc;\n</p>\n            </sp>\n            <sp>\n               <speaker>\u0396\u03b5\u03cd\u03c2</speaker>\n               <p> \u03b4\u1fc6\u03bb\u03bf\u03bd \u03bc\u03ad\u03bd. \u03bf\u1f31 \u03b4\u03ad \u03b3\u03b5 \u03b8\u03cd\u03bf\u03bd\u03c4\u03b5\u03c2 \u03bf\u1f50 \u03c4\u1fc6\u03c2 \u03c7\u03c1\u03b5\u03af\u03b1\u03c2\n\u1f15\u03bd\u03b5\u03ba\u03b1 \u03b8\u03cd\u03bf\u03c5\u03c3\u03b9\u03bd, \u1f00\u03bd\u03c4\u03af\u03b4\u03bf\u03c3\u03b9\u03bd \u03b4\u1f74 ^ \u03c4\u03b9\u03bd\u03b1 \u03c0\u03bf\u03b9\u03bf\u03cd\u03bc\u03b5\u03bd\u03bf\u03b9 \u03ba\u03b1\u1f76\n\u1f65\u03c3\u03c0\u03b5\u03c1 \u1f60\u03bd\u03bf\u03cd\u03bc\u03b5\u03bd\u03bf\u03b9 \u03c4\u1f70 \u1f00\u03b3\u03b1\u03b8\u1f70 \u03c0\u03b1\u03c1\u1fbd \u1f21\u03bc\u1ff6\u03bd, \u1f00\u03bb\u03bb\u1f70 \u03c4\u03b9\u03bc\u1ff6\u03bd\u03c4\u03b5\u03c2 \u1f04\u03bb\u03bb\u03c9\u03c2 \u03c4\u1f78 \u03b2\u03ad\u03bb\u03c4\u03b9\u03bf\u03bd.\n</p>\n            </sp>\n            <sp>\n               <speaker>\u039a\u03c5\u03bd\u03af\u03c3\u03ba\u03bf\u03c2</speaker>\n               <p>\n\u1f31\u03ba\u03b1\u03bd\u1f78\u03bd \u03ba\u03b1\u1f76 \u03c4\u03bf\u1fe6\u03c4\u03bf, \u03b5\u1f30 \u03ba\u03b1\u1f76 \u03c3\u1f7a \u03c6\u1f74\u03c2 \u1f10\u03c0\u1f76 \u03bc\u03b7\u03b4\u03b5\u03bd\u1f76 \u03c7\u03c1\u03b7\u03c3\u03af\u03bc\u1ff3 \u03b3\u03af\u03b3\u03bd\u03b5\u03c3\u03b8\u03b1\u03b9 \u03c4\u1f70\u03c2 \u03b8\u03c5\u03c3\u03af\u03b1\u03c2, \u03b5\u1f50\u03b3\u03bd\u03c9\u03bc\u03bf\u03c3\u03cd\u03bd\u1fc3 \u03b4\u03ad \u03c4\u03b9\u03bd\u03b9 \u03c4\u1ff6\u03bd \u1f00\u03bd\u03b8\u03c1\u03ce\u03c0\u03c9\u03bd \u03c4\u03b9\u03bc\u03ce\u03bd\u03c4\u03c9\u03bd \u03c4\u1f78 \u03b2\u03ad\u03bb\u03c4\u03b9\u03bf\u03bd. \u03ba\u03b1\u03af\u03c4\u03bf\u03b9\n\u03b5\u1f34 \u03c4\u03b9\u03c2 \u03c4\u1ff6\u03bd \u03c3\u03bf\u03c6\u03b9\u03c3\u03c4\u1ff6\u03bd \u1f10\u03ba\u03b5\u03af\u03bd\u03c9\u03bd \u03c0\u03b1\u03c1\u1fc6\u03bd, \u1f24\u03c1\u03b5\u03c4\u03bf \u1f04\u03bd \u03c3\u03b5 \u03ba\u03b1\u03b8\u1fbd \u1f45 \u03c4\u03b9 \u03b2\u03b5\u03bb\u03c4\u03af\u03bf\u03c5\u03c2 \u03c6\u1f74\u03c2 \u03c4\u03bf\u1f7a\u03c2 \u03b8\u03b5\u03bf\u03cd\u03c2, \u03ba\u03b1\u1f76 \u03c4\u03b1\u1fe6\u03c4\u03b1\n\u1f41\u03bc\u03bf\u03b4\u03bf\u03cd\u03bb\u03bf\u03c5\u03c2 \u03c4\u1ff6\u03bd \u1f00\u03bd\u03b8\u03c1\u03ce\u03c0\u03c9\u03bd \u1f44\u03bd\u03c4\u03b1\u03c2 \u03ba\u03b1\u1f76 \u1f51\u03c0\u1f78 \u03c4\u03b1\u1fd6\u03c2\n<pb id=\"v.2.p.70\" />\n\u03b1\u1f50\u03c4\u03b1\u1fd6\u03c2 \u03b4\u03b5\u03c3\u03c0\u03bf\u03af\u03bd\u03b1\u03b9\u03c2 \u03c4\u03b1\u1fd6\u03c2 \u039c\u03bf\u03af\u03c1\u03b1\u03b9\u03c2 \u03c4\u03b1\u03c4\u03c4\u03bf\u03bc\u03ad\u03bd\u03bf\u03c5\u03c2.\n\u03bf\u1f50 \u03b3\u1f70\u03c1 \u1f00\u03c0\u03bf\u03c7\u03c1\u03ae\u03c3\u03b5\u03b9 \u03b1\u1f50\u03c4\u03bf\u1fd6\u03c2 \u03c4\u1f78 \u1f00\u03b8\u03b1\u03bd\u03ac\u03c4\u03bf\u03c5\u03c2 \u03b5\u1f36\u03bd\u03b1\u03b9, \u1f61\u03c2\n\u03b4\u03b9\u1fbd \u03b1\u1f50\u03c4\u1f78 \u1f00\u03bc\u03b5\u03af\u03bd\u03bf\u03c5\u03c2 \u03b4\u03bf\u03ba\u03b5\u1fd6\u03bd: \u1f10\u03c0\u03b5\u1f76 \u03c4\u03bf\u1fe6\u03c4\u03cc \u03b3\u03b5 \u03bc\u03b1\u03ba\u03c1\u1ff7\n\u03c7\u03b5\u1fd6\u03c1\u03cc\u03bd \u1f10\u03c3\u03c4\u03b9\u03bd, \u03b5\u1f34\u03b3\u03b5 \u03c4\u03bf\u1f7a\u03c2 \u03bc\u1f72\u03bd \u03ba\u1f02\u03bd \u1f41 \u03b8\u03ac\u03bd\u03b1\u03c4\u03bf\u03c2 \u03b5\u1f30\u03c2\n\u1f10\u03bb\u03b5\u03c5\u03b8\u03b5\u03c1\u03af\u03b1\u03bd \u1f00\u03c6\u03b5\u03af\u03bb\u03b5\u03c4\u03bf, \u1f51\u03bc\u1fd6\u03bd \u03b4\u1f72 \u03b5\u1f30\u03c2 \u1f04\u03c0\u03b5\u03b9\u03c1\u03bf\u03bd \u1f10\u03ba\u03c0\u03af\u03c0\u03c4\u03b5\u03b9\n\u03c4\u1f78 \u03c0\u03c1\u1fb6\u03b3\u03bc\u03b1 \u03ba\u03b1\u1f76 \u1f00\u0390\u03b4\u03b9\u03bf\u03c2 \u1f21 \u03b4\u03bf\u03c5\u03bb\u03b5\u03af\u03b1 \u03b3\u03af\u03bd\u03b5\u03c4\u03b1\u03b9 \u1f51\u03c0\u1f78 \u03bc\u03b1\u03ba\u03c1\u1ff7 \u03c4\u1ff7 \u03bb\u03af\u03bd\u1ff3 \u03c3\u03c4\u03c1\u03b5\u03c6\u03bf\u03bc\u03ad\u03bd\u03b7.\n</p>\n            </sp>\n            <sp>\n               <speaker>\u0396\u03b5\u03cd\u03c2</speaker>\n               <p>\n                  </p></sp></div1></body></text></TEI.2> <?xml version=\"1.0\" encoding=\"utf-8\"?>\n<TEI.2><text><body><div1 org=\"uniform\" sample=\"complete\"><sp><p><milestone unit=\"section\" n=\"8\" /> \u1f00\u03bb\u03bb\u1fbd, \u1f66 \u039a\u03c5\u03bd\u03af\u03c3\u03ba\u03b5, \u03c4\u1f78 \u1f00\u0390\u03b4\u03b9\u03bf\u03bd \u03c4\u03bf\u1fe6\u03c4\u03bf \u03ba\u03b1\u1f76 \u1f04\u03c0\u03b5\u03b9\u03c1\u03bf\u03bd \u03b5\u1f54\u03b4\u03b1\u03b9\u03bc\u03bf\u03bd \u1f21\u03bc\u1fd6\u03bd \u1f10\u03c3\u03c4\u03b9 \u03ba\u03b1\u1f76 \u1f10\u03bd \u1f05\u03c0\u03b1\u03c3\u03b9\u03bd \u1f00\u03b3\u03b1\u03b8\u03bf\u1fd6\u03c2 \u1f21\u03bc\u03b5\u1fd6\u03c2 \u03b2\u03b9\u03bf\u1fe6\u03bc\u03b5\u03bd.\n</p>\n            </sp>\n            <sp>\n               <speaker>\u039a\u03c5\u03bd\u03af\u03c3\u03ba\u03bf\u03c2</speaker>\n               <p>\n\u03bf\u1f50\u03c7 \u1f05\u03c0\u03b1\u03bd\u03c4\u03b5\u03c2, \u1f66 \u0396\u03b5\u1fe6, \u1f00\u03bb\u03bb\u1f70 \u03b4\u03b9\u03ce\u03c1\u03b9\u03c3\u03c4\u03b1\u03b9 \u03ba\u03b1\u1f76 \u03c0\u03b1\u03c1\u1fbd \u1f51\u03bc\u1fd6\u03bd \u03c4\u1f78 \u03c0\u03c1\u1fb6\u03b3\u03bc\u03b1 \u03ba\u03b1\u1f76 \u03c0\u03bf\u03bb\u03bb\u1f74 \u03c4\u03b1\u03c1\u03b1\u03c7\u1f74 \u1f14\u03bd\u03b5\u03c3\u03c4\u03b9: \u03c3\u1f7a \u03bc\u1f72\u03bd \u03b3\u1f70\u03c1 \u03b5\u1f50\u03b4\u03b1\u03af\u03bc\u03c9\u03bd, \u03b2\u03b1\u03c3\u03b9\u03bb\u03b5\u1f7a\u03c2 \u03b3\u03ac\u03c1, \u03ba\u03b1\u1f76 \u03b4\u03cd\u03bd\u03b1\u03c3\u03b1\u03b9\n\u1f00\u03bd\u03b1\u03c3\u03c0\u1fb6\u03bd \u03c4\u1f74\u03bd \u03b3\u1fc6\u03bd \u03ba\u03b1\u1f76 \u03c4\u1f74\u03bd \u03b8\u03ac\u03bb\u03b1\u03c3\u03c3\u03b1\u03bd \u1f65\u03c3\u03c0\u03b5\u03c1 \u1f31\u03bc\u03bf\u03bd\u03b9\u1f70\u03bd \u03ba\u03b1\u03b8\u03b5\u03af\u03c2: \u1f41 \u03b4\u1f72 \u1f2d\u03c6\u03b1\u03b9\u03c3\u03c4\u03bf\u03c2 \u03c7\u03c9\u03bb\u03cc\u03c2 \u1f10\u03c3\u03c4\u03b9, \u03b2\u03b1\u03bd\u03b1\u03c5\u03c3\u03cc\u03c2 \u03c4\u03b9\u03c2 \u03ba\u03b1\u1f76 \u03c0\u03c5\u03c1\u03af\u03c4\u03b7\u03c2 \u03c4\u1f74\u03bd \u03c4\u03ad\u03c7\u03bd\u03b7\u03bd \u1f41 \u03a0\u03c1\u03bf\u03bc\u03b7\u03b8\u03b5\u1f7a\u03c2 \u03b4\u1f72 \u03ba\u03b1\u1f76 \u1f00\u03bd\u03b5\u03c3\u03ba\u03bf\u03bb\u03bf\u03c0\u03af\u03c3\u03b8\u03b7 \u03c0\u03bf\u03c4\u03ad. \u03c4\u1f78\u03bd \u03b3\u1f70\u03c1 \u03c0\u03b1\u03c4\u03ad\u03c1\u03b1 \u03c3\u03bf\u03c5 \u03c4\u03af \u1f02\u03bd \u03bb\u03ad\u03b3\u03bf\u03b9\u03bc\u03b9, \u03c0\u03b5\u03b4\u03ae\u03c4\u03b7\u03bd \u1f14\u03c4\u03b9 \u1f10\u03bd \u03c4\u1ff7 \u03a4\u03b1\u03c1\u03c4\u03ac\u03c1\u1ff3 \u1f44\u03bd\u03c4\u03b1; \u03ba\u03b1\u1f76 \u1f10\u03c1\u1fb6\u03bd \u03b4\u1f72 \u1f51\u03bc\u1fb6\u03c2 \u03c6\u03b1\u03c3\u03b9 \u03ba\u03b1\u1f76 \u03c4\u03b9\u03c4\u03c1\u03ce\u03c3\u03ba\u03b5\u03c3\u03b8\u03b1\u03b9 \u03ba\u03b1\u1f76 \u03b4\u03bf\u03c5\u03bb\u03b5\u03cd\u03b5\u03b9\u03bd \u1f10\u03bd\u03af\u03bf\u03c4\u03b5 \u03c0\u03b1\u03c1\u1f70 \u03c4\u03bf\u1fd6\u03c2 \u1f00\u03bd\u03b8\u03c1\u03ce\u03c0\u03bf\u03b9\u03c2, \u1f65\u03c3\u03c0\u03b5\u03c1 \u1f00\u03bc\u03ad\u03bb\u03b5\u03b9 \u03ba\u03b1\u1f76 \u03c4\u1f78\u03bd \u03c3\u1f78\u03bd \u1f00\u03b4\u03b5\u03bb\u03c6\u1f78\u03bd \u03c0\u03b1\u03c1\u1f70 \u039b\u03b1\u03bf\u03bc\u03ad\u03b4\u03bf\u03bd\u03c4\u03b9 \u03ba\u03b1\u1f76 \u03c0\u03b1\u03c1\u1fbd \u1f08\u03b4\u03bc\u03ae\u03c4\u1ff3 \u03c4\u1f78\u03bd \u1f08\u03c0\u03cc\u03bb\u03bb\u03c9. \u03c4\u03b1\u1fe6\u03c4\u03b1 \u03b4\u03ad \u03bc\u03bf\u03b9 \u03bf\u1f50 \u03c0\u03ac\u03bd\u03c5\n\u03b5\u1f50\u03b4\u03b1\u03af\u03bc\u03bf\u03bd\u03b1 \u03b4\u03bf\u03ba\u03b5\u1fd6, \u1f00\u03bb\u03bb\u1fbd \u1f10\u03bf\u03af\u03ba\u03b1\u03c3\u03b9\u03bd \u1f51\u03bc\u1ff6\u03bd \u03bf\u1f31 \u03bc\u03ad\u03bd \u03c4\u03b9\u03bd\u03b5\u03c2\n\u03b5\u1f50\u03c4\u03c5\u03c7\u03b5\u1fd6\u03c2 \u03c4\u03b5 \u03ba\u03b1\u1f76 \u03b5\u1f54\u03bc\u03bf\u03b9\u03c1\u03bf\u03b9 \u03b5\u1f36\u03bd\u03b1\u03b9, \u03bf\u1f31 \u03b4\u1f72 \u1f14\u03bc\u03c0\u03b1\u03bb\u03b9\u03bd \u1f10\u1ff6 \u03b3\u1f70\u03c1 \u03bb\u03ad\u03b3\u03b5\u03b9\u03bd, \u1f45\u03c4\u03b9 \u03ba\u03b1\u1f76 \u03bb\u1fc3\u03c3\u03c4\u03b5\u03cd\u03b5\u03c3\u03b8\u03b5 \u1f65\u03c3\u03c0\u03b5\u03c1 \u1f21\u03bc\u03b5\u1fd6\u03c2 \u03ba\u03b1\u1f76 \u03c0\u03b5\u03c1\u03b9\u03c3\u03c5\u03bb\u1fb6\u03c3\u03b8\u03b5 \u1f51\u03c0\u1f78 \u03c4\u1ff6\u03bd \u1f31\u03b5\u03c1\u03bf\u03c3\u03cd\u03bb\u03c9\u03bd \u03ba\u03b1\u1f76 \u1f10\u03ba \u03c0\u03bb\u03bf\u03c5\u03c3\u03b9\u03c9\u03c4\u03ac\u03c4\u03c9\u03bd \u03c0\u03b5\u03bd\u03ad\u03c3\u03c4\u03b1\u03c4\u03bf\u03b9 \u1f10\u03bd \u1f00\u03ba\u03b1\u03c1\u03b5\u1fd6 \u03b3\u03af\u03b3\u03bd\u03b5\u03c3\u03b8\u03b5: \u03c0\u03bf\u03bb\u03bb\u03bf\u1f76\n<pb id=\"v.2.p.72\" />\n\u03b4\u1f72 \u03ba\u03b1\u1f76 \u03ba\u03b1\u03c4\u03b5\u03c7\u03c9\u03bd\u03b5\u03cd\u03b8\u03b7\u03c3\u03b1\u03bd \u1f24\u03b4\u03b7 \u03c7\u03c1\u03c5\u03c3\u03bf\u1fd6 \u1f22 \u1f00\u03c1\u03b3\u03c5\u03c1\u03bf\u1fd6\n\u1f44\u03bd\u03c4\u03b5\u03c2, \u03bf\u1f37\u03c2 \u03c4\u03bf\u1fe6\u03c4\u03bf \u03b5\u1f35\u03bc\u03b1\u03c1\u03c4\u03bf \u03b4\u03b7\u03bb\u03b1\u03b4\u03ae.\n</p>\n            </sp>\n            <sp>\n               <speaker>\u0396\u03b5\u03cd\u03c2</speaker>\n               <p>\n                  </p></sp></div1></body></text></TEI.2> <?xml version=\"1.0\" encoding=\"utf-8\"?>\n<TEI.2><text><body><div1 org=\"uniform\" sample=\"complete\"><sp><p><milestone unit=\"section\" n=\"9\" /> \u1f41\u03c1\u1fb7\u03c2; \u03c4\u03b1\u1fe6\u03c4\u1fbd \u1f24\u03b4\u03b7 \u1f51\u03b2\u03c1\u03b9\u03c3\u03c4\u03b9\u03ba\u03ac, \u1f66 \u039a\u03c5\u03bd\u03af\u03c3\u03ba\u03b5, \u03c6\u03ae\u03c2:\n\u03ba\u03b1\u03af \u03c3\u03bf\u03b9 \u03c4\u03ac\u03c7\u03b1 \u03bc\u03b5\u03c4\u03b1\u03bc\u03b5\u03bb\u03ae\u03c3\u03b5\u03b9 \u03c0\u03bf\u03c4\u1f72 \u03b1\u1f50\u03c4\u1ff6\u03bd.\n</p>\n            </sp>\n            <sp>\n               <speaker>\u039a\u03c5\u03bd\u03af\u03c3\u03ba\u03bf\u03c2</speaker>\n               <p> \u03c6\u03b5\u03af\u03b4\u03bf\u03c5, \u1f66 \u0396\u03b5\u1fe6, \u03c4\u1ff6\u03bd \u1f00\u03c0\u03b5\u03b9\u03bb\u1ff6\u03bd, \u03b5\u1f30\u03b4\u1f7c\u03c2 \u03bf\u1f50\u03b4\u03ad\u03bd \u03bc\u03b5 \u03c0\u03b5\u03b9\u03c3\u03cc\u03bc\u03b5\u03bd\u03bf\u03bd \u1f45 \u03c4\u03b9 \u03bc\u1f74 \u03ba\u03b1\u1f76 \u03c4\u1fc7 \u039c\u03bf\u03af\u03c1\u1fb3 \u03c0\u03c1\u1f78 \u03c3\u03bf\u1fe6 \u1f14\u03b4\u03bf\u03be\u03b5\u03bd \u1f10\u03c0\u03b5\u1f76 \u03bf\u1f50\u03b4\u1fbd \u03b1\u1f50\u03c4\u03bf\u1f7a\u03c2 \u1f10\u03ba\u03b5\u03af\u03bd\u03bf\u03c5\u03c2 \u1f41\u03c1\u1ff6 \u03c4\u03bf\u1f7a\u03c2 \u1f31\u03b5\u03c1\u03bf\u03c3\u03cd\u03bb\u03bf\u03c5\u03c2 \u03ba\u03bf\u03bb\u03b1\u03b6\u03bf\u03bc\u03ad\u03bd\u03bf\u03c5\u03c2, \u1f00\u03bb\u03bb\u1fbd \u03bf\u1f35 \u03b3\u03b5 \u03c0\u03bb\u03b5\u1fd6\u03c3\u03c4\u03bf\u03b9 \u03b4\u03b9\u03b1\u03c6\u03b5\u03cd\u03b3\u03bf\u03c5\u03c3\u03b9\u03bd \u1f51\u03bc\u1fb6\u03c2: \u03bf\u1f50 \u03b3\u1f70\u03c1 \u03b5\u1f35\u03bc\u03b1\u03c1\u03c4\u03bf, \u03bf\u1f36\u03bc\u03b1\u03b9, \u1f01\u03bb\u1ff6\u03bd\u03b1\u03b9 \u03b1\u1f50\u03c4\u03bf\u03cd\u03c2.\n</p>\n            </sp>\n            <sp>\n               <speaker>\u0396\u03b5\u03cd\u03c2</speaker>\n               <p>\n\u03bf\u1f50\u03ba \u1f14\u03bb\u03b5\u03b3\u03bf\u03bd \u1f61\u03c2 \u1f04\u03c1\u1fbd \u1f10\u03ba\u03b5\u03af\u03bd\u03c9\u03bd \u03c4\u03b9\u03c2 \u03b5\u1f36 \u03c4\u1ff6\u03bd \u1f00\u03bd\u03b1\u03b9\u03c1\u03bf\u03cd\u03bd\u03c4\u03c9\u03bd \u03c4\u1f74\u03bd \u03c0\u03c1\u03cc\u03bd\u03bf\u03b9\u03b1\u03bd \u03c4\u1ff7 \u03bb\u03cc\u03b3\u1ff3;\n</p>\n            </sp>\n            <sp>\n               <speaker>\u039a\u03c5\u03bd\u03af\u03c3\u03ba\u03bf\u03c2</speaker>\n               <p> \u03c0\u03ac\u03bd\u03c5, \u1f66 \u0396\u03b5\u1fe6, \u03b4\u03ad\u03b4\u03b9\u03b1\u03c2 \u03b1\u1f50\u03c4\u03bf\u03cd\u03c2, \u03bf\u1f50\u03ba \u03bf\u1f36\u03b4\u03b1 \u1f45\u03c4\u03bf\u03c5\n\u1f15\u03bd\u03b5\u03ba\u03b1: \u03c0\u03ac\u03bd\u03c4\u03b1 \u03b3\u03bf\u1fe6\u03bd \u1f41\u03c0\u03cc\u03c3\u03b1 \u1f02\u03bd \u03b5\u1f34\u03c0\u03c9, \u1f51\u03c0\u03bf\u03c0\u03c4\u03b5\u03cd\u03b5\u03b9\u03c2\n</p></sp></div1></body></text></TEI.2> <?xml version=\"1.0\" encoding=\"utf-8\"?>\n<TEI.2><text><body><div1 org=\"uniform\" sample=\"complete\"><sp><p><milestone unit=\"section\" n=\"10\" /> \u1f10\u03ba\u03b5\u03af\u03bd\u03c9\u03bd \u03c0\u03b1\u03b9\u03b4\u03b5\u03cd\u03bc\u03b1\u03c4\u03b1 \u03b5\u1f36\u03bd\u03b1\u03b9. \u1f10\u03b3\u1f7c \u03b4\u1f72 \u2014 \u03c0\u03b1\u03c1\u1f70 \u03c4\u03af\u03bd\u03bf\u03c2 \u03b3\u1f70\u03c1 \u1f02\u03bd \u1f04\u03bb\u03bb\u03bf\u03c5 \u03c4\u1f00\u03bb\u03b7\u03b8\u1f72\u03c2 \u1f22 \u03c0\u03b1\u03c1\u1f70 \u03c3\u03bf\u1fe6 \u03bc\u03ac\u03b8\u03bf\u03b9\u03bc\u03b9; \u2014 \u1f21\u03b4\u03ad\u03c9\u03c2 \u03b4\u1fbd \u1f02\u03bd \u03ba\u03b1\u1f76 \u03c4\u03bf\u1fe6\u03c4\u03bf \u1f10\u03c1\u03bf\u03af\u03bc\u03b7\u03bd \u03c3\u03b5, \u03c4\u03af\u03c2  \u1f21 \u03a0\u03c1\u03cc\u03bd\u03bf\u03b9\u03b1\n\u1f51\u03bc\u1fd6\u03bd \u03b1\u1f55\u03c4\u03b7 \u1f10\u03c3\u03c4\u03af, \u039c\u03bf\u1fd6\u03c1\u03ac \u03c4\u03b9\u03c2 \u1f22 \u03ba\u03b1\u1f76 \u1f51\u03c0\u1f72\u03c1 \u03c4\u03b1\u03cd\u03c4\u03b1\u03c2 \u03b8\u03b5\u1f78\u03c2\n\u1f65\u03c3\u03c0\u03b5\u03c1, \u1f04\u03c1\u03c7\u03bf\u03c5\u03c3\u03b1 \u03ba\u03b1\u1f76 \u03b1\u1f50\u03c4\u1ff6\u03bd \u1f10\u03ba\u03b5\u03af\u03bd\u03c9\u03bd;\n</p>\n            </sp>\n            <sp>\n               <speaker>\u0396\u03b5\u03cd\u03c2</speaker>\n               <p>\n\u1f24\u03b4\u03b7 \u03c3\u03bf\u03b9 \u03ba\u03b1\u1f76 \u03c0\u03c1\u03cc\u03c4\u03b5\u03c1\u03bf\u03bd \u1f14\u03c6\u03b7\u03bd \u03bf\u1f50 \u03b8\u03b5\u03bc\u03b9\u03c4\u1f78\u03bd \u03b5\u1f36\u03bd\u03b1\u03b9 \u03c0\u03ac\u03bd\u03c4\u03b1 \u03c3\u03b5 \u03b5\u1f30\u03b4\u03ad\u03bd\u03b1\u03b9. \u03c3\u1f7a \u03b4\u1fbd \u1f15\u03bd \u03c4\u03b9 \u1f10\u03bd \u1f00\u03c1\u03c7\u1fc7 \u1f10\u03c1\u03c9\u03c4\u03ae\u03c3\u03b5\u03b9\u03bd \u03c6\u03ae\u03c3\u03b1\u03c2 \u03bf\u1f50 \u03c0\u03b1\u03cd\u1fc3 \u03c4\u03bf\u03c3\u03b1\u1fe6\u03c4\u03b1 \u03c0\u03c1\u03cc\u03c2 \u03bc\u03b5 \u03bb\u03b5\u03c0\u03c4\u03bf\u03bb\u03bf\u03b3\u03bf\u03cd\u03bc\u03b5\u03bd\u03bf\u03c2: \u03ba\u03b1\u1f76 \u1f41\u03c1\u1ff6 \u1f45\u03c4\u03b9 \u03c3\u03bf\u03b9 \u03c4\u1f78 \u03ba\u03b5\u03c6\u03ac\u03bb\u03b1\u03b9\u03cc\u03bd \u1f10\u03c3\u03c4\u03b9 \u03c4\u03bf\u1fe6 \u03bb\u03cc\u03b3\u03bf\u03c5 \u1f10\u03c0\u03b9\u03b4\u03b5\u1fd6\u03be\u03b1\u03b9 \u03bf\u1f50\u03b4\u03b5\u03bd\u1f78\u03c2 \u1f21\u03bc\u1fb6\u03c2 \u03c0\u03c1\u03bf\u03bd\u03bf\u03bf\u1fe6\u03bd\u03c4\u03b1\u03c2 \u03c4\u1ff6\u03bd \u1f00\u03bd\u03b8\u03c1\u03c9\u03c0\u03af\u03bd\u03c9\u03bd.\n</p>\n            </sp>\n            <sp>\n               <speaker>\u039a\u03c5\u03bd\u03af\u03c3\u03ba\u03bf\u03c2</speaker>\n               <p>\n\u03bf\u1f50\u03ba \u1f10\u03bc\u1f78\u03bd \u03c4\u03bf\u1fe6\u03c4\u03bf, \u1f00\u03bb\u03bb\u1f70 \u03c3\u1f7a \u03bc\u03b9\u03ba\u03c1\u1f78\u03bd \u1f14\u03bc\u03c0\u03c1\u03bf\u03c3\u03b8\u03b5\u03bd \u1f14\u03c6\u03b7\u03c3\u03b8\u03b1 \u03c4\u1f70\u03c2 \u039c\u03bf\u03af\u03c1\u03b1\u03c2 \u03b5\u1f36\u03bd\u03b1\u03b9 \u03c4\u1f70\u03c2 \u1f05\u03c0\u03b1\u03bd\u03c4\u03b1\n<pb id=\"v.2.p.74\" /> \u1f10\u03c0\u03b9\u03c4\u03b5\u03bb\u03bf\u03cd\u03c3\u03b1\u03c2: \u03b5\u1f30 \u03bc\u1f74 \u03bc\u03b5\u03c4\u03b1\u03bc\u03ad\u03bb\u03b5\u03b9 \u03c3\u03bf\u03b9 \u1f10\u03ba\u03b5\u03af\u03bd\u03c9\u03bd \u03ba\u03b1\u1f76 \u1f00\u03bd\u03b1\u03c4\u03af\u03b8\u03b5\u03c3\u03b1\u03b9 \u03b1\u1f56\u03b8\u03b9\u03c2 \u03c4\u1f70 \u03b5\u1f30\u03c1\u03b7\u03bc\u03ad\u03bd\u03b1 \u03ba\u03b1\u1f76 \u1f00\u03bc\u03c6\u03b9\u03c3\u03b2\u03b7\u03c4\u03b5\u1fd6\u03c4\u03b5 \u03c4\u1fc6\u03c2 \u1f10\u03c0\u03b9\u03bc\u03b5\u03bb\u03b5\u03af\u03b1\u03c2 \u03c0\u03b1\u03c1\u03c9\u03c3\u03ac\u03bc\u03b5\u03bd\u03bf\u03b9 \u03c4\u1f74\u03bd \u0395\u1f31\u03bc\u03b1\u03c1\u03bc\u03ad\u03bd\u03b7\u03bd;\n</p>\n            </sp>\n            <sp>\n               <speaker>\u0396\u03b5\u03cd\u03c2</speaker>\n               <p>\n                  </p></sp></div1></body></text></TEI.2> <?xml version=\"1.0\" encoding=\"utf-8\"?>\n<TEI.2><text><body><div1 org=\"uniform\" sample=\"complete\"><sp><p><milestone unit=\"section\" n=\"11\" /> \u03bf\u1f50\u03b4\u03b1\u03bc\u1ff6\u03c2, \u1f00\u03bb\u03bb\u1fbd \u1f21 \u039c\u03bf\u1fd6\u03c1\u03b1 \u03b4\u03b9\u1fbd \u1f21\u03bc\u1ff6\u03bd \u1f15\u03ba\u03b1\u03c3\u03c4\u03b1 \u1f10\u03c0\u03b9\u03c4\u03b5\u03bb\u03b5\u1fd6.\n</p>\n            </sp>\n            <sp>\n               <speaker>\u039a\u03c5\u03bd\u03af\u03c3\u03ba\u03bf\u03c2</speaker>\n               <p> \u03bc\u03b1\u03bd\u03b8\u03ac\u03bd\u03c9: \u1f51\u03c0\u03b7\u03c1\u03ad\u03c4\u03b1\u03b9 \u03ba\u03b1\u1f76 \u03b4\u03b9\u03ac\u03ba\u03bf\u03bd\u03bf\u03af \u03c4\u03b9\u03bd\u03b5\u03c2 \u03c4\u1ff6\u03bd \u039c\u03bf\u03b9\u03c1\u1ff6\u03bd \u03b5\u1f36\u03bd\u03b1\u03af \u03c6\u03b1\u03c4\u03b5. \u03c0\u03bb\u1f74\u03bd \u1f00\u03bb\u03bb\u1f70 \u03ba\u03b1\u1f76 \u03bf\u1f55\u03c4\u03c9\u03c2 \u1f10\u03ba\u03b5\u1fd6\u03bd\u03b1\u03b9\n\u1f02\u03bd \u03b5\u1f36\u03b5\u03bd \u03b1\u1f31 \u03c0\u03c1\u03bf\u03bd\u03bf\u03bf\u1fe6\u03c3\u03b1\u03b9, \u1f51\u03bc\u03b5\u1fd6\u03c2 \u03b4\u1f72 \u1f65\u03c3\u03c0\u03b5\u03c1 \u03c3\u03ba\u03b5\u03cd\u03b7 \u03c4\u03b9\u03bd\u1f70\n\u03ba\u03b1\u1f76 \u1f10\u03c1\u03b3\u03b1\u03bb\u03b5\u1fd6\u03ac \u1f10\u03c3\u03c4\u03b5 \u03b1\u1f50\u03c4\u1ff6\u03bd.\n</p>\n            </sp>\n            <sp>\n               <speaker>\u0396\u03b5\u03cd\u03c2</speaker>\n               <p> \u03c0\u1ff6\u03c2 \u03bb\u03ad\u03b3\u03b5\u03b9\u03c2;\n</p>\n            </sp>\n            <sp>\n               <speaker>\u039a\u03c5\u03bd\u03af\u03c3\u03ba\u03bf\u03c2</speaker>\n               <p>\n\u1f65\u03c3\u03c0\u03b5\u03c1, \u03bf\u1f36\u03bc\u03b1\u03b9, \u03ba\u03b1\u1f76 \u03c4\u1f78 \u03c3\u03ba\u03ad\u03c0\u03b1\u03c1\u03bd\u03bf\u03bd \u03c4\u1ff7 \u03c4\u03ad\u03ba\u03c4\u03bf\u03bd\u03b9 \u03ba\u03b1\u1f76 \u03c4\u1f78 \u03c4\u03c1\u03cd\u03c0\u03b1\u03bd\u03bf\u03bd \u03c3\u03c5\u03bd\u03b5\u03c1\u03b3\u03b5\u1fd6 \u03bc\u03ad\u03bd \u03c4\u03b9 \u03c0\u03c1\u1f78\u03c2 \u03c4\u1f74\u03bd \u03c4\u03ad\u03c7\u03bd\u03b7\u03bd,\n\u03bf\u1f50\u03b4\u03b5\u1f76\u03c2 \u03b4\u1fbd \u1f02\u03bd \u03b5\u1f34\u03c0\u03bf\u03b9 \u1f61\u03c2 \u03c4\u03b1\u1fe6\u03c4\u03b1 \u1f41 \u03c4\u03b5\u03c7\u03bd\u03af\u03c4\u03b7\u03c2 \u1f10\u03c3\u03c4\u03af\u03bd, \u03bf\u1f50\u03b4\u1fbd\n\u1f21 \u03bd\u03b1\u1fe6\u03c2 \u1f14\u03c1\u03b3\u03bf\u03bd \u03c4\u03bf\u1fe6 \u03c3\u03ba\u03b5\u03c0\u03ac\u03c1\u03bd\u03bf\u03c5 \u1f22 \u03c4\u03bf\u1fe6 \u03c4\u03c1\u03c5\u03c0\u03ac\u03bd\u03bf\u03c5, \u1f00\u03bb\u03bb\u1f70 \u03c4\u03bf\u1fe6 \u03bd\u03b1\u03c5\u03c0\u03b7\u03b3\u03bf\u1fe6: \u1f00\u03bd\u03ac\u03bb\u03bf\u03b3\u03bf\u03bd \u03c4\u03bf\u03af\u03bd\u03c5\u03bd \u1f21 \u03bc\u1f72\u03bd \u03bd\u03b1\u03c5\u03c0\u03b7\u03b3\u03bf\u03c5\u03bc\u03ad\u03bd\u03b7 \u1f15\u03ba\u03b1\u03c3\u03c4\u03b1 \u1f21 \u0395\u1f31\u03bc\u03b1\u03c1\u03bc\u03ad\u03bd\u03b7 \u1f10\u03c3\u03c4\u03af\u03bd, \u1f51\u03bc\u03b5\u1fd6\u03c2\n\u03b4\u03ad, \u03b5\u1f34\u03c0\u03b5\u03c1 \u1f04\u03c1\u03b1, \u03c4\u03c1\u03cd\u03c0\u03b1\u03bd\u03b1 \u03ba\u03b1\u1f76 \u03c3\u03ba\u03ad\u03c0\u03b1\u03c1\u03bd\u03ac \u1f10\u03c3\u03c4\u03b5 \u03c4\u1ff6\u03bd \u039c\u03bf\u03b9\u03c1\u1ff6\u03bd: \u03ba\u03b1\u03af, \u1f61\u03c2 \u1f14\u03bf\u03b9\u03ba\u03b5\u03bd, \u03bf\u1f31 \u1f04\u03bd\u03b8\u03c1\u03c9\u03c0\u03bf\u03b9 \u03b4\u03ad\u03bf\u03bd \u03c4\u1fc7 \u0395\u1f31\u03bc\u03b1\u03c1\u03bc\u03ad\u03bd\u1fc3 \u03b8\u03cd\u03b5\u03b9\u03bd \u03ba\u03b1\u1f76 \u03c0\u03b1\u03c1\u1fbd \u1f10\u03ba\u03b5\u03af\u03bd\u03b7\u03c2 \u03b1\u1f30\u03c4\u03b5\u1fd6\u03bd \u03c4\u1f00\u03b3\u03b1\u03b8\u03ac,\n\u03bf\u1f31 \u03b4\u1fbd \u1f10\u03c6\u1fbd \u1f51\u03bc\u1fb6\u03c2 \u1f34\u03b1\u03c3\u03b9 \u03c0\u03c1\u03bf\u03c3\u03cc\u03b4\u03bf\u03b9\u03c2 \u03ba\u03b1\u1f76 \u03b8\u03c5\u03c3\u03af\u03b1\u03b9\u03c2 \u03b3\u03b5\u03c1\u03b1\u03af\u03c1\u03bf\u03bd\u03c4\u03b5\u03c2: \u1f22 \u03bf\u1f50\u03b4\u1f72 \u03c4\u1f74\u03bd \u0395\u1f31\u03bc\u03b1\u03c1\u03bc\u03ad\u03bd\u03b7\u03bd \u03c4\u03b9\u03bc\u1ff6\u03bd\u03c4\u03b5\u03c2 \u03b5\u1f30\u03c2 \u03b4\u03ad\u03bf\u03bd\n\u1f02\u03bd \u03b1\u1f50\u03c4\u1f78 \u1f14\u03c0\u03c1\u03b1\u03c4\u03c4\u03bf\u03bd \u03bf\u1f50 \u03b3\u1f70\u03c1 \u03bf\u1f36\u03bc\u03b1\u03b9 \u03b4\u03c5\u03bd\u03b1\u03c4\u1f78\u03bd \u03b5\u1f36\u03bd\u03b1\u03b9\n\u03bf\u1f50\u03b4\u1f72 \u03b1\u1f50\u03c4\u03b1\u1fd6\u03c2 \u1f14\u03c4\u03b9 \u03c4\u03b1\u1fd6\u03c2 \u039c\u03bf\u03af\u03c1\u03b1\u03b9\u03c2 \u1f00\u03bb\u03bb\u03ac\u03be\u03b1\u03b9 \u03c4\u03b9 \u03ba\u03b1\u1f76 \u03bc\u03b5\u03c4\u03b1\u03c4\u03c1\u03ad\u03c8\u03b1\u03b9 \u03c4\u1ff6\u03bd \u1f10\u03be \u1f00\u03c1\u03c7\u1fc6\u03c2 \u03b4\u03bf\u03be\u03ac\u03bd\u03c4\u03c9\u03bd \u03c0\u03b5\u03c1\u1f76 \u1f11\u03ba\u03ac\u03c3\u03c4\u03bf\u03c5:\n\u1f21 \u03b3\u03bf\u1fe6\u03bd \u1f0c\u03c4\u03c1\u03bf\u03c0\u03bf\u03c2 \u03bf\u1f50\u03ba \u1f00\u03bd\u03ac\u03c3\u03c7\u03bf\u03b9\u03c4\u1fbd \u1f04\u03bd, \u03b5\u1f34 \u03c4\u03b9\u03c2 \u03b5\u1f30\u03c2 \u03c4\u1f78 \u1f10\u03bd\u03b1\u03bd\u03c4\u03af\u03bf\u03bd \u03c3\u03c4\u03c1\u03ad\u03c8\u03b5\u03b9\u03b5 \u03c4\u1f78\u03bd \u1f04\u03c4\u03c1\u03b1\u03ba\u03c4\u03bf\u03bd \u1f00\u03bd\u03b1\u03bb\u03cd\u03c9\u03bd \u03c4\u1fc6\u03c2 \u039a\u03bb\u03c9\u03b8\u03bf\u1fe6\u03c2 \u03c4\u1f78 \u1f14\u03c1\u03b3\u03bf\u03bd.\n<pb id=\"v.2.p.76\" />\n               </p>\n            </sp>\n            <sp>\n               <speaker>\u0396\u03b5\u03cd\u03c2</speaker>\n               <p>\n                  </p></sp></div1></body></text></TEI.2> <?xml version=\"1.0\" encoding=\"utf-8\"?>\n<TEI.2><text><body><div1 org=\"uniform\" sample=\"complete\"><sp><p><milestone unit=\"section\" n=\"12\" /> \u03c3\u1f7a \u03b4\u1fbd \u1f24\u03b4\u03b7, \u1f66 \u039a\u03c5\u03bd\u03af\u03c3\u03ba\u03b5, \u03bf\u1f50\u03b4\u1f72 \u03c4\u1f70\u03c2 \u039c\u03bf\u03af\u03c1\u03b1\u03c2 \u03c4\u03b9\u03bc\u1fb6\u03c3\u03b8\u03b1\u03b9 \u03c0\u03c1\u1f78\u03c2 \u03c4\u1ff6\u03bd \u1f00\u03bd\u03b8\u03c1\u03ce\u03c0\u03c9\u03bd \u1f00\u03be\u03b9\u03bf\u1fd6\u03c2; \u1f00\u03bb\u03bb\u1fbd \u1f14\u03bf\u03b9\u03ba\u03b1\u03c2\n\u1f05\u03c0\u03b1\u03bd\u03c4\u03b1 \u03c3\u03c5\u03b3\u03c7\u03b5\u1fd6\u03bd \u03c0\u03c1\u03bf\u03b1\u03b9\u03c1\u03b5\u1fd6\u03c3\u03b8\u03b1\u03b9. \u1f21\u03bc\u03b5\u1fd6\u03c2 \u03b4\u1f72 \u03b5\u1f30 \u03ba\u03b1\u1f76 \u03bc\u03b7\u03b4\u03b5\u03bd\u1f78\u03c2 \u1f04\u03bb\u03bb\u03bf\u03c5 \u1f15\u03bd\u03b5\u03ba\u03b1, \u03c4\u03bf\u1fe6 \u03b3\u03b5 \u03bc\u03b1\u03bd\u03c4\u03b5\u03cd\u03b5\u03c3\u03b8\u03b1\u03b9 \u03ba\u03b1\u1f76 \u03c0\u03c1\u03bf\u03bc\u03b7\u03bd\u03cd\u03b5\u03b9\u03bd \u1f15\u03ba\u03b1\u03c3\u03c4\u03b1 \u03c4\u1ff6\u03bd \u1f51\u03c0\u1f78 \u03c4\u1fc6\u03c2 \u039c\u03bf\u03af\u03c1\u03b1\u03c2 \u03ba\u03b5\u03ba\u03c5\u03c1\u03c9\u03bc\u03ad\u03bd\u03c9\u03bd \u03b4\u03b9\u03ba\u03b1\u03af\u03c9\u03c2 \u03c4\u03b9\u03bc\u1ff4\u03bc\u03b5\u03b8\u1fbd \u1f04\u03bd.\n</p>\n            </sp>\n            <sp>\n               <speaker>\u039a\u03c5\u03bd\u03af\u03c3\u03ba\u03bf\u03c2</speaker>\n               <p> \u03c4\u1f78 \u03bc\u1f72\u03bd \u1f45\u03bb\u03bf\u03bd, \u1f04\u03c7\u03c1\u03b7\u03c3\u03c4\u03bf\u03bd, \u1f66 \u0396\u03b5\u1fe6, \u03c0\u03c1\u03bf\u03b5\u03b9\u03b4\u03ad\u03bd\u03b1\u03b9 \u03c4\u1f70 \u03bc\u03ad\u03bb\u03bb\u03bf\u03bd\u03c4\u03b1 \u03bf\u1f37\u03c2 \u03b3\u03b5 \u03c4\u1f78 \u03c6\u03c5\u03bb\u03ac\u03be\u03b1\u03c3\u03b8\u03b1\u03b9 \u03b1\u1f50\u03c4\u1f70 \u03c0\u03b1\u03bd\u03c4\u03b5\u03bb\u1ff6\u03c2 \u1f00\u03b4\u03cd\u03bd\u03b1\u03c4\u03bf\u03bd \u03b5\u1f30 \u03bc\u1f74 \u1f04\u03c1\u03b1 \u03c4\u03bf\u1fe6\u03c4\u03bf \u03c6\u03ae\u03c2, \u1f61\u03c2 \u1f41 \u03c0\u03c1\u03bf\u03bc\u03b1\u03b8\u1f7c\u03bd \u1f45\u03c4\u03b9 \u1f51\u03c0\u1fbd \u03b1\u1f30\u03c7\u03bc\u1fc6\u03c2 \u03c3\u03b9\u03b4\u03b7\u03c1\u1fb6\u03c2 \u03c4\u03b5\u03b8\u03bd\u03ae\u03be\u03b5\u03c4\u03b1\u03b9 \u03b4\u03cd\u03bd\u03b1\u03b9\u03c4\u1fbd \u1f02\u03bd \u1f10\u03ba\u03c6\u03c5\u03b3\u03b5\u1fd6\u03bd \u03c4\u1f78\u03bd \u03b8\u03ac\u03bd\u03b1\u03c4\u03bf\u03bd \u03ba\u03b1\u03b8\u03b5\u03af\u03c1\u03be\u03b1\u03c2 \u1f11\u03b1\u03c5\u03c4\u03cc\u03bd; \u1f00\u03bb\u03bb\u1fbd \u1f00\u03b4\u03cd\u03bd\u03b1\u03c4\u03bf\u03bd \u1f10\u03be\u03ac\u03be\u03b5\u03b9 ^ \u03b3\u1f70\u03c1 \u03b1\u1f50\u03c4\u1f78\u03bd \u1f21 \u039c\u03bf\u1fd6\u03c1\u03b1 \u03ba\u03c5\u03bd\u03b7\u03b3\u03b5\u03c4\u03ae\u03c3\u03bf\u03bd\u03c4\u03b1 \u03ba\u03b1\u1f76 \u03c0\u03b1\u03c1\u03b1\u03b4\u03ce\u03c3\u03b5\u03b9 \u03c4\u1fc7 \u03b1\u1f30\u03c7\u03bc\u1fc7: \u03ba\u03b1\u1f76 \u1f41 \u1f0c\u03b4\u03c1\u03b1\u03c3\u03c4\u03bf\u03c2 \u1f10\u03c0\u1f76 \u03c4\u1f78\u03bd \u03c3\u1fe6\u03bd \u1f00\u03c6\u03b5\u1f76\u03c2 \u03c4\u1f74\u03bd \u03bb\u03cc\u03b3\u03c7\u03b7\u03bd \u1f10\u03ba\u03b5\u03af\u03bd\u03bf\u03c5 \u03bc\u1f72\u03bd \u1f01\u03bc\u03b1\u03c1\u03c4\u03ae\u03c3\u03b5\u03c4\u03b1\u03b9, \u03c6\u03bf\u03bd\u03b5\u03cd\u03c3\u03b5\u03b9 \u03b4\u1f72 \u03c4\u1f78\u03bd \u039a\u03c1\u03bf\u03af\u03c3\u03bf\u03c5 \u03c0\u03b1\u1fd6\u03b4\u03b1, \u1f61\u03c2 \u1f02\u03bd \u1f00\u03c0\u1fbd \u1f30\u03c3\u03c7\u03c5\u03c1\u1fb6\u03c2 \u1f10\u03bc\u03b2\u03bf\u03bb\u1fc6\u03c2 \u03c4\u1ff6\u03bd \u039c\u03bf\u03b9\u03c1\u1ff6\u03bd \u03c6\u03b5\u03c1\u03bf\u03bc\u03ad\u03bd\u03bf\u03c5 \u03c4\u03bf\u1fe6\n</p></sp></div1></body></text></TEI.2> <?xml version=\"1.0\" encoding=\"utf-8\"?>\n<TEI.2><text><body><div1 org=\"uniform\" sample=\"complete\"><sp><p><milestone unit=\"section\" n=\"13\" /> \u1f00\u03ba\u03bf\u03bd\u03c4\u03af\u03bf\u03c5 \u1f10\u03c0\u1f76 \u03c4\u1f78\u03bd \u03bd\u03b5\u03b1\u03bd\u03af\u03c3\u03ba\u03bf\u03bd. \u03c4\u1f78 \u03bc\u1f72\u03bd \u03b3\u1f70\u03c1 \u03c4\u03bf\u1fe6\n\u039b\u03b1\u0390\u03bf\u03c5 \u03ba\u03b1\u1f76 \u03b3\u03b5\u03bb\u03bf\u1fd6\u03bf\u03bd, \u03c4\u03cc:\n\u03bc\u1f74 \u03c3\u03c0\u03b5\u1fd6\u03c1\u03b5 \u03c4\u03ad\u03ba\u03bd\u03c9\u03bd \u1f04\u03bb\u03bf\u03ba\u03b1 \u03b4\u03b1\u03b9\u03bc\u03cc\u03bd\u03c9\u03bd \u03b2\u03af\u1fb3:\n\u03b5\u1f30 \u03b3\u1f70\u03c1 \u03c4\u03b5\u03ba\u03bd\u03ce\u03c3\u03b5\u03b9\u03c2 \u03c6\u03b7\u03c3\u1f76 \u03c0\u03b1\u1fd6\u03b4\u1fbd, \u1f00\u03c0\u03bf\u03ba\u03c4\u03b5\u03bd\u03b5\u1fd6 \u03c21\u1fbd \u1f41 \u03c6\u03cd\u03c2.\n\u03c0\u03b5\u03c1\u03b9\u03c4\u03c4\u1f74 \u03b3\u03ac\u03c1, \u03bf\u1f36\u03bc\u03b1\u03b9, \u1f21 \u03c0\u03b1\u03c1\u03b1\u03af\u03bd\u03b5\u03c3\u03b9\u03c2 \u03c0\u03c1\u1f78\u03c2 \u03c4\u1f70 \u03c0\u03ac\u03bd\u03c4\u03c9\u03c2\n\u03bf\u1f55\u03c4\u03c9 \u03b3\u03b5\u03bd\u03b7\u03c3\u03cc\u03bc\u03b5\u03bd\u03b1. \u03c4\u03bf\u03b9\u03b3\u03ac\u03c1\u03c4\u03bf\u03b9 \u03bc\u03b5\u03c4\u1f70 \u03c4\u1f78\u03bd \u03c7\u03c1\u03b7\u03c3\u03bc\u1f78\u03bd \u03ba\u03b1\u1f76 \u1f14\u03c3\u03c0\u03b5\u03b9\u03c1\u03b5\u03bd \u03ba\u03b1\u1f76 \u1f41 \u03c6\u1f7a\u03c2 \u1f00\u03c0\u03ad\u03ba\u03c4\u03b5\u03b9\u03bd\u03b5\u03bd \u03b1\u1f50\u03c4\u03cc\u03bd. \u1f65\u03c3\u03c4\u03b5\n\u03bf\u1f50\u03c7 \u1f41\u03c1\u1ff6 \u1f00\u03bd\u03b8\u1fbd \u1f45\u03c4\u03bf\u03c5 \u1f00\u03c0\u03b1\u03b9\u03c4\u03b5\u1fd6\u03c4\u03b5 \u03c4\u1f78\u03bd \u03bc\u03b9\u03c3\u03b8\u1f78\u03bd \u1f10\u03c0\u1f76 \u03c4\u1fc7\n</p></sp></div1></body></text></TEI.2> <?xml version=\"1.0\" encoding=\"utf-8\"?>\n<TEI.2><text><body><div1 org=\"uniform\" sample=\"complete\"><sp><p><milestone unit=\"section\" n=\"14\" /> \u03bc\u03b1\u03bd\u03c4\u03b9\u03ba\u1fc7. \u1f10\u1ff6 \u03b3\u1f70\u03c1 \u03bb\u03ad\u03b3\u03b5\u03b9\u03bd \u1f61\u03c2 \u03bb\u03bf\u03be\u1f70 \u03ba\u03b1\u1f76\n\u1f10\u03c0\u03b1\u03bc\u03c6\u03bf\u03c4\u03b5\u03c1\u03af\u03b6\u03bf\u03bd\u03c4\u03b1 \u03c4\u03bf\u1fd6\u03c2 \u03c0\u03bf\u03bb\u03bb\u03bf\u1fd6\u03c2 \u03c7\u03c1\u1fb6\u03bd \u03b5\u1f30\u03ce\u03b8\u03b1\u03c4\u03b5, \u03bf\u1f50 \u03c0\u03ac\u03bd\u03c5\n<pb id=\"v.2.p.78\" /> \u1f00\u03c0\u03bf\u03c3\u03b1\u03c6\u03bf\u1fe6\u03bd\u03c4\u03b5\u03c2 \u03b5\u1f30 \u1f41 \u03c4\u1f78\u03bd \u1f0d\u03bb\u03c5\u03bd \u03b4\u03b9\u03b1\u03b2\u1f70\u03c2 \u03c4\u1f74\u03bd \u03b1\u1f51\u03c4\u03bf\u1fe6 \u1f00\u03c1\u03c7\u1f74\u03bd \u03ba\u03b1\u03c4\u03b1\u03bb\u03cd\u03c3\u03b5\u03b9 \u1f22 \u03c4\u1f74\u03bd \u03c4\u03bf\u1fe6 \u039a\u03cd\u03c1\u03bf\u03c5: \u1f04\u03bc\u03c6\u03c9 \u03b3\u1f70\u03c1 \u03b4\u03cd\u03bd\u03b1\u03c4\u03b1\u03b9\n\u1f41 \u03c7\u03c1\u03b7\u03c3\u03bc\u03cc\u03c2.\n</p>\n            </sp>\n            <sp>\n               <speaker>\u0396\u03b5\u03cd\u03c2</speaker>\n               <p>\n\u1f26\u03bd \u03c4\u03b9\u03c2, \u1f66 \u039a\u03c5\u03bd\u03af\u03c3\u03ba\u03b5, \u03c4\u1ff7 \u1f08\u03c0\u03cc\u03bb\u03bb\u03c9\u03bd\u03b9 \u1f40\u03c1\u03b3\u1fc6\u03c2 \u03b1\u1f30\u03c4\u03af\u03b1 \u03ba\u03b1\u03c4\u1f70 \u03c4\u03bf\u1fe6 \u039a\u03c1\u03bf\u03af\u03c3\u03bf\u03c5, \u03b4\u03b9\u03cc\u03c4\u03b9 \u1f10\u03c0\u03b5\u03b9\u03c1\u1fb6\u03c4\u03bf \u1f10\u03ba\u03b5\u1fd6\u03bd\u03bf\u03c2 \u03b1\u1f50\u03c4\u03bf\u1fe6 \u1f04\u03c1\u03bd\u03b5\u03b9\u03b1 \u03ba\u03c1\u03ad\u03b1 \u03ba\u03b1\u1f76 \u03c7\u03b5\u03bb\u03ce\u03bd\u03b7\u03bd \u1f10\u03c2 \u03c4\u1f78 \u03b1\u1f50\u03c4\u1f78 \u1f15\u03c8\u03c9\u03bd.\n</p>\n            </sp>\n            <sp>\n               <speaker>\u039a\u03c5\u03bd\u03af\u03c3\u03ba\u03bf\u03c2</speaker>\n               <p> \u1f10\u03c7\u03c1\u1fc6\u03bd \u03bc\u1f72\u03bd \u03bc\u03b7\u03b4\u1f72 \u1f40\u03c1\u03b3\u03af\u03b6\u03b5\u03c3\u03b8\u03b1\u03b9 \u03b8\u03b5\u1f78\u03bd \u1f44\u03bd\u03c4\u03b1: \u03c0\u03bb\u1f74\u03bd \u1f00\u03bb\u03bb\u1f70 \u03ba\u03b1\u1f76 \u03c4\u1f78 \u1f10\u03be\u03b1\u03c0\u03b1\u03c4\u03b7\u03b8\u1fc6\u03bd\u03b1\u03b9 \u03c4\u1ff7 \u039b\u03c5\u03b4\u1ff7 ^ \u1f10\u03c0\u03ad\u03c0\u03c1\u03c9\u03c4\u03bf,\n\u03bf\u1f36\u03bc\u03b1\u03b9, \u03ba\u03b1\u1f76 \u1f45\u03bb\u03c9\u03c2 ^ \u03c4\u1f78 \u03bc\u1f74 \u03c3\u03b1\u03c6\u1ff6\u03c2 \u1f00\u03ba\u03bf\u1fe6\u03c3\u03b1\u03b9 \u03c4\u1f70 \u03bc\u03ad\u03bb\u03bb\u03bf\u03bd\u03c4\u03b1 \u1f21 \u0395\u1f31\u03bc\u03b1\u03c1\u03bc\u03ad\u03bd\u03b7 \u1f10\u03c0\u03ad\u03ba\u03bb\u03c9\u03c3\u03b5\u03bd \u1f65\u03c3\u03c4\u03b5 \u03ba\u03b1\u1f76 ^ \u03bc\u03b1\u03bd\u03c4\u03b9\u03ba\u1f74 \u1f51\u03bc\u1ff6\u03bd \u1f10\u03ba\u03b5\u03af\u03bd\u03b7\u03c2 \u03bc\u03ad\u03c1\u03bf\u03c2 \u1f10\u03c3\u03c4\u03af\u03bd.\n</p>\n            </sp>\n            <sp>\n               <speaker>\u0396\u03b5\u03cd\u03c2</speaker>\n               <p>\n                  </p></sp></div1></body></text></TEI.2> <?xml version=\"1.0\" encoding=\"utf-8\"?>\n<TEI.2><text><body><div1 org=\"uniform\" sample=\"complete\"><sp><p><milestone unit=\"section\" n=\"15\" /> \u1f21\u03bc\u1fd6\u03bd \u03b4\u1f72 \u03bf\u1f50\u03b4\u1f72\u03bd \u1f00\u03c0\u03bf\u03bb\u03b5\u03af\u03c0\u03b5\u03b9\u03c2, \u1f00\u03bb\u03bb\u1f70 \u03bc\u03ac\u03c4\u03b7\u03bd \u03b8\u03b5\u03bf\u03af \u1f10\u03c3\u03bc\u03b5\u03bd, \u03bf\u1f54\u03c4\u03b5 \u03c0\u03c1\u03cc\u03bd\u03bf\u03b9\u03ac\u03bd \u03c4\u03b9\u03bd\u03b1 \u03b5\u1f30\u03c3\u03c6\u03b5\u03c1\u03cc\u03bc\u03b5\u03bd\u03bf\u03b9 \u03b5\u1f30\u03c2 \u03c4\u1f70 \u03c0\u03c1\u03ac\u03b3\u03bc\u03b1\u03c4\u03b1 \u03bf\u1f54\u03c4\u03b5 \u03c4\u1ff6\u03bd \u03b8\u03c5\u03c3\u03b9\u1ff6\u03bd \u1f04\u03be\u03b9\u03bf\u03b9 \u03ba\u03b1\u03b8\u03ac\u03c0\u03b5\u03c1 \u03c4\u03c1\u03cd\u03c0\u03b1\u03bd\u03b1 \u1f61\u03c2 \u1f00\u03bb\u03b7\u03b8\u1ff6\u03c2 \u1f22 \u03c3\u03ba\u03ad\u03c0\u03b1\u03c1\u03bd\u03b1; \u03ba\u03b1\u03af \u03bc\u03bf\u03b9 \u03b4\u03bf\u03ba\u03b5\u1fd6\u03c2 \u03b5\u1f30\u03ba\u03cc\u03c4\u03c9\u03c2 \u03bc\u03bf\u03c5 \u03ba\u03b1\u03c4\u03b1\u03c6\u03c1\u03bf\u03bd\u03b5\u1fd6\u03bd, \u1f45\u03c4\u03b9 \u03ba\u03b5\u03c1\u03b1\u03c5\u03bd\u03cc\u03bd, \u1f61\u03c2 \u1f41\u03c1\u1fb7\u03c2, \u03b4\u03b9\u03b7\u03b3\u03ba\u03c5\u03bb\u03b7\u03bc\u03ad\u03bd\u03bf\u03c2 \u1f00\u03bd\u03ad\u03c7\u03bf\u03bc\u03b1\u03af \u03c3\u03b5 \u03c4\u03bf\u03c3\u03b1\u1fe6\u03c4\u03b1 \u03ba\u03b1\u03b8\u1fbd \u1f21\u03bc\u1ff6\u03bd \u03b4\u03b9\u03b5\u03be\u03b9\u03cc\u03bd\u03c4\u03b1.\n</p>\n            </sp>\n            <sp>\n               <speaker>\u039a\u03c5\u03bd\u03af\u03c3\u03ba\u03bf\u03c2</speaker>\n               <p> \u03b2\u03ac\u03bb\u03bb\u03b5, \u1f66 \u0396\u03b5\u1fe6, \u03b5\u1f34 \u03bc\u03bf\u03b9 \u03ba\u03b1\u1f76 \u03ba\u03b5\u03c1\u03b1\u03c5\u03bd\u1ff7 \u03c0\u03bb\u03b7\u03b3\u1fc6\u03bd\u03b1\u03b9\n\u03b5\u1f35\u03bc\u03b1\u03c1\u03c4\u03b1\u03b9, \u03ba\u03b1\u1f76 \u03c3\u1f72 \u03bf\u1f50\u03b4\u1f72\u03bd \u03b1\u1f30\u03c4\u03b9\u03ac\u03c3\u03bf\u03bc\u03b1\u03b9 \u03c4\u1fc6\u03c2 \u03c0\u03bb\u03b7\u03b3\u1fc6\u03c2, \u1f00\u03bb\u03bb\u1f70 \u03c4\u1f74\u03bd \u039a\u03bb\u03c9\u03b8\u1f7c \u03c4\u1f74\u03bd \u03b4\u03b9\u1f70 \u03c3\u03bf\u1fe6 \u03c4\u03b9\u03c4\u03c1\u03ce\u03c3\u03ba\u03bf\u03c5\u03c3\u03b1\u03bd \u03bf\u1f50\u03b4\u1f72\n<pb id=\"v.2.p.80\" /> \u03b3\u1f70\u03c1 \u03c4\u1f78\u03bd \u03ba\u03b5\u03c1\u03b1\u03c5\u03bd\u1f78\u03bd \u03b1\u1f50\u03c4\u1f78\u03bd \u03c6\u03b1\u03af\u03b7\u03bd \u1f02\u03bd \u03b1\u1f34\u03c4\u03b9\u03bf\u03bd \u03bc\u03bf\u03b9\n\u03b3\u03b5\u03bd\u03ad\u03c3\u03b8\u03b1\u03b9 \u03c4\u03bf\u1fe6 \u03c4\u03c1\u03b1\u03cd\u03bc\u03b1\u03c4\u03bf\u03c2. \u03c0\u03bb\u1f74\u03bd \u1f10\u03ba\u03b5\u1fd6\u03bd\u03cc \u03b3\u03b5 \u1f51\u03bc\u1fb6\u03c2 \u1f10\u03c1\u03ae\u03c3\u03bf\u03bc\u03b1\u03b9 \u03ba\u03b1\u1f76 \u03c3\u1f72 \u03ba\u03b1\u1f76 \u03c4\u1f74\u03bd \u0395\u1f31\u03bc\u03b1\u03c1\u03bc\u03ad\u03bd\u03b7\u03bd \u03c3\u1f7a \u03b4\u03ad \u03bc\u03bf\u03b9\n\u03ba\u03b1\u1f76 \u1f51\u03c0\u1f72\u03c1 \u1f10\u03ba\u03b5\u03af\u03bd\u03b7\u03c2 \u1f00\u03c0\u03cc\u03ba\u03c1\u03b9\u03bd\u03b1\u03b9: \u1f00\u03bd\u03ad\u03bc\u03bd\u03b7\u03c3\u03b1\u03c2 \u03b3\u03ac\u03c1 \u03bc\u03b5\n</p></sp></div1></body></text></TEI.2> <?xml version=\"1.0\" encoding=\"utf-8\"?>\n<TEI.2><text><body><div1 org=\"uniform\" sample=\"complete\"><sp><p><milestone unit=\"section\" n=\"16\" /> \u1f00\u03c0\u03b5\u03b9\u03bb\u03ae\u03c3\u03b1\u03c2. \u03c4\u03af \u03b4\u03ae\u03c0\u03bf\u03c4\u03b5 \u03c4\u03bf\u1f7a\u03c2 \u1f31\u03b5\u03c1\u03bf\u03c3\u03cd\u03bb\u03bf\u03c5\u03c2 \u03ba\u03b1\u1f76 \u03bb\u1fc3\u03c3\u03c4\u1f70\u03c2 \u1f00\u03c6\u03ad\u03bd\u03c4\u03b5\u03c2 \u03ba\u03b1\u1f76 \u03c4\u03bf\u03c3\u03bf\u03cd\u03c4\u03bf\u03c5\u03c2 \u1f51\u03b2\u03c1\u03b9\u03c3\u03c4\u1f70\u03c2 \u03ba\u03b1\u1f76 \u03b2\u03b9\u03b1\u03af\u03bf\u03c5\u03c2 \u03ba\u03b1\u1f76 \u1f10\u03c0\u03b9\u03cc\u03c1\u03ba\u03bf\u03c5\u03c2 \u03b4\u03c1\u1fe6\u03bd \u03c4\u03b9\u03bd\u03b1 \u03c0\u03bf\u03bb\u03bb\u03ac\u03ba\u03b9\u03c2 \u03ba\u03b5\u03c1\u03b1\u03c5\u03bd\u03bf\u1fe6\u03c4\u03b5 \u1f22 \u03bb\u03af\u03b8\u03bf\u03bd \u1f22 \u03bd\u03b5\u1f7c\u03c2 \u1f31\u03c3\u03c4\u1f78\u03bd \u03bf\u1f50\u03b4\u1f72\u03bd \u1f00\u03b4\u03b9\u03ba\u03bf\u03cd\u03c3\u03b7\u03c2, \u1f10\u03bd\u03af\u03bf\u03c4\u03b5 \u03b4\u1f72 \u03c7\u03c1\u03b7\u03c3\u03c4\u03cc\u03bd \u03c4\u03b9\u03bd\u03b1 \u03ba\u03b1\u1f76 \u1f45\u03c3\u03b9\u03bf\u03bd \u1f41\u03b4\u03bf\u03b9\u03c0\u03cc\u03c1\u03bf\u03bd; \u03c4\u03af \u03c3\u03b9\u03c9\u03c0\u1fb7\u03c2, \u1f66 \u0396\u03b5\u1fe6; \u1f22 \u03bf\u1f50\u03b4\u1f72 \u03c4\u03bf\u1fe6\u03c4\u03cc \u03bc\u03b5 \u03b8\u03ad\u03bc\u03b9\u03c2 \u03b5\u1f30\u03b4\u03ad\u03bd\u03b1\u03b9;\n</p>\n            </sp>\n            <sp>\n               <speaker>\u0396\u03b5\u03cd\u03c2</speaker>\n               <p>\n\u03bf\u1f50 \u03b3\u03ac\u03c1, \u1f66 \u039a\u03c5\u03bd\u03af\u03c3\u03ba\u03b5. \u03c3\u1f7a \u03b4\u1f72 \u03c0\u03bf\u03bb\u03c5\u03c0\u03c1\u03ac\u03b3\u03bc\u03c9\u03bd \u03c4\u03b9\u03c2\n\u03b5\u1f36 \u03ba\u03b1\u1f76 \u03bf\u1f50\u03ba \u03bf\u1f36\u03b4\u1fbd \u1f45\u03b8\u03b5\u03bd \u03c4\u03b1\u1fe6\u03c4\u03b1 \u1f25\u03ba\u03b5\u03b9\u03c2 \u03bc\u03bf\u03b9\n\u03c3\u03c5\u03bc\u03c0\u03b5\u03c6\u03bf\u03c1\u03b7\u03ba\u03ce\u03c2.\n</p>\n            </sp>\n            <sp>\n               <speaker>\u039a\u03c5\u03bd\u03af\u03c3\u03ba\u03bf\u03c2</speaker>\n               <p>\n\u03bf\u1f50\u03ba\u03bf\u1fe6\u03bd \u03bc\u03b7\u03b4\u1f72 \u1f10\u03ba\u03b5\u1fd6\u03bd\u03bf \u1f51\u03bc\u1fb6\u03c2 \u1f14\u03c1\u03c9\u03bc\u03b1\u03b9, \u03c3\u03ad \u03c4\u03b5 \u03ba\u03b1\u1f76 \u03c4\u1f74\u03bd \u03a0\u03c1\u03cc\u03bd\u03bf\u03b9\u03b1\u03bd \u03ba\u03b1\u1f76 \u03c4\u1f74\u03bd \u0395\u1f31\u03bc\u03b1\u03c1\u03bc\u03ad\u03bd\u03b7\u03bd, \u03c4\u03af \u03b4\u03ae\u03c0\u03bf\u03c4\u03b5 \u03a6\u03c9\u03ba\u03af\u03c9\u03bd \u03bc\u1f72\u03bd \u1f41 \u03c7\u03c1\u03b7\u03c3\u03c4\u1f78\u03c2 \u1f10\u03bd \u03c4\u03bf\u03c3\u03b1\u03cd\u03c4\u1fc3 \u03c0\u03b5\u03bd\u03af\u1fb3 \u03ba\u03b1\u1f76 \u03c3\u03c0\u03ac\u03bd\u03b5\u03b9 \u03c4\u1ff6\u03bd \u1f00\u03bd\u03b1\u03b3\u03ba\u03b1\u03af\u03c9\u03bd \u1f00\u03c0\u03ad\u03b8\u03b1\u03bd\u03b5 \u03ba\u03b1\u1f76 \u1f08\u03c1\u03b9\u03c3\u03c4\u03b5\u03af\u03b4\u03b7\u03c2 \u03c0\u03c1\u1f78 \u03b1\u1f50\u03c4\u03bf\u1fe6, \u039a\u03b1\u03bb\u03bb\u03af\u03b1\u03c2 \u03b4\u1f72 \u03ba\u03b1\u1f76 \u1f08\u03bb\u03ba\u03b9\u03b2\u03b9\u03ac\u03b4\u03b7\u03c2, \u1f00\u03ba\u03cc\u03bb\u03b1\u03c3\u03c4\u03b1 \u03bc\u03b5\u03b9\u03c1\u03ac\u03ba\u03b9\u03b1, \u1f51\u03c0\u03b5\u03c1\u03b5\u03c0\u03bb\u03bf\u03cd\u03c4\u03bf\u03c5\u03bd \u03ba\u03b1\u1f76 \u039c\u03b5\u03b9\u03b4\u03af\u03b1\u03c2 \u1f41 \u1f51\u03b2\u03c1\u03b9\u03c3\u03c4\u1f74\u03c2 \u03ba\u03b1\u1f76 \u03a7\u03ac\u03c1\u03bf\u03c8 \u1f41 \u0391\u1f30\u03b3\u03b9\u03bd\u03ae\u03c4\u03b7\u03c2, \u03ba\u03af\u03bd\u03b1\u03b9\u03b4\u03bf\u03c2 \u1f04\u03bd\u03b8\u03c1\u03c9\u03c0\u03bf\u03c2, \u03c4\u1f74\u03bd \u03bc\u03b7\u03c4\u03ad\u03c1\u03b1 \u03bb\u03b9\u03bc\u1ff7 \u1f00\u03c0\u03b5\u03ba\u03c4\u03bf\u03bd\u03ce\u03c2, \u03ba\u03b1\u1f76 \u03c0\u03ac\u03bb\u03b9\u03bd \u03a3\u03c9\u03ba\u03c1\u03ac\u03c4\u03b7\u03c2 \u03bc\u1f72\u03bd \u03c0\u03b1\u03c1\u03b5\u03b4\u03cc\u03b8\u03b7 \u03c4\u03bf\u1fd6\u03c2 \u1f15\u03bd\u03b4\u03b5\u03ba\u03b1, \u039c\u03ad\u03bb\u03b7\u03c4\u03bf\u03c2 \u03b4\u1f72 \u03bf\u1f50 \u03c0\u03b1\u03c1\u03b5\u03b4\u03cc\u03b8\u03b7,\n\u03ba\u03b1\u1f76 \u03a3\u03b1\u03c1\u03b4\u03b1\u03bd\u03ac\u03c0\u03b1\u03bb\u03bb\u03bf\u03c2 \u03bc\u1f72\u03bd \u1f10\u03b2\u03b1\u03c3\u03af\u03bb\u03b5\u03c5\u03b5 \u03b8\u1fc6\u03bb\u03c5\u03c2 \u1f64\u03bd, \u0393\u03ce\u03c7\u03b7\u03c2 \u03b4\u1f72 \u1f00\u03bd\u1f74\u03c1 \u1f10\u03bd\u03ac\u03c1\u03b5\u03c4\u03bf\u03c2 \u1f00\u03bd\u03b5\u03c3\u03ba\u03bf\u03bb\u03bf\u03c0\u03af\u03c3\u03b8\u03b7 \u03c0\u03c1\u1f78\u03c2\n</p></sp></div1></body></text></TEI.2> <?xml version=\"1.0\" encoding=\"utf-8\"?>\n<TEI.2><text><body><div1 org=\"uniform\" sample=\"complete\"><sp><p><milestone unit=\"section\" n=\"17\" /> \u03b1\u1f50\u03c4\u03bf\u1fe6, \u03b4\u03b9\u03cc\u03c4\u03b9 \u03bc\u1f74 \u1f20\u03c1\u03ad\u03c3\u03ba\u03b5\u03c4\u03bf \u03c4\u03bf\u1fd6\u03c2 \u03b3\u03b9\u03b3\u03bd\u03bf\u03bc\u03ad\u03bd\u03bf\u03b9\u03c2: ^ \u1f35\u03bd\u03b1 \u1f51\u03bc\u1fd6\u03bd ^ \u03bc\u1f74 \u03c4\u1f70 \u03bd\u1fe6\u03bd \u03bb\u03ad\u03b3\u03c9 \u03ba\u03b1\u03b8\u1fbd \u1f15\u03ba\u03b1\u03c3\u03c4\u03bf\u03bd \u1f10\u03c0\u03b5\u03be\u03b9\u03ce\u03bd, \u03c4\u03bf\u1f7a\u03c2 \u03bc\u1f72\u03bd \u03c0\u03bf\u03bd\u03b7\u03c1\u03bf\u1f7a\u03c2 \u03b5\u1f50\u03b4\u03b1\u03b9\u03bc\u03bf\u03bd\u03bf\u1fe6\u03bd\u03c4\u03b1\u03c2 \u03ba\u03b1\u1f76 \u03c4\u03bf\u1f7a\u03c2 \u03c0\u03bb\u03b5\u03bf\u03bd\u03ad\u03ba\u03c4\u03b1\u03c2,\n<pb id=\"v.2.p.82\" /> \u1f00\u03b3\u03bf\u03bc\u03ad\u03bd\u03bf\u03c5\u03c2 \u03b4\u1f72 \u03ba\u03b1\u1f76 \u03c6\u03b5\u03c1\u03bf\u03bc\u03ad\u03bd\u03bf\u03c5\u03c2 \u03c4\u03bf\u1f7a\u03c2 \u03c7\u03c1\u03b7\u03c3\u03c4\u03bf\u1f7a\u03c2 \u1f10\u03bd\n\u03c0\u03b5\u03bd\u03af\u1fb3 \u03ba\u03b1\u1f76 \u03bd\u03cc\u03c3\u03bf\u03b9\u03c2 \u03ba\u03b1\u1f76 \u03bc\u03c5\u03c1\u03af\u03bf\u03b9\u03c2 \u03ba\u03b1\u03ba\u03bf\u1fd6\u03c2 \u03c0\u03b9\u03b5\u03b6\u03bf\u03bc\u03ad\u03bd\u03bf\u03c5\u03c2.\n</p>\n            </sp>\n            <sp>\n               <speaker>\u0396\u03b5\u03cd\u03c2</speaker>\n               <p>\n\u03bf\u1f50 \u03b3\u1f70\u03c1 \u03bf\u1f36\u03c3\u03b8\u03b1, \u1f66 \u039a\u03c5\u03bd\u03af\u03c3\u03ba\u03b5, \u1f21\u03bb\u03af\u03ba\u03b1\u03c2 \u03bc\u03b5\u03c4\u1f70 \u03c4\u1f78\u03bd \u03b2\u03af\u03bf\u03bd \u03bf\u1f31 \u03c0\u03bf\u03bd\u03b7\u03c1\u03bf\u1f76 \u03c4\u1f70\u03c2 \u03ba\u03bf\u03bb\u03ac\u03c3\u03b5\u03b9\u03c2 \u1f51\u03c0\u03bf\u03bc\u03ad\u03bd\u03bf\u03c5\u03c3\u03b9\u03bd, \u1f22 \u1f10\u03bd \u1f45\u03c3\u1fc3 \u03bf\u1f31 \u03c7\u03c1\u03b7\u03c3\u03c4\u03bf\u1f76 \u03b5\u1f50\u03b4\u03b1\u03b9\u03bc\u03bf\u03bd\u03af\u1fb3 \u03b4\u03b9\u03b1\u03c4\u03c1\u03af\u03b2\u03bf\u03c5\u03c3\u03b9\u03bd;\n</p>\n            </sp>\n            <sp>\n               <speaker>\u039a\u03c5\u03bd\u03af\u03c3\u03ba\u03bf\u03c2</speaker>\n               <p>\n\u1f0d\u03b9\u03b4\u03b7\u03bd \u03bc\u03bf\u03b9 \u03bb\u03ad\u03b3\u03b5\u03b9\u03c2 \u03ba\u03b1\u1f76 \u03a4\u03b9\u03c4\u03c5\u03bf\u1f7a\u03c2 \u03ba\u03b1\u1f76 \u03a4\u03b1\u03bd\u03c4\u03ac\u03bb\u03bf\u03c5\u03c2. \u1f10\u03b3\u1f7c \u03b4\u03ad, \u03b5\u1f30 \u03bc\u03ad\u03bd \u03c4\u03b9 \u03ba\u03b1\u1f76 \u03c4\u03bf\u03b9\u03bf\u1fe6\u03c4\u03cc\u03bd \u1f10\u03c3\u03c4\u03b9\u03bd, \u03b5\u1f34\u03c3\u03bf\u03bc\u03b1\u03b9 \u03c4\u1f78 \u03c3\u03b1\u03c6\u1f72\u03c2 \u1f10\u03c0\u03b5\u03b9\u03b4\u1f70\u03bd \u1f00\u03c0\u03bf\u03b8\u03ac\u03bd\u03c9: \u03c4\u1f78 \u03b4\u1f72 \u03bd\u1fe6\u03bd \u1f14\u03c7\u03bf\u03bd \u1f10\u03b2\u03bf\u03c5\u03bb\u03cc\u03bc\u03b7\u03bd \u03c4\u1f78\u03bd \u1f41\u03c0\u03bf\u03c3\u03bf\u03bd\u03bf\u1fe6\u03bd \u03c7\u03c1\u03cc\u03bd\u03bf\u03bd \u03c4\u03bf\u1fe6\u03c4\u03bf\u03bd \u03b5\u1f50\u03b4\u03b1\u03b9\u03bc\u03cc\u03bd\u03c9\u03c2 \u03b4\u03b9\u03b1\u03b2\u03b9\u03bf\u1f7a\u03c2 \u1f51\u03c0\u1f78 \u1f11\u03ba\u03ba\u03b1\u03af\u03b4\u03b5\u03ba\u03b1 \u03b3\u03c5\u03c0\u1ff6\u03bd \u03ba\u03b5\u03af\u03c1\u03b5\u03c3\u03b8\u03b1\u03b9 \u03c4\u1f78 \u1f27\u03c0\u03b1\u03c1\n\u1f00\u03c0\u03bf\u03b8\u03b1\u03bd\u03ce\u03bd, \u1f00\u03bb\u03bb\u1f70 \u03bc\u1f74 \u1f10\u03bd\u03c4\u03b1\u1fe6\u03b8\u03b1 \u03b4\u03b9\u03c8\u03ae\u03c3\u03b1\u03c2 \u1f65\u03c3\u03c0\u03b5\u03c1 \u1f41 \u03a4\u03ac\u03bd\u03c4\u03b1\u03bb\u03bf\u03c2 \u1f10\u03bd \u039c\u03b1\u03ba\u03ac\u03c1\u03c9\u03bd \u03bd\u03ae\u03c3\u03bf\u03b9\u03c2 \u03c0\u03af\u03bd\u03b5\u03b9\u03bd \u03bc\u03b5\u03c4\u1f70 \u03c4\u1ff6\u03bd \u1f21\u03c1\u03ce\u03c9\u03bd \u1f10\u03bd \u03c4\u1ff7 \u1f28\u03bb\u03c5\u03c3\u03af\u1ff3 \u03bb\u03b5\u03b9\u03bc\u1ff6\u03bd\u03b9 \u03ba\u03b1\u03c4\u03b1\u03ba\u03b5\u03af\u03bc\u03b5\u03bd\u03bf\u03c2.\n</p>\n            </sp>\n            <sp>\n               <speaker>\u0396\u03b5\u03cd\u03c2</speaker>\n               <p>\n                  </p></sp></div1></body></text></TEI.2> <?xml version=\"1.0\" encoding=\"utf-8\"?>\n<TEI.2><text><body><div1 org=\"uniform\" sample=\"complete\"><sp><p><milestone unit=\"section\" n=\"18\" /> \u03c4\u03af  \u03c6\u03ae\u03c2; \u1f00\u03c0\u03b9\u03c3\u03c4\u03b5\u1fd6\u03c2 \u03b5\u1f36\u03bd\u03b1\u03af \u03c4\u03b9\u03bd\u03b1\u03c2 \u03ba\u03bf\u03bb\u03ac\u03c3\u03b5\u03b9\u03c2 \u03ba\u03b1\u1f76 \u03c4\u03b9\u03bc\u03ac\u03c2, \u03ba\u03b1\u1f76 \u03b4\u03b9\u03ba\u03b1\u03c3\u03c4\u03ae\u03c1\u03b9\u03bf\u03bd \u1f14\u03bd\u03b8\u03b1 \u03b4\u1f74 \u1f10\u03be\u03b5\u03c4\u03ac\u03b6\u03b5\u03c4\u03b1\u03b9 \u1f41 \u1f11\u03ba\u03ac\u03c3\u03c4\u03bf\u03c5 \u03b2\u03af\u03bf\u03c2;\n</p>\n            </sp>\n            <sp>\n               <speaker>\u039a\u03c5\u03bd\u03af\u03c3\u03ba\u03bf\u03c2</speaker>\n               <p> \u1f00\u03ba\u03bf\u03cd\u03c9 \u03c4\u03b9\u03bd\u1f70 \u039c\u03af\u03bd\u03c9 \u039a\u03c1\u1fc6\u03c4\u03b1 \u03b4\u03b9\u03ba\u03ac\u03b6\u03b5\u03b9\u03bd \u03ba\u03ac\u03c4\u03c9 \u03c4\u1f70\n\u03c4\u03bf\u03b9\u03b1\u1fe6\u03c4\u03b1 \u03ba\u03b1\u03af \u03bc\u03bf\u03b9 \u1f00\u03c0\u03cc\u03ba\u03c1\u03b9\u03bd\u03b1\u03af \u03c4\u03b9 \u03ba\u03b1\u1f76 \u1f51\u03c0\u1f72\u03c1 \u1f10\u03ba\u03b5\u03af\u03bd\u03bf\u03c5: \u03c3\u1f78\u03c2 \u03b3\u1f70\u03c1 \u03c5\u1f31\u1f78\u03c2 \u03b5\u1f36\u03bd\u03b1\u03b9 \u03bb\u03ad\u03b3\u03b5\u03c4\u03b1\u03b9.\n</p>\n            </sp>\n            <sp>\n               <speaker>\u0396\u03b5\u03cd\u03c2</speaker>\n               <p>\n\u03c4\u03af  \u03b4\u1f72 \u03ba\u1f00\u03ba\u03b5\u1fd6\u03bd\u03bf\u03bd \u1f10\u03c1\u03c9\u03c4\u1fb7\u03c2, \u1f66 \u039a\u03c5\u03bd\u03af\u03c3\u03ba\u03b5;\n</p>\n            </sp>\n            <sp>\n               <speaker>\u039a\u03c5\u03bd\u03af\u03c3\u03ba\u03bf\u03c2</speaker>\n               <p> \u03c4\u03af\u03bd\u03b1\u03c2 \u03ba\u03bf\u03bb\u03ac\u03b6\u03b5\u03b9 \u03bc\u03ac\u03bb\u03b9\u03c3\u03c4\u03b1;\n</p>\n            </sp>\n            <sp>\n               <speaker>\u0396\u03b5\u03cd\u03c2</speaker>\n               <p> \u03c4\u03bf\u1f7a\u03c2 \u03c0\u03bf\u03bd\u03b7\u03c1\u03bf\u1f7a\u03c2 \u03b4\u03b7\u03bb\u03b1\u03b4\u03ae, \u03bf\u1f37\u03bf\u03bd \u1f00\u03bd\u03b4\u03c1\u03bf\u03c6\u03cc\u03bd\u03bf\u03c5\u03c2 \u03ba\u03b1\u1f76\n\u1f31\u03b5\u03c1\u03bf\u03c3\u03cd\u03bb\u03bf\u03c5\u03c2.\n<pb id=\"v.2.p.84\" />\n               </p>\n            </sp>\n            <sp>\n               <speaker>\u039a\u03c5\u03bd\u03af\u03c3\u03ba\u03bf\u03c2</speaker>\n               <p> \u03c4\u03af\u03bd\u03b1\u03c2 \u03b4\u1f72 \u03c0\u03b1\u03c1\u1f70 \u03c4\u03bf\u1f7a\u03c2 \u1f25\u03c1\u03c9\u03b1\u03c2 \u1f00\u03c0\u03bf\u03c0\u03ad\u03bc\u03c0\u03b5\u03b9;\n</p>\n            </sp>\n            <sp>\n               <speaker>\u0396\u03b5\u03cd\u03c2</speaker>\n               <p> \u03c4\u03bf\u1f7a\u03c2 \u1f00\u03b3\u03b1\u03b8\u03bf\u03cd\u03c2 \u03c4\u03b5 \u03ba\u03b1\u1f76 \u1f41\u03c3\u03af\u03bf\u03c5\u03c2 \u03ba\u03b1\u1f76 \u03ba\u03b1\u03c4\u1fbd \u1f00\u03c1\u03b5\u03c4\u1f74\u03bd \u03b2\u03b5\u03b2\u03b9\u03c9\u03ba\u03cc\u03c4\u03b1\u03c2.\n</p>\n            </sp>\n            <sp>\n               <speaker>\u039a\u03c5\u03bd\u03af\u03c3\u03ba\u03bf\u03c2</speaker>\n               <p> \u03c4\u03af\u03bd\u03bf\u03c2 \u1f15\u03bd\u03b5\u03ba\u03b1, \u1f66 \u0396\u03b5\u1fe6;\n</p>\n            </sp>\n            <sp>\n               <speaker>\u0396\u03b5\u03cd\u03c2</speaker>\n               <p> \u03b4\u03b9\u03cc\u03c4\u03b9 \u03bf\u1f31 \u03bc\u1f72\u03bd \u03c4\u03b9\u03bc\u1fc6\u03c2, \u03bf\u1f31 \u03b4\u1f72 \u03ba\u03bf\u03bb\u03ac\u03c3\u03b5\u03c9\u03c2 \u1f04\u03be\u03b9\u03bf\u03b9.\n</p>\n            </sp>\n            <sp>\n               <speaker>\u039a\u03c5\u03bd\u03af\u03c3\u03ba\u03bf\u03c2</speaker>\n               <p> \u03b5\u1f30 \u03b4\u03ad \u03c4\u03b9\u03c2 \u1f00\u03ba\u03bf\u03cd\u03c3\u03b9\u03cc\u03bd \u03c4\u03b9 \u03b4\u03b5\u03b9\u03bd\u1f78\u03bd \u1f10\u03c1\u03b3\u03ac\u03c3\u03b1\u03b9\u03c4\u03bf, \u03ba\u03bf\u03bb\u03ac\u03b6\u03b5\u03c3\u03b8\u03b1\u03b9 \u03ba\u03b1\u1f76 \u03c4\u03bf\u1fe6\u03c4\u03bf\u03bd \u03b4\u03b9\u03ba\u03b1\u03b9\u03bf\u1fd6;\n</p>\n            </sp>\n            <sp>\n               <speaker>\u0396\u03b5\u03cd\u03c2</speaker>\n               <p>\n\u03bf\u1f50\u03b4\u03b1\u03bc\u1ff6\u03c2.\n</p>\n            </sp>\n            <sp>\n               <speaker>\u039a\u03c5\u03bd\u03af\u03c3\u03ba\u03bf\u03c2</speaker>\n               <p>\n%2\u03bf\u1f50\u03b4\u1fbd \u1f04\u03c1\u03b1 \u03b5\u1f34 \u03c4\u03b9\u03c2 \u1f04\u03ba\u03c9\u03bd \u03c4\u03b9 \u1f00\u03b3\u03b1\u03b8\u1f78\u03bd \u1f14\u03b4\u03c1\u03b1\u03c3\u03b5\u03bd, \u03bf\u1f50\u03b4\u1f72 \u03c4\u03bf\u1fe6\u03c4\u03bf\u03bd \u03c4\u03b9\u03bc\u1fb6\u03bd \u1f00\u03be\u03b9\u03ce\u03c3\u03b5\u03b9\u03b5\u03bd \u1f04\u03bd;\n</p>\n            </sp>\n            <sp>\n               <speaker>\u0396\u03b5\u03cd\u03c2</speaker>\n               <p>\n\u03bf\u1f50 \u03b3\u1f70\u03c1 \u03bf\u1f56\u03bd.\n</p>\n            </sp>\n            <sp>\n               <speaker>\u039a\u03c5\u03bd\u03af\u03c3\u03ba\u03bf\u03c2</speaker>\n               <p>\n\u03bf\u1f50\u03b4\u03ad\u03bd\u03b1 \u03c4\u03bf\u03af\u03bd\u03c5\u03bd, \u1f66 \u0396\u03b5\u1fe6, \u03bf\u1f54\u03c4\u03b5 \u03c4\u03b9\u03bc\u1fb6\u03bd \u03bf\u1f54\u03c4\u03b5 \u03ba\u03bf\u03bb\u03ac\u03b6\u03b5\u03b9\u03bd\n\u03b1\u1f50\u03c4\u1ff7 \u03c0\u03c1\u03bf\u03c3\u03ae\u03ba\u03b5\u03b9.\n</p>\n            </sp>\n            <sp>\n               <speaker>\u0396\u03b5\u03cd\u03c2</speaker>\n               <p> \u03c0\u1ff6\u03c2 \u03bf\u1f50\u03b4\u03ad\u03bd\u03b1;\n</p>\n            </sp>\n            <sp>\n               <speaker>\u039a\u03c5\u03bd\u03af\u03c3\u03ba\u03bf\u03c2</speaker>\n               <p>\n\u1f45\u03c4\u03b9 \u03bf\u1f50\u03b4\u1f72\u03bd \u1f11\u03ba\u03cc\u03bd\u03c4\u03b5\u03c2 \u03bf\u1f31 \u1f04\u03bd\u03b8\u03c1\u03c9\u03c0\u03bf\u03b9 \u03c0\u03bf\u03b9\u03bf\u1fe6\u03bc\u03b5\u03bd, \u1f00\u03bb\u03bb\u03ac \u03c4\u03b9\u03bd\u03b9 \u1f00\u03bd\u03ac\u03b3\u03ba\u1fc3 \u1f00\u03c6\u03cd\u03ba\u03c4\u1ff3 \u03ba\u03b5\u03ba\u03b5\u03bb\u03b5\u03c5\u03c3\u03bc\u03ad\u03bd\u03bf\u03b9, \u03b5\u1f34 \u03b3\u03b5 \u1f00\u03bb\u03b7\u03b8\u1fc6\n\u1f10\u03ba\u03b5\u1fd6\u03bd\u03ac \u1f10\u03c3\u03c4\u03b9 \u03c4\u1f70 \u1f14\u03bc\u03c0\u03c1\u03bf\u03c3\u03b8\u03b5\u03bd \u1f61\u03bc\u03bf\u03bb\u03bf\u03b3\u03b7\u03bc\u03ad\u03bd\u03b1, \u1f61\u03c2 \u1f21 \u039c\u03bf\u1fd6\u03c1\u03b1 \u03c0\u03ac\u03bd\u03c4\u03c9\u03bd \u03b1\u1f30\u03c4\u03af\u03b1: \u03ba\u03b1\u1f76 \u1f22\u03bd \u03c6\u03bf\u03bd\u03b5\u03cd\u03c3\u1fc3 ^ \u03c4\u03b9\u03c2, \u1f10\u03ba\u03b5\u03af\u03bd\u03b7 \u1f10\u03c3\u03c4\u1f76\u03bd \u1f21 \u03c6\u03bf\u03bd\u03b5\u03cd\u03c3\u03b1\u03c3\u03b1, \u03ba\u03b1\u1f76 \u1f22\u03bd \u1f31\u03b5\u03c1\u03bf\u03c3\u03c5\u03bb\u1fc7,\n<pb id=\"v.2.p.86\" />\n\u03c0\u03c1\u03bf\u03c3\u03c4\u03b5\u03c4\u03b1\u03b3\u03bc\u03ad\u03bd\u03bf\u03bd \u03b1\u1f50\u03c4\u1f78 \u03b4\u03c1\u1fb7. \u1f65\u03c3\u03c4\u03b5 \u03b5\u1f34 \u03b3\u03b5 \u03c4\u1f70 \u03b4\u03af\u03ba\u03b1\u03b9\u03b1 \u1f41 \u039c\u03af\u03bd\u03c9\u03c2 \u03b4\u03b9\u03ba\u03ac\u03b6\u03b5\u03b9\u03bd \u03bc\u03ad\u03bb\u03bb\u03bf\u03b9, \u03c4\u1f74\u03bd \u0395\u1f31\u03bc\u03b1\u03c1\u03bc\u03ad\u03bd\u03b7\u03bd \u1f00\u03bd\u03c4\u1f76 \u03c4\u03bf\u1fe6 \u03a3\u03b9\u03c3\u03cd\u03c6\u03bf\u03c5 \u03ba\u03bf\u03bb\u03ac\u03c3\u03b5\u03c4\u03b1\u03b9 \u03ba\u03b1\u1f76 \u03c4\u1f74\u03bd \u039c\u03bf\u1fd6\u03c1\u03b1\u03bd \u1f00\u03bd\u03c4\u1f76 \u03c4\u03bf\u1fe6 \u03a4\u03b1\u03bd\u03c4\u03ac\u03bb\u03bf\u03c5.\n\u03c4\u03af \u03b3\u1f70\u03c1 \u1f10\u03ba\u03b5\u1fd6\u03bd\u03bf\u03b9 \u1f20\u03b4\u03af\u03ba\u03b7\u03c3\u03b1\u03bd \u03c0\u03b5\u03b9\u03c3\u03b8\u03ad\u03bd\u03c4\u03b5\u03c2 \u03c4\u03bf\u1fd6\u03c2\n\u1f10\u03c0\u03b9\u03c4\u03ac\u03b3\u03bc\u03b1\u03c3\u03b9\u03bd;\n</p>\n            </sp>\n            <sp>\n               <speaker>\u0396\u03b5\u03cd\u03c2</speaker>\n               <p>\n                  </p></sp></div1></body></text></TEI.2> <?xml version=\"1.0\" encoding=\"utf-8\"?>\n<TEI.2><text><body><div1 org=\"uniform\" sample=\"complete\"><sp><p><milestone unit=\"section\" n=\"19\" /> \u03bf\u1f50\u03ba\u03ad\u03c4\u1fbd \u03bf\u1f50\u03b4\u1f72 \u1f00\u03c0\u03bf\u03ba\u03c1\u03af\u03bd\u03b5\u03c3\u03b8\u03b1\u03af \u03c3\u03bf\u03b9 \u1f04\u03be\u03b9\u03bf\u03bd \u03c4\u03bf\u03b9\u03b1\u1fe6\u03c4\u03b1 \u1f10\u03c1\u03c9\u03c4\u1ff6\u03bd\u03c4\u03b9: \u03b8\u03c1\u03b1\u03c3\u1f7a\u03c2 \u03b3\u1f70\u03c1 \u03b5\u1f36 \u03ba\u03b1\u1f76 \u03c3\u03bf\u03c6\u03b9\u03c3\u03c4\u03ae\u03c2. \u03ba\u03b1\u03af \u03c3\u03b5 \u1f04\u03c0\u03b5\u03b9\u03bc\u03b9 \u1f24\u03b4\u03b7 \u03ba\u03b1\u03c4\u03b1\u03bb\u03b9\u03c0\u03ce\u03bd.\n</p>\n            </sp>\n            <sp>\n               <speaker>\u039a\u03c5\u03bd\u03af\u03c3\u03ba\u03bf\u03c2</speaker>\n               <p> \u1f10\u03b4\u03b5\u03cc\u03bc\u03b7\u03bd \u03bc\u1f72\u03bd \u1f14\u03c4\u03b9 \u03ba\u03b1\u1f76 \u03c4\u03bf\u1fe6\u03c4\u03bf \u1f10\u03c1\u03ad\u03c3\u03b8\u03b1\u03b9, \u03c0\u03bf\u1fe6 \u03b1\u1f31 \u039c\u03bf\u1fd6\u03c1\u03b1\u03b9 \u03b4\u03b9\u03b1\u03c4\u03c1\u03af\u03b2\u03bf\u03c5\u03c3\u03b9\u03bd \u1f22 \u03c0\u1ff6\u03c2 \u1f10\u03c6\u03b9\u03ba\u03bd\u03bf\u1fe6\u03bd\u03c4\u03b1\u03b9 \u03c4\u1fc7\n\u1f10\u03c0\u03b9\u03bc\u03b5\u03bb\u03b5\u03af\u1fb3 \u03c4\u1ff6\u03bd \u03c4\u03bf\u03c3\u03bf\u03cd\u03c4\u03c9\u03bd \u1f10\u03c2 \u03c4\u1f78 \u03bb\u03b5\u03c0\u03c4\u03cc\u03c4\u03b1\u03c4\u03bf\u03bd, \u03ba\u03b1\u1f76 \u03c4\u03b1\u1fe6\u03c4\u03b1 \u03c4\u03c1\u03b5\u1fd6\u03c2 \u03bf\u1f56\u03c3\u03b1\u03b9. \u1f10\u03c0\u03af\u03c0\u03bf\u03bd\u03bf\u03bd \u03b3\u03ac\u03c1 \u03c4\u03b9\u03bd\u03b1 \u03ba\u03b1\u1f76 \u03bf\u1f50\u03ba \u03b5\u1f54\u03bc\u03bf\u03b9\u03c1\u03cc\u03bd \u03bc\u03bf\u03b9 \u03b4\u03bf\u03ba\u03bf\u1fe6\u03c3\u03b9 \u03b2\u03b9\u03bf\u1fe6\u03bd \u03c4\u1f78\u03bd \u03b2\u03af\u03bf\u03bd \u03c4\u03bf\u03c3\u03b1\u1fe6\u03c4\u03b1 \u1f14\u03c7\u03bf\u03c5\u03c3\u03b1\u03b9 \u03c0\u03c1\u03ac\u03b3\u03bc\u03b1\u03c4\u03b1, \u03ba\u03b1\u1f76 \u1f61\u03c2 \u1f14\u03bf\u03b9\u03ba\u03b5\u03bd \u03bf\u1f50 \u03c0\u03ac\u03bd\u03c5 \u03bf\u1f50\u03b4\u1f72 \u03b1\u1f57\u03c4\u03b1\u03b9 \u1f51\u03c0\u1f78 \u03c7\u03c1\u03b7\u03c3\u03c4\u1fc7 \u0395\u1f31\u03bc\u03b1\u03c1\u03bc\u03ad\u03bd\u1fc3 \u1f10\u03b3\u03b5\u03bd\u03bd\u03ae\u03b8\u03b7\u03c3\u03b1\u03bd. \u1f10\u03b3\u1f7c \u03b3\u03bf\u1fe6\u03bd, \u03b5\u1f34 \u03bc\u03bf\u03b9 \u03b1\u1f35\u03c1\u03b5\u03c3\u03b9\u03c2 \u03b4\u03bf\u03b8\u03b5\u03af\u03b7, \u03bf\u1f50\u03ba \u1f02\u03bd \u1f00\u03bb\u03bb\u03b1\u03be\u03b1\u03af\u03bc\u03b7\u03bd \u03c0\u03c1\u1f78\u03c2\n\u03b1\u1f50\u03c4\u1f70\u03c2 \u03c4\u1f78\u03bd \u1f10\u03bc\u03b1\u03c5\u03c4\u03bf\u1fe6 \u03b2\u03af\u03bf\u03bd, \u1f00\u03bb\u03bb\u1fbd \u1f11\u03bb\u03bf\u03af\u03bc\u03b7\u03bd \u1f02\u03bd \u1f14\u03c4\u03b9 \u03c0\u03b5\u03bd\u03ad\u03c3\u03c4\u03b5\u03c1\u03bf\u03c2 \u03b4\u03b9\u03b1\u03b2\u03b9\u1ff6\u03bd\u03b1\u03b9 \u1f22\u03c0\u03b5\u03c1 \u03ba\u03b1\u03b8\u1fc6\u03c3\u03b8\u03b1\u03b9 \u03ba\u03bb\u03ce\u03b8\u03c9\u03bd\n\u1f04\u03c4\u03c1\u03b1\u03ba\u03c4\u03bf\u03bd \u03c4\u03bf\u03c3\u03bf\u03cd\u03c4\u03c9\u03bd \u03c0\u03c1\u03b1\u03b3\u03bc\u03ac\u03c4\u03c9\u03bd \u03bc\u03b5\u03c3\u03c4\u03cc\u03bd, \u1f10\u03c0\u03b9\u03c4\u03b7\u03c1\u1ff6\u03bd\n\u1f15\u03ba\u03b1\u03c3\u03c4\u03b1. \u03b5\u1f30 \u03b4\u1f72 \u03bc\u1f74 \u1fe5\u1fb4\u03b4\u03b9\u03cc\u03bd \u03c3\u03bf\u03b9 \u1f00\u03c0\u03bf\u03ba\u03c1\u03af\u03bd\u03b1\u03c3\u03b8\u03b1\u03b9 \u03c0\u03c1\u1f78\u03c2 \u03c4\u03b1\u1fe6\u03c4\u03b1, \u1f66 \u0396\u03b5\u1fe6, \u03ba\u03b1\u1f76 \u03c4\u03bf\u03cd\u03c4\u03bf\u03b9\u03c2 \u1f00\u03b3\u03b1\u03c0\u03ae\u03c3\u03bf\u03bc\u03b5\u03bd \u03bf\u1f37\u03c2 \u1f00\u03c0\u03b5\u03ba\u03c1\u03af\u03bd\u03c9: \u1f31\u03ba\u03b1\u03bd\u1f70 \u03b3\u1f70\u03c1 \u1f10\u03bc\u03c6\u03b1\u03bd\u03af\u03c3\u03b1\u03b9 \u03c4\u1f78\u03bd \u03c0\u03b5\u03c1\u1f76 \u03c4\u1fc6\u03c2 \u0395\u1f31\u03bc\u03b1\u03c1\u03bc\u03ad\u03bd\u03b7\u03c2 \u03ba\u03b1\u1f76 \u03a0\u03c1\u03bf\u03bd\u03bf\u03af\u03b1\u03c2 \u03bb\u03cc\u03b3\u03bf\u03bd \u03c4\u1f70 \u03bb\u03bf\u03b9\u03c0\u1f70 \u03b4\u1fbd \u1f34\u03c3\u03c9\u03c2\n\u03bf\u1f50\u03c7 \u03b5\u1f35\u03bc\u03b1\u03c1\u03c4\u03bf \u1f00\u03ba\u03bf\u1fe6\u03c3\u03b1\u03af \u03bc\u03bf\u03b9.</p>\n            </sp>\n         </div1>\n      </body>\n   </text>\n</TEI.2>"}]}