{"name": "Fragmenta", "author": "Moschus", "numBooks": 1, "booksRaw": [{"bookNumber": 1, "bookText": "<?xml version=\"1.0\" encoding=\"utf-8\"?>\n<TEI.2><text id=\"tlg0035.tlg005.perseus-grc1\"><body><div1 type=\"poem\" n=\"4\" org=\"uniform\" sample=\"complete\">\n            <p>\n               <lb rend=\"displayNum\" n=\"1\" />\u03a4\u1f70\u03bd \u1f05\u03bb\u03b1 \u03c4\u1f70\u03bd \u03b3\u03bb\u03b1\u03c5\u03ba\u1f70\u03bd \u1f45\u03c4\u03b1\u03bd \u1f65\u03bd\u03b5\u03bc\u03bf\u03c2 \u1f00\u03c4\u03c1\u03ad\u03bc\u03b1 \u03b2\u03ac\u03bb\u03bb\u1fc3,\n<lb rend=\"displayNum\" n=\"2\" />\u03c4\u1f70\u03bd \u03c6\u03c1\u03ad\u03bd\u03b1 \u03c4\u1f70\u03bd \u03b4\u03b5\u03b9\u03bb\u1f70\u03bd \u1f10\u03c1\u03b5\u03b8\u03af\u03b6\u03bf\u03bc\u03b1\u03b9, \u03bf\u1f50\u03b4\u0313 \u1f14\u03c4\u03b9 \u03bc\u03bf\u03b9 \u03b3\u1fb6\n<lb rend=\"displayNum\" n=\"3\" />\u1f10\u03c3\u03c4\u1f76 \u03c6\u03af\u03bb\u03b1, \u03c0\u03bf\u03b8\u03af\u03b5\u03b9 \u03b4\u1f72 \u03c0\u03bf\u03bb\u1f7a \u03c0\u03bb\u03ad\u03bf\u03bd \u1f01 \u03bc\u03b5\u03b3\u03ac\u03bb\u03b1 \u03bc\u0313 \u1f05\u03bb\u03c2.\n<lb rend=\"displayNum\" n=\"4\" />\u1f00\u03bb\u03bb\u0313 \u1f45\u03c4\u03b1\u03bd \u1f00\u03c7\u03ae\u03c3\u1fc3 \u03c0\u03bf\u03bb\u03b9\u1f78\u03c2 \u03b2\u03c5\u03b8\u03cc\u03c2, \u1f01 \u03b4\u1f72 \u03b8\u03ac\u03bb\u03b1\u03c3\u03c3\u03b1\n<lb rend=\"displayNum\" n=\"5\" />\u03ba\u03c5\u03c1\u03c4\u1f78\u03bd \u1f10\u03c0\u03b1\u03c6\u03c1\u03af\u03b6\u1fc3, \u03c4\u1f70 \u03b4\u1f72 \u03ba\u03cd\u03bc\u03b1\u03c4\u03b1 \u03bc\u03b1\u03ba\u03c1\u1f70 \u03bc\u03b5\u03bc\u03ae\u03bd\u1fc3,\n<lb rend=\"displayNum\" n=\"6\" />\u1f10\u03c2 \u03c7\u03b8\u03cc\u03bd\u03b1 \u03c0\u03b1\u03c0\u03c4\u03b1\u03af\u03bd\u03c9 \u03ba\u03b1\u1f76 \u03b4\u03ad\u03bd\u03b4\u03c1\u03b5\u03b1, \u03c4\u1f70\u03bd \u03b4\u0313 \u1f05\u03bb\u03b1 \u03c6\u03b5\u03cd\u03b3\u03c9,\n<lb rend=\"displayNum\" n=\"7\" />\u03b3\u1fb6 \u03b4\u03ad \u03bc\u03bf\u03b9 \u1f00\u03c3\u03c0\u03b1\u03c3\u03c4\u03ac, \u03c7\u1f00 \u03b4\u03ac\u03c3\u03ba\u03b9\u03bf\u03c2 \u03b5\u1f54\u03b1\u03b4\u03b5\u03bd \u1f55\u03bb\u03b1,\n<lb rend=\"displayNum\" n=\"8\" />\u1f14\u03bd\u03b8\u03b1 \u03ba\u03b1\u1f76 \u1f22\u03bd \u03c0\u03bd\u03b5\u03cd\u03c3\u1fc3 \u03c0\u03bf\u03bb\u1f7a\u03c2 \u1f65\u03bd\u03b5\u03bc\u03bf\u03c2, \u1f01 \u03c0\u03af\u03c4\u03c5\u03c2 \u1f84\u03b4\u03b5\u03b9.\n<lb rend=\"displayNum\" n=\"9\" />\u1f26 \u03ba\u03b1\u03ba\u1f78\u03bd \u1f41 \u03b3\u03c1\u03b9\u03c0\u03b5\u1f7a\u03c2 \u03b6\u03ce\u03b5\u03b9 \u03b2\u03af\u03bf\u03bd, \u1fa7 \u03b4\u03cc\u03bc\u03bf\u03c2 \u1f01 \u03bd\u03b1\u1fe6\u03c2,\n<lb rend=\"displayNum\" n=\"10\" />\u03ba\u03b1\u1f76 \u03c0\u03cc\u03bd\u03bf\u03c2 \u1f10\u03c3\u03c4\u1f76 \u03b8\u03ac\u03bb\u03b1\u03c3\u03c3\u03b1, \u03ba\u03b1\u1f76 \u1f30\u03c7\u03b8\u03cd\u03b5\u03c2 \u1f01 \u03c0\u03bb\u03ac\u03bd\u03bf\u03c2 \u1f04\u03b3\u03c1\u03b1. \n<lb rend=\"displayNum\" n=\"11\" />\u03b1\u1f50\u03c4\u1f70\u03c1 \u1f10\u03bc\u03bf\u1f76 \u03b3\u03bb\u03c5\u03ba\u1f7a\u03c2 \u1f55\u03c0\u03bd\u03bf\u03c2 \u1f51\u03c0\u1f78 \u03c0\u03bb\u03b1\u03c4\u03ac\u03bd\u1ff3 \u03b2\u03b1\u03b8\u03c5\u03c6\u03cd\u03bb\u03bb\u1ff3,\n<lb rend=\"displayNum\" n=\"12\" />\u03ba\u03b1\u1f76 \u03c0\u03b1\u03b3\u1fb6\u03c2 \u03c6\u03b9\u03bb\u03ad\u03bf\u03b9\u03bc\u03b9 \u03c4\u1f78\u03bd \u1f10\u03b3\u03b3\u03cd\u03b8\u03b5\u03bd \u1f06\u03c7\u03bf\u03bd \u1f00\u03ba\u03bf\u03cd\u03b5\u03b9\u03bd,\n<lb rend=\"displayNum\" n=\"13\" />\u1f03 \u03c4\u03ad\u03c1\u03c0\u03b5\u03b9 \u03c8\u03bf\u03c6\u03ad\u03bf\u03b9\u03c3\u03b1 \u03c4\u1f78\u03bd \u1f00\u03b3\u03c1\u03b9\u03ba\u03cc\u03bd, \u03bf\u1f50\u03c7\u1f76 \u03c4\u03b1\u03c1\u03ac\u03c3\u03c3\u03b5\u03b9.\n</p>\n         </div1></body></text></TEI.2> <?xml version=\"1.0\" encoding=\"utf-8\"?>\n<TEI.2><text id=\"tlg0035.tlg005.perseus-grc1\"><body><div1 type=\"poem\" n=\"5\" org=\"uniform\" sample=\"complete\">\n            <p>\n               <lb rend=\"displayNum\" n=\"1\" />\u1f2c\u03c1\u03b1\u03c4\u03bf \u03a0\u1f70\u03bd \u1f08\u03c7\u1ff6\u03c2 \u03c4\u1fb6\u03c2 \u03b3\u03b5\u03af\u03c4\u03bf\u03bd\u03bf\u03c2, \u1f24\u03c1\u03b1\u03c4\u03bf \u03b4\u0313 \u1f08\u03c7\u1f7c\n<lb rend=\"displayNum\" n=\"2\" />\u03c3\u03ba\u03b9\u03c1\u03c4\u03b1\u03c4\u1fb6 \u03a3\u03b1\u03c4\u03cd\u03c1\u03c9, \u03a3\u03ac\u03c4\u03c5\u03c1\u03bf\u03c2 \u03b4\u0313 \u1f10\u03c0\u03b5\u03bc\u03ae\u03bd\u03b1\u03c4\u03bf \u039b\u03cd\u03b4\u1fb3.\n<lb rend=\"displayNum\" n=\"3\" />\u1f61\u03c2 \u1f08\u03c7\u1f7c \u03c4\u1f78\u03bd \u03a0\u1fb6\u03bd\u03b1, \u03c4\u03cc\u03c3\u03bf\u03bd \u03a3\u03ac\u03c4\u03c5\u03c1\u03bf\u03c2 \u03c6\u03bb\u03ad\u03b3\u03b5\u03bd \u1f08\u03c7\u03ce,\n<lb rend=\"displayNum\" n=\"4\" />\u03ba\u03b1\u1f76 \u039b\u03cd\u03b4\u03b1 \u03a3\u03b1\u03c4\u03c5\u03c1\u03af\u03c3\u03ba\u03bf\u03bd: \u1f1c\u03c1\u03c9\u03c2 \u03b4\u0313 \u1f10\u03c3\u03bc\u03cd\u03c7\u03b5\u03c4\u0313 \u1f00\u03bc\u03bf\u03b9\u03b2\u1fb7.\n<pb id=\"p.460\" />\n               <lb rend=\"displayNum\" n=\"5\" />\u1f45\u03c3\u03c3\u03bf\u03bd \u03b3\u1f70\u03c1 \u03c4\u03ae\u03bd\u03c9\u03bd \u03c4\u03b9\u03c2 \u1f10\u03bc\u03af\u03c3\u03b5\u03b5 \u03c4\u1f78\u03bd \u03c6\u03b9\u03bb\u03ad\u03bf\u03bd\u03c4\u03b1,\n<lb rend=\"displayNum\" n=\"6\" />\u03c4\u03cc\u03c3\u03c3\u03bf\u03bd \u1f41\u03bc\u1ff6\u03c2 \u03c6\u03b9\u03bb\u03ad\u03c9\u03bd \u1f20\u03c7\u03b8\u03b1\u03af\u03c1\u03b5\u03c4\u03bf, \u03c0\u03ac\u03c3\u03c7\u03b5 \u03b4\u0313 \u1f03 \u03c0\u03bf\u03af\u03b5\u03b9.\n<lb rend=\"displayNum\" n=\"7\" />\u03c4\u03b1\u1fe6\u03c4\u03b1 \u03bb\u03ad\u03b3\u03c9 \u03c0\u1fb6\u03c3\u03b9\u03bd \u03c4\u1f70 \u03b4\u03b9\u03b4\u03ac\u03b3\u03bc\u03b1\u03c4\u03b1 \u03c4\u03bf\u1fd6\u03c2 \u1f00\u03bd\u03b5\u03c1\u03ac\u03c3\u03c4\u03bf\u03b9\u03c2:\n<lb rend=\"displayNum\" n=\"8\" />\u03c3\u03c4\u03ad\u03c1\u03b3\u03b5\u03c4\u03b5 \u03c4\u1f7c\u03c2 \u03c6\u03b9\u03bb\u03ad\u03bf\u03bd\u03c4\u03b1\u03c2, \u1f35\u03bd\u0313 \u1f22\u03bd \u03c6\u03b9\u03bb\u03ad\u03b7\u03c4\u03b5 \u03c6\u03b9\u03bb\u1fc6\u03c3\u03b8\u03b5.\n</p>\n         </div1></body></text></TEI.2> <?xml version=\"1.0\" encoding=\"utf-8\"?>\n<TEI.2><text id=\"tlg0035.tlg005.perseus-grc1\"><body><div1 type=\"poem\" n=\"6\" org=\"uniform\" sample=\"complete\">\n            <p>\n               <lb rend=\"displayNum\" n=\"1\" />\u1f08\u03bb\u03c6\u03b5\u03b9\u1f78\u03c2 \u03bc\u03b5\u03c4\u1f70 \u03a0\u1fd6\u03c3\u03b1\u03bd \u1f10\u03c0\u1f74\u03bd \u03ba\u03b1\u03c4\u1f70 \u03c0\u03cc\u03bd\u03c4\u03bf\u03bd \u1f41\u03b4\u03b5\u03cd\u1fc3,\n<lb rend=\"displayNum\" n=\"2\" />\u1f14\u03c1\u03c7\u03b5\u03c4\u03b1\u03b9 \u03b5\u1f30\u03c2 \u1f08\u03c1\u03ad\u03b8\u03bf\u03b9\u03c3\u03b1\u03bd \u1f04\u03b3\u03c9\u03bd \u03ba\u03bf\u03c4\u03b9\u03bd\u03b7\u03c6\u03cc\u03c1\u03bf\u03bd \u1f55\u03b4\u03c9\u03c1,\n<lb rend=\"displayNum\" n=\"3\" />\u1f15\u03b4\u03bd\u03b1 \u03c6\u03ad\u03c1\u03c9\u03bd \u03ba\u03b1\u03bb\u1f70 \u03c6\u03cd\u03bb\u03bb\u03b1 \u03ba\u03b1\u1f76 \u1f04\u03bd\u03b8\u03b5\u03b1 \u03ba\u03b1\u1f76 \u03ba\u03cc\u03bd\u03b9\u03bd \u1f31\u03c1\u03ac\u03bd,\n<lb rend=\"displayNum\" n=\"4\" />\u03ba\u03b1\u1f76 \u03b2\u03b1\u03b8\u1f7a\u03c2 \u1f10\u03bc\u03b2\u03b1\u03af\u03bd\u03b5\u03b9 \u03c4\u03bf\u1fd6\u03c2 \u03ba\u03cd\u03bc\u03b1\u03c3\u03b9, \u03c4\u1f70\u03bd \u03b4\u1f72 \u03b8\u03ac\u03bb\u03b1\u03c3\u03c3\u03b1\u03bd\n<lb rend=\"displayNum\" n=\"5\" />\u03bd\u03ad\u03c1\u03b8\u03b5\u03bd \u1f51\u03c0\u03bf\u03c4\u03c1\u03bf\u03c7\u03ac\u03b5\u03b9, \u03ba\u03bf\u1f50 \u03bc\u03af\u03b3\u03bd\u03c5\u03c4\u03b1\u03b9 \u1f55\u03b4\u03b1\u03c3\u03b9\u03bd \u1f55\u03b4\u03c9\u03c1,\n<lb rend=\"displayNum\" n=\"6\" />\u1f01 \u03b4\u0313 \u03bf\u1f50\u03ba \u03bf\u1f36\u03b4\u03b5 \u03b8\u03ac\u03bb\u03b1\u03c3\u03c3\u03b1 \u03b4\u03b9\u03b5\u03c1\u03c7\u03bf\u03bc\u03ad\u03bd\u03c9 \u03c0\u03bf\u03c4\u03b1\u03bc\u03bf\u1fd6\u03bf.\n<lb rend=\"displayNum\" n=\"7\" />\u03ba\u1ff6\u03c1\u03bf\u03c2 \u03bb\u03b9\u03bd\u03bf\u03b8\u03ad\u03c4\u03b1\u03c2 \u03ba\u03b1\u03ba\u03bf\u03bc\u03ac\u03c7\u03b1\u03bd\u03bf\u03c2 \u03b1\u1f30\u03bd\u1f70 \u03b4\u03b9\u03b4\u03ac\u03c3\u03ba\u03c9\u03bd\n<lb rend=\"displayNum\" n=\"8\" />\u03ba\u03b1\u1f76 \u03c0\u03bf\u03c4\u03b1\u03bc\u1f78\u03bd \u03b4\u03b9\u1f70 \u03c6\u03af\u03bb\u03c4\u03c1\u03bf\u03bd \u1f1c\u03c1\u03c9\u03c2 \u1f10\u03b4\u03af\u03b4\u03b1\u03be\u03b5 \u03ba\u03bf\u03bb\u03c5\u03bc\u03b2\u1fc6\u03bd.\n</p>\n         </div1></body></text></TEI.2> <?xml version=\"1.0\" encoding=\"utf-8\"?>\n<TEI.2><text id=\"tlg0035.tlg005.perseus-grc1\"><body><div1 type=\"poem\" n=\"7\" org=\"uniform\" sample=\"complete\">\n            <head>\u0395\u0399\u03a3 \u0395\u03a1\u03a9\u03a4\u0391 \u0391\u03a1\u039f\u03a4\u03a1\u0399\u03a9\u039d\u03a4\u0391</head>\n            <p>\n               <lb rend=\"displayNum\" n=\"1\" />\u039b\u03b1\u03bc\u03c0\u03ac\u03b4\u03b1 \u03b8\u03b5\u1f76\u03c2 \u03ba\u03b1\u1f76 \u03c4\u03cc\u03be\u03b1 \u03b2\u03bf\u03b7\u03bb\u03ac\u03c4\u03b9\u03bd \u03b5\u1f35\u03bb\u03b5\u03c4\u03bf \u1fe5\u03ac\u03b2\u03b4\u03bf\u03bd\n<lb rend=\"displayNum\" n=\"2\" />\u03bf\u1f56\u03bb\u03bf\u03c2 \u1f1c\u03c1\u03c9\u03c2, \u03c0\u03ae\u03c1\u03b7\u03bd \u03b4\u0313 \u03b5\u1f36\u03c7\u03b5 \u03ba\u03b1\u03c4\u03c9\u03bc\u03b1\u03b4\u03af\u03b7\u03bd,\n<lb rend=\"displayNum\" n=\"3\" />\u03ba\u03b1\u1f76 \u03b6\u03b5\u03cd\u03be\u03b1\u03c2 \u03c4\u03b1\u03bb\u03b1\u03b5\u03c1\u03b3\u1f78\u03bd \u1f51\u03c0\u1f78 \u03b6\u03c5\u03b3\u1f78\u03bd \u03b1\u1f50\u03c7\u03ad\u03bd\u03b1 \u03c4\u03b1\u03cd\u03c1\u03c9\u03bd\n<lb rend=\"displayNum\" n=\"4\" />\u1f14\u03c3\u03c0\u03b5\u03b9\u03c1\u03b5\u03bd \u0394\u03b7\u03bf\u1fe6\u03c2 \u03b1\u1f54\u03bb\u03b1\u03ba\u03b1 \u03c0\u03c5\u03c1\u03bf\u03c6\u03cc\u03c1\u03bf\u03bd.\n<lb rend=\"displayNum\" n=\"5\" />\u03b5\u1f36\u03c0\u03b5 \u03b4\u0313 \u1f04\u03bd\u03c9 \u03b2\u03bb\u03ad\u03c8\u03b1\u03c2 \u03b1\u1f50\u03c4\u1ff7 \u0394\u03b9\u03af: <q direct=\"unspecified\">\u03c0\u03bb\u1fc6\u03c3\u03bf\u03bd \u1f00\u03c1\u03bf\u03cd\u03c1\u03b1\u03c2,\n<lb rend=\"displayNum\" n=\"6\" />\u03bc\u03ae \u03c3\u03b5 \u03c4\u1f78\u03bd \u0395\u1f50\u03c1\u03ce\u03c0\u03b7\u03c2 \u03b2\u03bf\u1fe6\u03bd \u1f51\u03c0\u0313 \u1f04\u03c1\u03bf\u03c4\u03c1\u03b1 \u03b2\u03ac\u03bb\u03c9.</q>\n            </p>\n         </div1></body></text></TEI.2>"}]}